ISO-10303-21;
HEADER;
/* Generated by software containing ST-Developer
 * from STEP Tools, Inc. (www.steptools.com) 
 */

FILE_DESCRIPTION(
/* description */ (''),
/* implementation_level */ '2;1');

FILE_NAME(
/* name */ 'Bottom_case.step',
/* time_stamp */ '2026-09-11T17:57:36+02:00',
/* author */ (''),
/* organization */ (''),
/* preprocessor_version */ 'ST-DEVELOPER v20.2',
/* originating_system */ 'Autodesk Translation Framework v15.15.0.0',
/* authorisation */ '');

FILE_SCHEMA (('AUTOMOTIVE_DESIGN { 1 0 10303 214 3 1 1 }'));
ENDSEC;

DATA;
#10=MECHANICAL_DESIGN_GEOMETRIC_PRESENTATION_REPRESENTATION('',(#13),#9564);
#11=SHAPE_REPRESENTATION_RELATIONSHIP('SRR','None',#9571,#12);
#12=ADVANCED_BREP_SHAPE_REPRESENTATION('',(#14),#9563);
#13=STYLED_ITEM('',(#9580),#14);
#14=MANIFOLD_SOLID_BREP('Corps1',#3555);
#15=ELLIPSE('',#3772,4.24264068711929,3.);
#16=ELLIPSE('',#3773,4.24264068711929,3.);
#17=ELLIPSE('',#3775,4.24264068711928,3.);
#18=ELLIPSE('',#3776,4.24264068711928,3.);
#19=ELLIPSE('',#3778,4.24264068711928,3.);
#20=ELLIPSE('',#3779,4.24264068711929,3.);
#21=ELLIPSE('',#3784,4.24264068711928,3.);
#22=ELLIPSE('',#3785,4.24264068711928,3.);
#23=ELLIPSE('',#3787,4.24264068711929,3.);
#24=ELLIPSE('',#3789,4.24264068711928,3.);
#25=ELLIPSE('',#3809,4.24264068711929,3.);
#26=ELLIPSE('',#3810,4.24264068711928,3.);
#27=ELLIPSE('',#3812,4.24264068711929,3.);
#28=ELLIPSE('',#3813,4.24264068711929,3.);
#29=FACE_BOUND('',#870,.T.);
#30=FACE_BOUND('',#871,.T.);
#31=FACE_BOUND('',#872,.T.);
#32=FACE_BOUND('',#873,.T.);
#33=FACE_BOUND('',#901,.T.);
#34=FACE_BOUND('',#904,.T.);
#35=FACE_BOUND('',#907,.T.);
#36=FACE_BOUND('',#910,.T.);
#37=FACE_BOUND('',#918,.T.);
#38=FACE_BOUND('',#919,.T.);
#39=FACE_BOUND('',#920,.T.);
#40=FACE_BOUND('',#921,.T.);
#41=FACE_BOUND('',#950,.T.);
#42=FACE_BOUND('',#951,.T.);
#43=FACE_BOUND('',#952,.T.);
#44=FACE_BOUND('',#953,.T.);
#45=FACE_BOUND('',#954,.T.);
#46=FACE_BOUND('',#955,.T.);
#47=FACE_BOUND('',#957,.T.);
#48=FACE_BOUND('',#958,.T.);
#49=FACE_BOUND('',#959,.T.);
#50=FACE_BOUND('',#960,.T.);
#51=FACE_BOUND('',#962,.T.);
#52=FACE_BOUND('',#964,.T.);
#53=FACE_BOUND('',#991,.T.);
#54=FACE_BOUND('',#994,.T.);
#55=FACE_BOUND('',#999,.T.);
#56=FACE_BOUND('',#1000,.T.);
#57=FACE_BOUND('',#1028,.T.);
#58=FACE_BOUND('',#1029,.T.);
#59=FACE_BOUND('',#1030,.T.);
#60=FACE_BOUND('',#1032,.T.);
#61=FACE_BOUND('',#1033,.T.);
#62=FACE_BOUND('',#1034,.T.);
#63=FACE_BOUND('',#1035,.T.);
#64=FACE_BOUND('',#1048,.T.);
#65=FACE_BOUND('',#1051,.T.);
#66=FACE_BOUND('',#1054,.T.);
#67=FACE_BOUND('',#1057,.T.);
#68=FACE_BOUND('',#1059,.T.);
#69=FACE_BOUND('',#1060,.T.);
#70=PLANE('',#3653);
#71=PLANE('',#3657);
#72=PLANE('',#3658);
#73=PLANE('',#3659);
#74=PLANE('',#3660);
#75=PLANE('',#3661);
#76=PLANE('',#3662);
#77=PLANE('',#3663);
#78=PLANE('',#3664);
#79=PLANE('',#3665);
#80=PLANE('',#3666);
#81=PLANE('',#3667);
#82=PLANE('',#3668);
#83=PLANE('',#3669);
#84=PLANE('',#3670);
#85=PLANE('',#3674);
#86=PLANE('',#3679);
#87=PLANE('',#3684);
#88=PLANE('',#3689);
#89=PLANE('',#3691);
#90=PLANE('',#3692);
#91=PLANE('',#3693);
#92=PLANE('',#3694);
#93=PLANE('',#3695);
#94=PLANE('',#3696);
#95=PLANE('',#3697);
#96=PLANE('',#3698);
#97=PLANE('',#3699);
#98=PLANE('',#3700);
#99=PLANE('',#3701);
#100=PLANE('',#3702);
#101=PLANE('',#3703);
#102=PLANE('',#3731);
#103=PLANE('',#3732);
#104=PLANE('',#3735);
#105=PLANE('',#3736);
#106=PLANE('',#3737);
#107=PLANE('',#3738);
#108=PLANE('',#3739);
#109=PLANE('',#3740);
#110=PLANE('',#3741);
#111=PLANE('',#3742);
#112=PLANE('',#3743);
#113=PLANE('',#3744);
#114=PLANE('',#3745);
#115=PLANE('',#3748);
#116=PLANE('',#3752);
#117=PLANE('',#3758);
#118=PLANE('',#3759);
#119=PLANE('',#3760);
#120=PLANE('',#3761);
#121=PLANE('',#3770);
#122=PLANE('',#3781);
#123=PLANE('',#3782);
#124=PLANE('',#3791);
#125=PLANE('',#3792);
#126=PLANE('',#3793);
#127=PLANE('',#3794);
#128=PLANE('',#3795);
#129=PLANE('',#3796);
#130=PLANE('',#3797);
#131=PLANE('',#3798);
#132=PLANE('',#3799);
#133=PLANE('',#3800);
#134=PLANE('',#3803);
#135=PLANE('',#3816);
#136=PLANE('',#3817);
#137=PLANE('',#3818);
#138=PLANE('',#3819);
#139=PLANE('',#3824);
#140=PLANE('',#3827);
#141=PLANE('',#3830);
#142=PLANE('',#3833);
#143=PLANE('',#3834);
#144=PLANE('',#3835);
#145=LINE('',#6526,#366);
#146=LINE('',#6547,#367);
#147=LINE('',#6572,#368);
#148=LINE('',#6676,#369);
#149=LINE('',#6687,#370);
#150=LINE('',#6688,#371);
#151=LINE('',#6689,#372);
#152=LINE('',#6692,#373);
#153=LINE('',#6704,#374);
#154=LINE('',#6741,#375);
#155=LINE('',#6743,#376);
#156=LINE('',#6745,#377);
#157=LINE('',#6746,#378);
#158=LINE('',#6870,#379);
#159=LINE('',#6872,#380);
#160=LINE('',#6873,#381);
#161=LINE('',#7116,#382);
#162=LINE('',#7118,#383);
#163=LINE('',#7119,#384);
#164=LINE('',#7122,#385);
#165=LINE('',#7123,#386);
#166=LINE('',#7126,#387);
#167=LINE('',#7127,#388);
#168=LINE('',#7191,#389);
#169=LINE('',#7284,#390);
#170=LINE('',#7286,#391);
#171=LINE('',#7287,#392);
#172=LINE('',#7351,#393);
#173=LINE('',#7353,#394);
#174=LINE('',#7355,#395);
#175=LINE('',#7356,#396);
#176=LINE('',#7522,#397);
#177=LINE('',#7583,#398);
#178=LINE('',#7584,#399);
#179=LINE('',#7587,#400);
#180=LINE('',#7588,#401);
#181=LINE('',#7591,#402);
#182=LINE('',#7592,#403);
#183=LINE('',#7594,#404);
#184=LINE('',#7597,#405);
#185=LINE('',#7599,#406);
#186=LINE('',#7600,#407);
#187=LINE('',#7602,#408);
#188=LINE('',#7604,#409);
#189=LINE('',#7609,#410);
#190=LINE('',#7618,#411);
#191=LINE('',#7627,#412);
#192=LINE('',#7636,#413);
#193=LINE('',#7644,#414);
#194=LINE('',#7646,#415);
#195=LINE('',#7648,#416);
#196=LINE('',#7650,#417);
#197=LINE('',#7652,#418);
#198=LINE('',#7653,#419);
#199=LINE('',#7656,#420);
#200=LINE('',#7658,#421);
#201=LINE('',#7659,#422);
#202=LINE('',#7662,#423);
#203=LINE('',#7664,#424);
#204=LINE('',#7665,#425);
#205=LINE('',#7668,#426);
#206=LINE('',#7669,#427);
#207=LINE('',#7671,#428);
#208=LINE('',#7674,#429);
#209=LINE('',#7675,#430);
#210=LINE('',#7676,#431);
#211=LINE('',#7677,#432);
#212=LINE('',#7680,#433);
#213=LINE('',#7682,#434);
#214=LINE('',#7684,#435);
#215=LINE('',#7686,#436);
#216=LINE('',#7688,#437);
#217=LINE('',#7690,#438);
#218=LINE('',#7692,#439);
#219=LINE('',#7694,#440);
#220=LINE('',#7695,#441);
#221=LINE('',#7698,#442);
#222=LINE('',#7700,#443);
#223=LINE('',#7702,#444);
#224=LINE('',#7703,#445);
#225=LINE('',#7706,#446);
#226=LINE('',#7708,#447);
#227=LINE('',#7710,#448);
#228=LINE('',#7711,#449);
#229=LINE('',#7714,#450);
#230=LINE('',#7716,#451);
#231=LINE('',#7718,#452);
#232=LINE('',#7719,#453);
#233=LINE('',#7722,#454);
#234=LINE('',#7724,#455);
#235=LINE('',#7726,#456);
#236=LINE('',#7727,#457);
#237=LINE('',#7730,#458);
#238=LINE('',#7732,#459);
#239=LINE('',#7734,#460);
#240=LINE('',#7736,#461);
#241=LINE('',#7737,#462);
#242=LINE('',#7740,#463);
#243=LINE('',#7742,#464);
#244=LINE('',#7743,#465);
#245=LINE('',#7746,#466);
#246=LINE('',#7747,#467);
#247=LINE('',#7750,#468);
#248=LINE('',#7751,#469);
#249=LINE('',#7753,#470);
#250=LINE('',#7755,#471);
#251=LINE('',#7872,#472);
#252=LINE('',#7952,#473);
#253=LINE('',#7953,#474);
#254=LINE('',#8033,#475);
#255=LINE('',#8035,#476);
#256=LINE('',#8076,#477);
#257=LINE('',#8077,#478);
#258=LINE('',#8079,#479);
#259=LINE('',#8080,#480);
#260=LINE('',#8082,#481);
#261=LINE('',#8083,#482);
#262=LINE('',#8085,#483);
#263=LINE('',#8086,#484);
#264=LINE('',#8088,#485);
#265=LINE('',#8089,#486);
#266=LINE('',#8091,#487);
#267=LINE('',#8092,#488);
#268=LINE('',#8094,#489);
#269=LINE('',#8096,#490);
#270=LINE('',#8097,#491);
#271=LINE('',#8228,#492);
#272=LINE('',#8230,#493);
#273=LINE('',#8232,#494);
#274=LINE('',#8234,#495);
#275=LINE('',#8236,#496);
#276=LINE('',#8238,#497);
#277=LINE('',#8240,#498);
#278=LINE('',#8241,#499);
#279=LINE('',#8245,#500);
#280=LINE('',#8246,#501);
#281=LINE('',#8247,#502);
#282=LINE('',#8509,#503);
#283=LINE('',#8510,#504);
#284=LINE('',#8512,#505);
#285=LINE('',#8514,#506);
#286=LINE('',#9330,#507);
#287=LINE('',#9337,#508);
#288=LINE('',#9345,#509);
#289=LINE('',#9349,#510);
#290=LINE('',#9353,#511);
#291=LINE('',#9355,#512);
#292=LINE('',#9357,#513);
#293=LINE('',#9358,#514);
#294=LINE('',#9361,#515);
#295=LINE('',#9363,#516);
#296=LINE('',#9364,#517);
#297=LINE('',#9367,#518);
#298=LINE('',#9369,#519);
#299=LINE('',#9370,#520);
#300=LINE('',#9373,#521);
#301=LINE('',#9375,#522);
#302=LINE('',#9377,#523);
#303=LINE('',#9378,#524);
#304=LINE('',#9381,#525);
#305=LINE('',#9386,#526);
#306=LINE('',#9390,#527);
#307=LINE('',#9394,#528);
#308=LINE('',#9396,#529);
#309=LINE('',#9401,#530);
#310=LINE('',#9408,#531);
#311=LINE('',#9414,#532);
#312=LINE('',#9415,#533);
#313=LINE('',#9417,#534);
#314=LINE('',#9420,#535);
#315=LINE('',#9422,#536);
#316=LINE('',#9423,#537);
#317=LINE('',#9426,#538);
#318=LINE('',#9427,#539);
#319=LINE('',#9432,#540);
#320=LINE('',#9437,#541);
#321=LINE('',#9440,#542);
#322=LINE('',#9443,#543);
#323=LINE('',#9446,#544);
#324=LINE('',#9448,#545);
#325=LINE('',#9449,#546);
#326=LINE('',#9452,#547);
#327=LINE('',#9453,#548);
#328=LINE('',#9456,#549);
#329=LINE('',#9457,#550);
#330=LINE('',#9459,#551);
#331=LINE('',#9462,#552);
#332=LINE('',#9463,#553);
#333=LINE('',#9465,#554);
#334=LINE('',#9469,#555);
#335=LINE('',#9471,#556);
#336=LINE('',#9473,#557);
#337=LINE('',#9474,#558);
#338=LINE('',#9477,#559);
#339=LINE('',#9479,#560);
#340=LINE('',#9480,#561);
#341=LINE('',#9482,#562);
#342=LINE('',#9484,#563);
#343=LINE('',#9485,#564);
#344=LINE('',#9487,#565);
#345=LINE('',#9489,#566);
#346=LINE('',#9491,#567);
#347=LINE('',#9492,#568);
#348=LINE('',#9493,#569);
#349=LINE('',#9500,#570);
#350=LINE('',#9501,#571);
#351=LINE('',#9514,#572);
#352=LINE('',#9520,#573);
#353=LINE('',#9523,#574);
#354=LINE('',#9525,#575);
#355=LINE('',#9527,#576);
#356=LINE('',#9528,#577);
#357=LINE('',#9530,#578);
#358=LINE('',#9532,#579);
#359=LINE('',#9535,#580);
#360=LINE('',#9537,#581);
#361=LINE('',#9540,#582);
#362=LINE('',#9545,#583);
#363=LINE('',#9550,#584);
#364=LINE('',#9555,#585);
#365=LINE('',#9559,#586);
#366=VECTOR('',#4002,10.);
#367=VECTOR('',#4003,10.);
#368=VECTOR('',#4008,10.);
#369=VECTOR('',#4009,10.);
#370=VECTOR('',#4012,10.);
#371=VECTOR('',#4013,10.);
#372=VECTOR('',#4014,10.);
#373=VECTOR('',#4017,10.);
#374=VECTOR('',#4018,10.);
#375=VECTOR('',#4023,10.);
#376=VECTOR('',#4024,10.);
#377=VECTOR('',#4025,10.);
#378=VECTOR('',#4026,10.);
#379=VECTOR('',#4029,10.);
#380=VECTOR('',#4030,10.);
#381=VECTOR('',#4031,10.);
#382=VECTOR('',#4034,10.);
#383=VECTOR('',#4035,10.);
#384=VECTOR('',#4036,10.);
#385=VECTOR('',#4039,10.);
#386=VECTOR('',#4040,10.);
#387=VECTOR('',#4043,10.);
#388=VECTOR('',#4044,10.);
#389=VECTOR('',#4047,10.);
#390=VECTOR('',#4050,10.);
#391=VECTOR('',#4051,10.);
#392=VECTOR('',#4052,10.);
#393=VECTOR('',#4055,10.);
#394=VECTOR('',#4056,10.);
#395=VECTOR('',#4057,10.);
#396=VECTOR('',#4058,10.);
#397=VECTOR('',#4059,10.);
#398=VECTOR('',#4062,10.);
#399=VECTOR('',#4063,10.);
#400=VECTOR('',#4066,10.);
#401=VECTOR('',#4067,10.);
#402=VECTOR('',#4070,10.);
#403=VECTOR('',#4071,10.);
#404=VECTOR('',#4074,10.);
#405=VECTOR('',#4077,10.);
#406=VECTOR('',#4078,10.);
#407=VECTOR('',#4079,10.);
#408=VECTOR('',#4082,10.);
#409=VECTOR('',#4085,10.);
#410=VECTOR('',#4090,1.5);
#411=VECTOR('',#4101,1.5);
#412=VECTOR('',#4112,1.5);
#413=VECTOR('',#4123,1.5);
#414=VECTOR('',#4132,10.);
#415=VECTOR('',#4133,10.);
#416=VECTOR('',#4134,10.);
#417=VECTOR('',#4135,10.);
#418=VECTOR('',#4136,10.);
#419=VECTOR('',#4137,10.);
#420=VECTOR('',#4140,10.);
#421=VECTOR('',#4141,10.);
#422=VECTOR('',#4142,10.);
#423=VECTOR('',#4145,10.);
#424=VECTOR('',#4146,10.);
#425=VECTOR('',#4147,10.);
#426=VECTOR('',#4150,10.);
#427=VECTOR('',#4151,10.);
#428=VECTOR('',#4154,10.);
#429=VECTOR('',#4157,10.);
#430=VECTOR('',#4158,10.);
#431=VECTOR('',#4159,10.);
#432=VECTOR('',#4160,10.);
#433=VECTOR('',#4163,10.);
#434=VECTOR('',#4164,10.);
#435=VECTOR('',#4165,10.);
#436=VECTOR('',#4166,10.);
#437=VECTOR('',#4167,10.);
#438=VECTOR('',#4168,10.);
#439=VECTOR('',#4169,10.);
#440=VECTOR('',#4170,10.);
#441=VECTOR('',#4171,10.);
#442=VECTOR('',#4172,10.);
#443=VECTOR('',#4173,10.);
#444=VECTOR('',#4174,10.);
#445=VECTOR('',#4175,10.);
#446=VECTOR('',#4176,10.);
#447=VECTOR('',#4177,10.);
#448=VECTOR('',#4178,10.);
#449=VECTOR('',#4179,10.);
#450=VECTOR('',#4180,10.);
#451=VECTOR('',#4181,10.);
#452=VECTOR('',#4182,10.);
#453=VECTOR('',#4183,10.);
#454=VECTOR('',#4184,10.);
#455=VECTOR('',#4185,10.);
#456=VECTOR('',#4186,10.);
#457=VECTOR('',#4187,10.);
#458=VECTOR('',#4190,10.);
#459=VECTOR('',#4191,10.);
#460=VECTOR('',#4192,10.);
#461=VECTOR('',#4193,10.);
#462=VECTOR('',#4194,10.);
#463=VECTOR('',#4197,10.);
#464=VECTOR('',#4198,10.);
#465=VECTOR('',#4199,10.);
#466=VECTOR('',#4202,10.);
#467=VECTOR('',#4203,10.);
#468=VECTOR('',#4206,10.);
#469=VECTOR('',#4207,10.);
#470=VECTOR('',#4210,10.);
#471=VECTOR('',#4213,10.);
#472=VECTOR('',#4226,10.);
#473=VECTOR('',#4237,10.);
#474=VECTOR('',#4238,10.);
#475=VECTOR('',#4249,10.);
#476=VECTOR('',#4252,10.);
#477=VECTOR('',#4259,10.);
#478=VECTOR('',#4260,10.);
#479=VECTOR('',#4263,10.);
#480=VECTOR('',#4264,10.);
#481=VECTOR('',#4267,10.);
#482=VECTOR('',#4268,10.);
#483=VECTOR('',#4271,10.);
#484=VECTOR('',#4272,10.);
#485=VECTOR('',#4275,10.);
#486=VECTOR('',#4276,10.);
#487=VECTOR('',#4279,10.);
#488=VECTOR('',#4280,10.);
#489=VECTOR('',#4283,10.);
#490=VECTOR('',#4286,10.);
#491=VECTOR('',#4287,10.);
#492=VECTOR('',#4300,10.);
#493=VECTOR('',#4301,10.);
#494=VECTOR('',#4302,10.);
#495=VECTOR('',#4303,10.);
#496=VECTOR('',#4304,10.);
#497=VECTOR('',#4305,10.);
#498=VECTOR('',#4306,10.);
#499=VECTOR('',#4307,10.);
#500=VECTOR('',#4310,10.);
#501=VECTOR('',#4311,10.);
#502=VECTOR('',#4312,10.);
#503=VECTOR('',#4315,10.);
#504=VECTOR('',#4316,10.);
#505=VECTOR('',#4319,10.);
#506=VECTOR('',#4322,10.);
#507=VECTOR('',#4335,1.5);
#508=VECTOR('',#4344,1.5);
#509=VECTOR('',#4355,1.1);
#510=VECTOR('',#4360,1.1);
#511=VECTOR('',#4363,10.);
#512=VECTOR('',#4364,10.);
#513=VECTOR('',#4365,10.);
#514=VECTOR('',#4366,10.);
#515=VECTOR('',#4369,10.);
#516=VECTOR('',#4370,10.);
#517=VECTOR('',#4371,10.);
#518=VECTOR('',#4374,10.);
#519=VECTOR('',#4375,10.);
#520=VECTOR('',#4376,10.);
#521=VECTOR('',#4379,10.);
#522=VECTOR('',#4380,10.);
#523=VECTOR('',#4381,10.);
#524=VECTOR('',#4382,10.);
#525=VECTOR('',#4385,1.1);
#526=VECTOR('',#4392,1.1);
#527=VECTOR('',#4397,1.1);
#528=VECTOR('',#4402,1.1);
#529=VECTOR('',#4405,10.);
#530=VECTOR('',#4410,10.);
#531=VECTOR('',#4419,10.);
#532=VECTOR('',#4426,10.);
#533=VECTOR('',#4427,10.);
#534=VECTOR('',#4430,10.);
#535=VECTOR('',#4433,10.);
#536=VECTOR('',#4434,10.);
#537=VECTOR('',#4435,10.);
#538=VECTOR('',#4438,10.);
#539=VECTOR('',#4439,10.);
#540=VECTOR('',#4444,10.);
#541=VECTOR('',#4451,10.);
#542=VECTOR('',#4454,10.);
#543=VECTOR('',#4459,10.);
#544=VECTOR('',#4462,10.);
#545=VECTOR('',#4463,10.);
#546=VECTOR('',#4464,10.);
#547=VECTOR('',#4467,10.);
#548=VECTOR('',#4468,10.);
#549=VECTOR('',#4471,10.);
#550=VECTOR('',#4472,10.);
#551=VECTOR('',#4475,10.);
#552=VECTOR('',#4478,10.);
#553=VECTOR('',#4479,10.);
#554=VECTOR('',#4482,10.);
#555=VECTOR('',#4485,10.);
#556=VECTOR('',#4486,10.);
#557=VECTOR('',#4487,10.);
#558=VECTOR('',#4488,10.);
#559=VECTOR('',#4491,10.);
#560=VECTOR('',#4492,10.);
#561=VECTOR('',#4493,10.);
#562=VECTOR('',#4496,10.);
#563=VECTOR('',#4497,10.);
#564=VECTOR('',#4498,10.);
#565=VECTOR('',#4501,10.);
#566=VECTOR('',#4502,10.);
#567=VECTOR('',#4503,10.);
#568=VECTOR('',#4504,10.);
#569=VECTOR('',#4505,10.);
#570=VECTOR('',#4512,10.);
#571=VECTOR('',#4513,10.);
#572=VECTOR('',#4526,10.);
#573=VECTOR('',#4533,10.);
#574=VECTOR('',#4538,10.);
#575=VECTOR('',#4541,10.);
#576=VECTOR('',#4544,10.);
#577=VECTOR('',#4545,10.);
#578=VECTOR('',#4548,10.);
#579=VECTOR('',#4551,10.);
#580=VECTOR('',#4556,4.5);
#581=VECTOR('',#4559,4.5);
#582=VECTOR('',#4562,3.);
#583=VECTOR('',#4569,3.);
#584=VECTOR('',#4576,3.);
#585=VECTOR('',#4583,3.);
#586=VECTOR('',#4590,10.);
#587=CYLINDRICAL_SURFACE('',#3649,3.);
#588=CYLINDRICAL_SURFACE('',#3652,3.);
#589=CYLINDRICAL_SURFACE('',#3671,1.5);
#590=CYLINDRICAL_SURFACE('',#3676,1.5);
#591=CYLINDRICAL_SURFACE('',#3681,1.5);
#592=CYLINDRICAL_SURFACE('',#3686,1.5);
#593=CYLINDRICAL_SURFACE('',#3709,3.);
#594=CYLINDRICAL_SURFACE('',#3714,3.);
#595=CYLINDRICAL_SURFACE('',#3719,3.);
#596=CYLINDRICAL_SURFACE('',#3720,3.);
#597=CYLINDRICAL_SURFACE('',#3723,3.);
#598=CYLINDRICAL_SURFACE('',#3724,3.);
#599=CYLINDRICAL_SURFACE('',#3725,3.);
#600=CYLINDRICAL_SURFACE('',#3726,3.);
#601=CYLINDRICAL_SURFACE('',#3727,3.);
#602=CYLINDRICAL_SURFACE('',#3728,3.);
#603=CYLINDRICAL_SURFACE('',#3729,3.);
#604=CYLINDRICAL_SURFACE('',#3730,3.);
#605=CYLINDRICAL_SURFACE('',#3746,1.5);
#606=CYLINDRICAL_SURFACE('',#3750,1.5);
#607=CYLINDRICAL_SURFACE('',#3754,1.1);
#608=CYLINDRICAL_SURFACE('',#3756,1.1);
#609=CYLINDRICAL_SURFACE('',#3762,1.1);
#610=CYLINDRICAL_SURFACE('',#3764,1.1);
#611=CYLINDRICAL_SURFACE('',#3766,1.1);
#612=CYLINDRICAL_SURFACE('',#3768,1.1);
#613=CYLINDRICAL_SURFACE('',#3771,3.);
#614=CYLINDRICAL_SURFACE('',#3774,3.);
#615=CYLINDRICAL_SURFACE('',#3777,3.);
#616=CYLINDRICAL_SURFACE('',#3780,3.);
#617=CYLINDRICAL_SURFACE('',#3783,3.);
#618=CYLINDRICAL_SURFACE('',#3786,3.);
#619=CYLINDRICAL_SURFACE('',#3788,3.);
#620=CYLINDRICAL_SURFACE('',#3790,3.);
#621=CYLINDRICAL_SURFACE('',#3808,3.);
#622=CYLINDRICAL_SURFACE('',#3811,3.);
#623=CYLINDRICAL_SURFACE('',#3814,3.);
#624=CYLINDRICAL_SURFACE('',#3815,3.);
#625=CYLINDRICAL_SURFACE('',#3820,4.5);
#626=CYLINDRICAL_SURFACE('',#3821,4.5);
#627=CYLINDRICAL_SURFACE('',#3822,3.);
#628=CYLINDRICAL_SURFACE('',#3825,3.);
#629=CYLINDRICAL_SURFACE('',#3828,3.);
#630=CYLINDRICAL_SURFACE('',#3831,3.);
#631=FACE_OUTER_BOUND('',#826,.T.);
#632=FACE_OUTER_BOUND('',#827,.T.);
#633=FACE_OUTER_BOUND('',#828,.T.);
#634=FACE_OUTER_BOUND('',#829,.T.);
#635=FACE_OUTER_BOUND('',#830,.T.);
#636=FACE_OUTER_BOUND('',#831,.T.);
#637=FACE_OUTER_BOUND('',#832,.T.);
#638=FACE_OUTER_BOUND('',#833,.T.);
#639=FACE_OUTER_BOUND('',#834,.T.);
#640=FACE_OUTER_BOUND('',#835,.T.);
#641=FACE_OUTER_BOUND('',#836,.T.);
#642=FACE_OUTER_BOUND('',#837,.T.);
#643=FACE_OUTER_BOUND('',#838,.T.);
#644=FACE_OUTER_BOUND('',#839,.T.);
#645=FACE_OUTER_BOUND('',#840,.T.);
#646=FACE_OUTER_BOUND('',#841,.T.);
#647=FACE_OUTER_BOUND('',#842,.T.);
#648=FACE_OUTER_BOUND('',#843,.T.);
#649=FACE_OUTER_BOUND('',#844,.T.);
#650=FACE_OUTER_BOUND('',#845,.T.);
#651=FACE_OUTER_BOUND('',#846,.T.);
#652=FACE_OUTER_BOUND('',#847,.T.);
#653=FACE_OUTER_BOUND('',#848,.T.);
#654=FACE_OUTER_BOUND('',#849,.T.);
#655=FACE_OUTER_BOUND('',#850,.T.);
#656=FACE_OUTER_BOUND('',#851,.T.);
#657=FACE_OUTER_BOUND('',#852,.T.);
#658=FACE_OUTER_BOUND('',#853,.T.);
#659=FACE_OUTER_BOUND('',#854,.T.);
#660=FACE_OUTER_BOUND('',#855,.T.);
#661=FACE_OUTER_BOUND('',#856,.T.);
#662=FACE_OUTER_BOUND('',#857,.T.);
#663=FACE_OUTER_BOUND('',#858,.T.);
#664=FACE_OUTER_BOUND('',#859,.T.);
#665=FACE_OUTER_BOUND('',#860,.T.);
#666=FACE_OUTER_BOUND('',#861,.T.);
#667=FACE_OUTER_BOUND('',#862,.T.);
#668=FACE_OUTER_BOUND('',#863,.T.);
#669=FACE_OUTER_BOUND('',#864,.T.);
#670=FACE_OUTER_BOUND('',#865,.T.);
#671=FACE_OUTER_BOUND('',#866,.T.);
#672=FACE_OUTER_BOUND('',#867,.T.);
#673=FACE_OUTER_BOUND('',#868,.T.);
#674=FACE_OUTER_BOUND('',#869,.T.);
#675=FACE_OUTER_BOUND('',#874,.T.);
#676=FACE_OUTER_BOUND('',#875,.T.);
#677=FACE_OUTER_BOUND('',#876,.T.);
#678=FACE_OUTER_BOUND('',#877,.T.);
#679=FACE_OUTER_BOUND('',#878,.T.);
#680=FACE_OUTER_BOUND('',#879,.T.);
#681=FACE_OUTER_BOUND('',#880,.T.);
#682=FACE_OUTER_BOUND('',#881,.T.);
#683=FACE_OUTER_BOUND('',#882,.T.);
#684=FACE_OUTER_BOUND('',#883,.T.);
#685=FACE_OUTER_BOUND('',#884,.T.);
#686=FACE_OUTER_BOUND('',#885,.T.);
#687=FACE_OUTER_BOUND('',#886,.T.);
#688=FACE_OUTER_BOUND('',#887,.T.);
#689=FACE_OUTER_BOUND('',#888,.T.);
#690=FACE_OUTER_BOUND('',#889,.T.);
#691=FACE_OUTER_BOUND('',#890,.T.);
#692=FACE_OUTER_BOUND('',#891,.T.);
#693=FACE_OUTER_BOUND('',#892,.T.);
#694=FACE_OUTER_BOUND('',#893,.T.);
#695=FACE_OUTER_BOUND('',#894,.T.);
#696=FACE_OUTER_BOUND('',#895,.T.);
#697=FACE_OUTER_BOUND('',#896,.T.);
#698=FACE_OUTER_BOUND('',#897,.T.);
#699=FACE_OUTER_BOUND('',#898,.T.);
#700=FACE_OUTER_BOUND('',#899,.T.);
#701=FACE_OUTER_BOUND('',#900,.T.);
#702=FACE_OUTER_BOUND('',#902,.T.);
#703=FACE_OUTER_BOUND('',#903,.T.);
#704=FACE_OUTER_BOUND('',#905,.T.);
#705=FACE_OUTER_BOUND('',#906,.T.);
#706=FACE_OUTER_BOUND('',#908,.T.);
#707=FACE_OUTER_BOUND('',#909,.T.);
#708=FACE_OUTER_BOUND('',#911,.T.);
#709=FACE_OUTER_BOUND('',#912,.T.);
#710=FACE_OUTER_BOUND('',#913,.T.);
#711=FACE_OUTER_BOUND('',#914,.T.);
#712=FACE_OUTER_BOUND('',#915,.T.);
#713=FACE_OUTER_BOUND('',#916,.T.);
#714=FACE_OUTER_BOUND('',#917,.T.);
#715=FACE_OUTER_BOUND('',#922,.T.);
#716=FACE_OUTER_BOUND('',#923,.T.);
#717=FACE_OUTER_BOUND('',#924,.T.);
#718=FACE_OUTER_BOUND('',#925,.T.);
#719=FACE_OUTER_BOUND('',#926,.T.);
#720=FACE_OUTER_BOUND('',#927,.T.);
#721=FACE_OUTER_BOUND('',#928,.T.);
#722=FACE_OUTER_BOUND('',#929,.T.);
#723=FACE_OUTER_BOUND('',#930,.T.);
#724=FACE_OUTER_BOUND('',#931,.T.);
#725=FACE_OUTER_BOUND('',#932,.T.);
#726=FACE_OUTER_BOUND('',#933,.T.);
#727=FACE_OUTER_BOUND('',#934,.T.);
#728=FACE_OUTER_BOUND('',#935,.T.);
#729=FACE_OUTER_BOUND('',#936,.T.);
#730=FACE_OUTER_BOUND('',#937,.T.);
#731=FACE_OUTER_BOUND('',#938,.T.);
#732=FACE_OUTER_BOUND('',#939,.T.);
#733=FACE_OUTER_BOUND('',#940,.T.);
#734=FACE_OUTER_BOUND('',#941,.T.);
#735=FACE_OUTER_BOUND('',#942,.T.);
#736=FACE_OUTER_BOUND('',#943,.T.);
#737=FACE_OUTER_BOUND('',#944,.T.);
#738=FACE_OUTER_BOUND('',#945,.T.);
#739=FACE_OUTER_BOUND('',#946,.T.);
#740=FACE_OUTER_BOUND('',#947,.T.);
#741=FACE_OUTER_BOUND('',#948,.T.);
#742=FACE_OUTER_BOUND('',#949,.T.);
#743=FACE_OUTER_BOUND('',#956,.T.);
#744=FACE_OUTER_BOUND('',#961,.T.);
#745=FACE_OUTER_BOUND('',#963,.T.);
#746=FACE_OUTER_BOUND('',#965,.T.);
#747=FACE_OUTER_BOUND('',#966,.T.);
#748=FACE_OUTER_BOUND('',#967,.T.);
#749=FACE_OUTER_BOUND('',#968,.T.);
#750=FACE_OUTER_BOUND('',#969,.T.);
#751=FACE_OUTER_BOUND('',#970,.T.);
#752=FACE_OUTER_BOUND('',#971,.T.);
#753=FACE_OUTER_BOUND('',#972,.T.);
#754=FACE_OUTER_BOUND('',#973,.T.);
#755=FACE_OUTER_BOUND('',#974,.T.);
#756=FACE_OUTER_BOUND('',#975,.T.);
#757=FACE_OUTER_BOUND('',#976,.T.);
#758=FACE_OUTER_BOUND('',#977,.T.);
#759=FACE_OUTER_BOUND('',#978,.T.);
#760=FACE_OUTER_BOUND('',#979,.T.);
#761=FACE_OUTER_BOUND('',#980,.T.);
#762=FACE_OUTER_BOUND('',#981,.T.);
#763=FACE_OUTER_BOUND('',#982,.T.);
#764=FACE_OUTER_BOUND('',#983,.T.);
#765=FACE_OUTER_BOUND('',#984,.T.);
#766=FACE_OUTER_BOUND('',#985,.T.);
#767=FACE_OUTER_BOUND('',#986,.T.);
#768=FACE_OUTER_BOUND('',#987,.T.);
#769=FACE_OUTER_BOUND('',#988,.T.);
#770=FACE_OUTER_BOUND('',#989,.T.);
#771=FACE_OUTER_BOUND('',#990,.T.);
#772=FACE_OUTER_BOUND('',#992,.T.);
#773=FACE_OUTER_BOUND('',#993,.T.);
#774=FACE_OUTER_BOUND('',#995,.T.);
#775=FACE_OUTER_BOUND('',#996,.T.);
#776=FACE_OUTER_BOUND('',#997,.T.);
#777=FACE_OUTER_BOUND('',#998,.T.);
#778=FACE_OUTER_BOUND('',#1001,.T.);
#779=FACE_OUTER_BOUND('',#1002,.T.);
#780=FACE_OUTER_BOUND('',#1003,.T.);
#781=FACE_OUTER_BOUND('',#1004,.T.);
#782=FACE_OUTER_BOUND('',#1005,.T.);
#783=FACE_OUTER_BOUND('',#1006,.T.);
#784=FACE_OUTER_BOUND('',#1007,.T.);
#785=FACE_OUTER_BOUND('',#1008,.T.);
#786=FACE_OUTER_BOUND('',#1009,.T.);
#787=FACE_OUTER_BOUND('',#1010,.T.);
#788=FACE_OUTER_BOUND('',#1011,.T.);
#789=FACE_OUTER_BOUND('',#1012,.T.);
#790=FACE_OUTER_BOUND('',#1013,.T.);
#791=FACE_OUTER_BOUND('',#1014,.T.);
#792=FACE_OUTER_BOUND('',#1015,.T.);
#793=FACE_OUTER_BOUND('',#1016,.T.);
#794=FACE_OUTER_BOUND('',#1017,.T.);
#795=FACE_OUTER_BOUND('',#1018,.T.);
#796=FACE_OUTER_BOUND('',#1019,.T.);
#797=FACE_OUTER_BOUND('',#1020,.T.);
#798=FACE_OUTER_BOUND('',#1021,.T.);
#799=FACE_OUTER_BOUND('',#1022,.T.);
#800=FACE_OUTER_BOUND('',#1023,.T.);
#801=FACE_OUTER_BOUND('',#1024,.T.);
#802=FACE_OUTER_BOUND('',#1025,.T.);
#803=FACE_OUTER_BOUND('',#1026,.T.);
#804=FACE_OUTER_BOUND('',#1027,.T.);
#805=FACE_OUTER_BOUND('',#1031,.T.);
#806=FACE_OUTER_BOUND('',#1036,.T.);
#807=FACE_OUTER_BOUND('',#1037,.T.);
#808=FACE_OUTER_BOUND('',#1038,.T.);
#809=FACE_OUTER_BOUND('',#1039,.T.);
#810=FACE_OUTER_BOUND('',#1040,.T.);
#811=FACE_OUTER_BOUND('',#1041,.T.);
#812=FACE_OUTER_BOUND('',#1042,.T.);
#813=FACE_OUTER_BOUND('',#1043,.T.);
#814=FACE_OUTER_BOUND('',#1044,.T.);
#815=FACE_OUTER_BOUND('',#1045,.T.);
#816=FACE_OUTER_BOUND('',#1046,.T.);
#817=FACE_OUTER_BOUND('',#1047,.T.);
#818=FACE_OUTER_BOUND('',#1049,.T.);
#819=FACE_OUTER_BOUND('',#1050,.T.);
#820=FACE_OUTER_BOUND('',#1052,.T.);
#821=FACE_OUTER_BOUND('',#1053,.T.);
#822=FACE_OUTER_BOUND('',#1055,.T.);
#823=FACE_OUTER_BOUND('',#1056,.T.);
#824=FACE_OUTER_BOUND('',#1058,.T.);
#825=FACE_OUTER_BOUND('',#1061,.T.);
#826=EDGE_LOOP('',(#2226,#2227,#2228,#2229));
#827=EDGE_LOOP('',(#2230,#2231,#2232,#2233));
#828=EDGE_LOOP('',(#2234,#2235,#2236,#2237));
#829=EDGE_LOOP('',(#2238,#2239,#2240,#2241));
#830=EDGE_LOOP('',(#2242,#2243,#2244,#2245));
#831=EDGE_LOOP('',(#2246,#2247,#2248,#2249));
#832=EDGE_LOOP('',(#2250,#2251,#2252,#2253));
#833=EDGE_LOOP('',(#2254,#2255,#2256,#2257,#2258));
#834=EDGE_LOOP('',(#2259,#2260,#2261,#2262,#2263,#2264));
#835=EDGE_LOOP('',(#2265,#2266,#2267,#2268));
#836=EDGE_LOOP('',(#2269,#2270,#2271,#2272));
#837=EDGE_LOOP('',(#2273,#2274,#2275,#2276));
#838=EDGE_LOOP('',(#2277,#2278,#2279,#2280));
#839=EDGE_LOOP('',(#2281,#2282,#2283,#2284));
#840=EDGE_LOOP('',(#2285,#2286,#2287,#2288));
#841=EDGE_LOOP('',(#2289,#2290,#2291,#2292));
#842=EDGE_LOOP('',(#2293,#2294,#2295,#2296));
#843=EDGE_LOOP('',(#2297,#2298,#2299,#2300));
#844=EDGE_LOOP('',(#2301,#2302,#2303,#2304));
#845=EDGE_LOOP('',(#2305,#2306,#2307,#2308));
#846=EDGE_LOOP('',(#2309,#2310,#2311,#2312));
#847=EDGE_LOOP('',(#2313,#2314,#2315,#2316));
#848=EDGE_LOOP('',(#2317,#2318,#2319,#2320));
#849=EDGE_LOOP('',(#2321,#2322,#2323,#2324));
#850=EDGE_LOOP('',(#2325,#2326,#2327,#2328));
#851=EDGE_LOOP('',(#2329,#2330,#2331,#2332));
#852=EDGE_LOOP('',(#2333,#2334,#2335,#2336));
#853=EDGE_LOOP('',(#2337,#2338,#2339,#2340));
#854=EDGE_LOOP('',(#2341,#2342,#2343,#2344));
#855=EDGE_LOOP('',(#2345,#2346,#2347,#2348));
#856=EDGE_LOOP('',(#2349,#2350,#2351,#2352));
#857=EDGE_LOOP('',(#2353,#2354,#2355,#2356));
#858=EDGE_LOOP('',(#2357,#2358,#2359,#2360));
#859=EDGE_LOOP('',(#2361,#2362,#2363,#2364));
#860=EDGE_LOOP('',(#2365,#2366,#2367,#2368));
#861=EDGE_LOOP('',(#2369,#2370,#2371,#2372));
#862=EDGE_LOOP('',(#2373,#2374,#2375,#2376));
#863=EDGE_LOOP('',(#2377,#2378,#2379,#2380));
#864=EDGE_LOOP('',(#2381,#2382,#2383,#2384));
#865=EDGE_LOOP('',(#2385,#2386,#2387,#2388));
#866=EDGE_LOOP('',(#2389,#2390,#2391,#2392,#2393));
#867=EDGE_LOOP('',(#2394,#2395,#2396,#2397));
#868=EDGE_LOOP('',(#2398,#2399,#2400,#2401,#2402,#2403,#2404));
#869=EDGE_LOOP('',(#2405,#2406,#2407,#2408,#2409,#2410,#2411,#2412,#2413,
#2414,#2415,#2416,#2417,#2418,#2419,#2420,#2421,#2422,#2423,#2424,#2425,
#2426,#2427,#2428,#2429,#2430));
#870=EDGE_LOOP('',(#2431));
#871=EDGE_LOOP('',(#2432));
#872=EDGE_LOOP('',(#2433,#2434,#2435,#2436));
#873=EDGE_LOOP('',(#2437,#2438,#2439,#2440,#2441,#2442));
#874=EDGE_LOOP('',(#2443,#2444,#2445,#2446,#2447,#2448));
#875=EDGE_LOOP('',(#2449,#2450,#2451,#2452));
#876=EDGE_LOOP('',(#2453,#2454,#2455,#2456,#2457));
#877=EDGE_LOOP('',(#2458,#2459,#2460,#2461));
#878=EDGE_LOOP('',(#2462,#2463,#2464,#2465,#2466));
#879=EDGE_LOOP('',(#2467,#2468,#2469,#2470));
#880=EDGE_LOOP('',(#2471,#2472,#2473,#2474));
#881=EDGE_LOOP('',(#2475,#2476,#2477,#2478));
#882=EDGE_LOOP('',(#2479,#2480,#2481,#2482,#2483,#2484,#2485,#2486));
#883=EDGE_LOOP('',(#2487,#2488,#2489,#2490,#2491,#2492,#2493,#2494));
#884=EDGE_LOOP('',(#2495,#2496,#2497,#2498,#2499,#2500));
#885=EDGE_LOOP('',(#2501,#2502,#2503,#2504,#2505,#2506,#2507,#2508));
#886=EDGE_LOOP('',(#2509,#2510,#2511,#2512,#2513,#2514));
#887=EDGE_LOOP('',(#2515,#2516,#2517,#2518,#2519));
#888=EDGE_LOOP('',(#2520,#2521,#2522,#2523,#2524,#2525,#2526));
#889=EDGE_LOOP('',(#2527,#2528,#2529,#2530));
#890=EDGE_LOOP('',(#2531,#2532,#2533,#2534,#2535,#2536,#2537));
#891=EDGE_LOOP('',(#2538,#2539,#2540,#2541,#2542,#2543,#2544,#2545));
#892=EDGE_LOOP('',(#2546,#2547,#2548,#2549));
#893=EDGE_LOOP('',(#2550,#2551,#2552,#2553));
#894=EDGE_LOOP('',(#2554,#2555,#2556,#2557,#2558,#2559,#2560));
#895=EDGE_LOOP('',(#2561,#2562,#2563,#2564));
#896=EDGE_LOOP('',(#2565,#2566,#2567,#2568));
#897=EDGE_LOOP('',(#2569,#2570,#2571,#2572));
#898=EDGE_LOOP('',(#2573,#2574,#2575,#2576,#2577,#2578,#2579));
#899=EDGE_LOOP('',(#2580,#2581,#2582,#2583));
#900=EDGE_LOOP('',(#2584));
#901=EDGE_LOOP('',(#2585));
#902=EDGE_LOOP('',(#2586,#2587,#2588,#2589));
#903=EDGE_LOOP('',(#2590));
#904=EDGE_LOOP('',(#2591));
#905=EDGE_LOOP('',(#2592,#2593,#2594,#2595));
#906=EDGE_LOOP('',(#2596));
#907=EDGE_LOOP('',(#2597));
#908=EDGE_LOOP('',(#2598,#2599,#2600,#2601));
#909=EDGE_LOOP('',(#2602));
#910=EDGE_LOOP('',(#2603));
#911=EDGE_LOOP('',(#2604,#2605,#2606,#2607,#2608,#2609));
#912=EDGE_LOOP('',(#2610,#2611,#2612,#2613));
#913=EDGE_LOOP('',(#2614,#2615,#2616,#2617));
#914=EDGE_LOOP('',(#2618,#2619,#2620,#2621));
#915=EDGE_LOOP('',(#2622,#2623,#2624,#2625));
#916=EDGE_LOOP('',(#2626,#2627,#2628,#2629,#2630,#2631,#2632,#2633,#2634,
#2635));
#917=EDGE_LOOP('',(#2636,#2637,#2638,#2639,#2640,#2641,#2642,#2643,#2644,
#2645,#2646,#2647));
#918=EDGE_LOOP('',(#2648,#2649,#2650,#2651));
#919=EDGE_LOOP('',(#2652,#2653,#2654,#2655));
#920=EDGE_LOOP('',(#2656,#2657,#2658,#2659));
#921=EDGE_LOOP('',(#2660,#2661,#2662,#2663));
#922=EDGE_LOOP('',(#2664,#2665,#2666,#2667,#2668,#2669));
#923=EDGE_LOOP('',(#2670,#2671,#2672,#2673));
#924=EDGE_LOOP('',(#2674,#2675,#2676,#2677));
#925=EDGE_LOOP('',(#2678,#2679,#2680,#2681));
#926=EDGE_LOOP('',(#2682,#2683,#2684,#2685));
#927=EDGE_LOOP('',(#2686,#2687,#2688,#2689,#2690,#2691));
#928=EDGE_LOOP('',(#2692,#2693,#2694,#2695));
#929=EDGE_LOOP('',(#2696,#2697,#2698,#2699));
#930=EDGE_LOOP('',(#2700,#2701,#2702,#2703));
#931=EDGE_LOOP('',(#2704,#2705,#2706,#2707,#2708,#2709));
#932=EDGE_LOOP('',(#2710,#2711,#2712,#2713));
#933=EDGE_LOOP('',(#2714,#2715,#2716,#2717));
#934=EDGE_LOOP('',(#2718,#2719,#2720,#2721,#2722,#2723));
#935=EDGE_LOOP('',(#2724,#2725,#2726,#2727));
#936=EDGE_LOOP('',(#2728,#2729,#2730,#2731));
#937=EDGE_LOOP('',(#2732,#2733,#2734,#2735,#2736,#2737));
#938=EDGE_LOOP('',(#2738,#2739,#2740,#2741,#2742,#2743));
#939=EDGE_LOOP('',(#2744,#2745,#2746,#2747));
#940=EDGE_LOOP('',(#2748,#2749,#2750,#2751,#2752,#2753));
#941=EDGE_LOOP('',(#2754,#2755,#2756,#2757,#2758,#2759));
#942=EDGE_LOOP('',(#2760,#2761,#2762,#2763,#2764,#2765));
#943=EDGE_LOOP('',(#2766,#2767,#2768,#2769,#2770,#2771));
#944=EDGE_LOOP('',(#2772,#2773,#2774,#2775,#2776,#2777));
#945=EDGE_LOOP('',(#2778,#2779,#2780,#2781,#2782,#2783));
#946=EDGE_LOOP('',(#2784,#2785,#2786,#2787,#2788,#2789));
#947=EDGE_LOOP('',(#2790,#2791,#2792,#2793,#2794,#2795));
#948=EDGE_LOOP('',(#2796,#2797,#2798,#2799,#2800,#2801,#2802,#2803,#2804,
#2805,#2806,#2807));
#949=EDGE_LOOP('',(#2808,#2809,#2810,#2811,#2812,#2813,#2814,#2815,#2816,
#2817,#2818,#2819));
#950=EDGE_LOOP('',(#2820));
#951=EDGE_LOOP('',(#2821));
#952=EDGE_LOOP('',(#2822));
#953=EDGE_LOOP('',(#2823));
#954=EDGE_LOOP('',(#2824));
#955=EDGE_LOOP('',(#2825));
#956=EDGE_LOOP('',(#2826,#2827,#2828,#2829,#2830,#2831,#2832,#2833,#2834,
#2835,#2836,#2837));
#957=EDGE_LOOP('',(#2838,#2839,#2840,#2841));
#958=EDGE_LOOP('',(#2842,#2843,#2844,#2845,#2846,#2847,#2848,#2849));
#959=EDGE_LOOP('',(#2850,#2851,#2852,#2853,#2854,#2855));
#960=EDGE_LOOP('',(#2856,#2857,#2858,#2859,#2860,#2861));
#961=EDGE_LOOP('',(#2862,#2863,#2864,#2865,#2866,#2867,#2868,#2869,#2870,
#2871,#2872,#2873));
#962=EDGE_LOOP('',(#2874,#2875,#2876,#2877,#2878,#2879,#2880,#2881));
#963=EDGE_LOOP('',(#2882,#2883,#2884,#2885,#2886,#2887,#2888,#2889,#2890,
#2891,#2892,#2893));
#964=EDGE_LOOP('',(#2894,#2895,#2896,#2897));
#965=EDGE_LOOP('',(#2898,#2899,#2900,#2901));
#966=EDGE_LOOP('',(#2902,#2903,#2904,#2905));
#967=EDGE_LOOP('',(#2906,#2907,#2908,#2909));
#968=EDGE_LOOP('',(#2910,#2911,#2912,#2913));
#969=EDGE_LOOP('',(#2914,#2915,#2916,#2917));
#970=EDGE_LOOP('',(#2918,#2919,#2920,#2921));
#971=EDGE_LOOP('',(#2922,#2923,#2924,#2925));
#972=EDGE_LOOP('',(#2926,#2927,#2928,#2929));
#973=EDGE_LOOP('',(#2930,#2931,#2932,#2933));
#974=EDGE_LOOP('',(#2934,#2935,#2936,#2937));
#975=EDGE_LOOP('',(#2938,#2939,#2940,#2941));
#976=EDGE_LOOP('',(#2942,#2943,#2944,#2945));
#977=EDGE_LOOP('',(#2946,#2947,#2948,#2949));
#978=EDGE_LOOP('',(#2950,#2951,#2952,#2953));
#979=EDGE_LOOP('',(#2954,#2955,#2956,#2957));
#980=EDGE_LOOP('',(#2958,#2959,#2960,#2961));
#981=EDGE_LOOP('',(#2962,#2963,#2964,#2965,#2966,#2967,#2968,#2969));
#982=EDGE_LOOP('',(#2970,#2971,#2972,#2973,#2974,#2975,#2976,#2977));
#983=EDGE_LOOP('',(#2978,#2979,#2980,#2981,#2982,#2983));
#984=EDGE_LOOP('',(#2984,#2985,#2986,#2987));
#985=EDGE_LOOP('',(#2988,#2989,#2990,#2991,#2992,#2993));
#986=EDGE_LOOP('',(#2994,#2995,#2996,#2997));
#987=EDGE_LOOP('',(#2998,#2999,#3000,#3001,#3002,#3003));
#988=EDGE_LOOP('',(#3004,#3005,#3006,#3007,#3008,#3009));
#989=EDGE_LOOP('',(#3010,#3011,#3012,#3013));
#990=EDGE_LOOP('',(#3014));
#991=EDGE_LOOP('',(#3015));
#992=EDGE_LOOP('',(#3016,#3017,#3018,#3019));
#993=EDGE_LOOP('',(#3020));
#994=EDGE_LOOP('',(#3021));
#995=EDGE_LOOP('',(#3022,#3023,#3024,#3025));
#996=EDGE_LOOP('',(#3026,#3027,#3028,#3029));
#997=EDGE_LOOP('',(#3030,#3031,#3032,#3033));
#998=EDGE_LOOP('',(#3034,#3035,#3036,#3037));
#999=EDGE_LOOP('',(#3038));
#1000=EDGE_LOOP('',(#3039));
#1001=EDGE_LOOP('',(#3040,#3041,#3042,#3043,#3044));
#1002=EDGE_LOOP('',(#3045,#3046,#3047,#3048,#3049,#3050));
#1003=EDGE_LOOP('',(#3051,#3052,#3053,#3054));
#1004=EDGE_LOOP('',(#3055,#3056,#3057,#3058));
#1005=EDGE_LOOP('',(#3059,#3060,#3061,#3062));
#1006=EDGE_LOOP('',(#3063,#3064,#3065,#3066));
#1007=EDGE_LOOP('',(#3067,#3068,#3069,#3070));
#1008=EDGE_LOOP('',(#3071,#3072,#3073,#3074));
#1009=EDGE_LOOP('',(#3075,#3076,#3077,#3078,#3079));
#1010=EDGE_LOOP('',(#3080,#3081,#3082,#3083,#3084,#3085));
#1011=EDGE_LOOP('',(#3086,#3087,#3088,#3089));
#1012=EDGE_LOOP('',(#3090,#3091,#3092,#3093));
#1013=EDGE_LOOP('',(#3094,#3095,#3096,#3097));
#1014=EDGE_LOOP('',(#3098,#3099,#3100,#3101,#3102));
#1015=EDGE_LOOP('',(#3103,#3104,#3105,#3106,#3107,#3108));
#1016=EDGE_LOOP('',(#3109,#3110,#3111,#3112));
#1017=EDGE_LOOP('',(#3113,#3114,#3115,#3116));
#1018=EDGE_LOOP('',(#3117,#3118,#3119,#3120));
#1019=EDGE_LOOP('',(#3121,#3122,#3123,#3124));
#1020=EDGE_LOOP('',(#3125,#3126,#3127,#3128));
#1021=EDGE_LOOP('',(#3129,#3130,#3131,#3132));
#1022=EDGE_LOOP('',(#3133,#3134,#3135,#3136));
#1023=EDGE_LOOP('',(#3137,#3138,#3139,#3140));
#1024=EDGE_LOOP('',(#3141,#3142,#3143,#3144));
#1025=EDGE_LOOP('',(#3145,#3146,#3147,#3148));
#1026=EDGE_LOOP('',(#3149,#3150,#3151,#3152,#3153,#3154,#3155));
#1027=EDGE_LOOP('',(#3156,#3157,#3158,#3159,#3160,#3161,#3162,#3163,#3164,
#3165,#3166,#3167,#3168,#3169,#3170,#3171,#3172,#3173,#3174,#3175,#3176,
#3177));
#1028=EDGE_LOOP('',(#3178,#3179,#3180,#3181));
#1029=EDGE_LOOP('',(#3182));
#1030=EDGE_LOOP('',(#3183));
#1031=EDGE_LOOP('',(#3184,#3185,#3186,#3187,#3188,#3189,#3190,#3191));
#1032=EDGE_LOOP('',(#3192));
#1033=EDGE_LOOP('',(#3193));
#1034=EDGE_LOOP('',(#3194));
#1035=EDGE_LOOP('',(#3195));
#1036=EDGE_LOOP('',(#3196,#3197,#3198,#3199));
#1037=EDGE_LOOP('',(#3200,#3201,#3202,#3203));
#1038=EDGE_LOOP('',(#3204,#3205,#3206,#3207));
#1039=EDGE_LOOP('',(#3208,#3209,#3210,#3211));
#1040=EDGE_LOOP('',(#3212,#3213,#3214,#3215));
#1041=EDGE_LOOP('',(#3216,#3217,#3218,#3219,#3220));
#1042=EDGE_LOOP('',(#3221,#3222,#3223,#3224));
#1043=EDGE_LOOP('',(#3225,#3226,#3227,#3228,#3229));
#1044=EDGE_LOOP('',(#3230,#3231,#3232,#3233));
#1045=EDGE_LOOP('',(#3234,#3235,#3236,#3237));
#1046=EDGE_LOOP('',(#3238,#3239,#3240,#3241));
#1047=EDGE_LOOP('',(#3242));
#1048=EDGE_LOOP('',(#3243));
#1049=EDGE_LOOP('',(#3244,#3245,#3246,#3247));
#1050=EDGE_LOOP('',(#3248));
#1051=EDGE_LOOP('',(#3249));
#1052=EDGE_LOOP('',(#3250,#3251,#3252,#3253));
#1053=EDGE_LOOP('',(#3254));
#1054=EDGE_LOOP('',(#3255));
#1055=EDGE_LOOP('',(#3256,#3257,#3258,#3259));
#1056=EDGE_LOOP('',(#3260));
#1057=EDGE_LOOP('',(#3261));
#1058=EDGE_LOOP('',(#3262,#3263,#3264,#3265,#3266,#3267,#3268,#3269));
#1059=EDGE_LOOP('',(#3270,#3271,#3272,#3273));
#1060=EDGE_LOOP('',(#3274,#3275,#3276,#3277));
#1061=EDGE_LOOP('',(#3278,#3279,#3280,#3281,#3282,#3283));
#1062=CIRCLE('',#3569,2.99954696579332);
#1063=CIRCLE('',#3570,3.);
#1064=CIRCLE('',#3571,3.);
#1065=CIRCLE('',#3572,2.99954696579332);
#1066=CIRCLE('',#3573,2.99954696579333);
#1067=CIRCLE('',#3574,3.);
#1068=CIRCLE('',#3575,3.);
#1069=CIRCLE('',#3576,2.99954696579333);
#1070=CIRCLE('',#3577,2.99954696579333);
#1071=CIRCLE('',#3578,3.);
#1072=CIRCLE('',#3579,2.99954696579333);
#1073=CIRCLE('',#3580,3.);
#1074=CIRCLE('',#3581,3.);
#1075=CIRCLE('',#3582,2.99954696579333);
#1076=CIRCLE('',#3583,2.99954696579334);
#1077=CIRCLE('',#3584,3.);
#1078=CIRCLE('',#3585,3.);
#1079=CIRCLE('',#3586,2.99954696579334);
#1080=CIRCLE('',#3587,2.99954696579333);
#1081=CIRCLE('',#3588,3.);
#1082=CIRCLE('',#3589,2.99954696579333);
#1083=CIRCLE('',#3590,3.);
#1084=CIRCLE('',#3591,2.99999999999999);
#1085=CIRCLE('',#3592,2.99954696579333);
#1086=CIRCLE('',#3593,2.99954696579333);
#1087=CIRCLE('',#3594,2.99999999999999);
#1088=CIRCLE('',#3595,3.);
#1089=CIRCLE('',#3596,2.99954696579333);
#1090=CIRCLE('',#3597,2.99954696579332);
#1091=CIRCLE('',#3598,3.);
#1092=CIRCLE('',#3599,2.99954696579333);
#1093=CIRCLE('',#3600,3.00000000000001);
#1094=CIRCLE('',#3601,3.);
#1095=CIRCLE('',#3602,2.99954696579333);
#1096=CIRCLE('',#3603,2.99954696579334);
#1097=CIRCLE('',#3604,3.);
#1098=CIRCLE('',#3605,3.);
#1099=CIRCLE('',#3606,2.99954696579334);
#1100=CIRCLE('',#3607,2.99954696579334);
#1101=CIRCLE('',#3608,3.);
#1102=CIRCLE('',#3609,2.99954696579333);
#1103=CIRCLE('',#3610,3.);
#1104=CIRCLE('',#3611,3.);
#1105=CIRCLE('',#3612,2.99954696579333);
#1106=CIRCLE('',#3613,2.99954696579333);
#1107=CIRCLE('',#3614,3.);
#1108=CIRCLE('',#3615,3.);
#1109=CIRCLE('',#3616,2.99954696579333);
#1110=CIRCLE('',#3617,2.99954696579332);
#1111=CIRCLE('',#3618,3.);
#1112=CIRCLE('',#3619,2.99954696579334);
#1113=CIRCLE('',#3620,3.);
#1114=CIRCLE('',#3621,3.);
#1115=CIRCLE('',#3622,2.99954696579334);
#1116=CIRCLE('',#3623,2.99954696579335);
#1117=CIRCLE('',#3624,3.);
#1118=CIRCLE('',#3625,3.00000000000001);
#1119=CIRCLE('',#3626,2.99954696579335);
#1120=CIRCLE('',#3627,2.99954696579334);
#1121=CIRCLE('',#3628,3.00000000000001);
#1122=CIRCLE('',#3629,2.99954696579334);
#1123=CIRCLE('',#3630,3.00000000000001);
#1124=CIRCLE('',#3631,3.);
#1125=CIRCLE('',#3632,2.99954696579334);
#1126=CIRCLE('',#3633,2.99954696579334);
#1127=CIRCLE('',#3634,3.);
#1128=CIRCLE('',#3635,3.);
#1129=CIRCLE('',#3636,2.99954696579334);
#1130=CIRCLE('',#3637,2.99954696579333);
#1131=CIRCLE('',#3638,3.);
#1132=CIRCLE('',#3639,2.99954696579334);
#1133=CIRCLE('',#3640,3.);
#1134=CIRCLE('',#3641,2.99999999999999);
#1135=CIRCLE('',#3642,2.99954696579334);
#1136=CIRCLE('',#3643,2.99954696579334);
#1137=CIRCLE('',#3644,2.99999999999999);
#1138=CIRCLE('',#3645,3.00000000000001);
#1139=CIRCLE('',#3646,2.99954696579334);
#1140=CIRCLE('',#3647,2.99954696579332);
#1141=CIRCLE('',#3648,3.00000000000001);
#1142=CIRCLE('',#3650,3.00000000000001);
#1143=CIRCLE('',#3651,3.00000000000001);
#1144=CIRCLE('',#3654,2.99954696579334);
#1145=CIRCLE('',#3655,4.5);
#1146=CIRCLE('',#3656,4.5);
#1147=CIRCLE('',#3672,1.5);
#1148=CIRCLE('',#3673,1.5);
#1149=CIRCLE('',#3675,1.1);
#1150=CIRCLE('',#3677,1.5);
#1151=CIRCLE('',#3678,1.5);
#1152=CIRCLE('',#3680,1.1);
#1153=CIRCLE('',#3682,1.5);
#1154=CIRCLE('',#3683,1.5);
#1155=CIRCLE('',#3685,1.1);
#1156=CIRCLE('',#3687,1.5);
#1157=CIRCLE('',#3688,1.5);
#1158=CIRCLE('',#3690,1.1);
#1159=CIRCLE('',#3704,3.);
#1160=CIRCLE('',#3705,2.99954696579332);
#1161=CIRCLE('',#3706,3.00000000000001);
#1162=CIRCLE('',#3707,2.99954696579333);
#1163=CIRCLE('',#3708,3.);
#1164=CIRCLE('',#3710,3.);
#1165=CIRCLE('',#3711,2.99954696579332);
#1166=CIRCLE('',#3712,3.00000000000001);
#1167=CIRCLE('',#3713,2.99954696579334);
#1168=CIRCLE('',#3715,3.);
#1169=CIRCLE('',#3716,2.99954696579332);
#1170=CIRCLE('',#3717,3.);
#1171=CIRCLE('',#3718,2.99954696579333);
#1172=CIRCLE('',#3721,3.);
#1173=CIRCLE('',#3722,2.99954696579333);
#1174=CIRCLE('',#3733,1.5);
#1175=CIRCLE('',#3734,1.5);
#1176=CIRCLE('',#3747,1.5);
#1177=CIRCLE('',#3749,1.1);
#1178=CIRCLE('',#3751,1.5);
#1179=CIRCLE('',#3753,1.1);
#1180=CIRCLE('',#3755,1.1);
#1181=CIRCLE('',#3757,1.1);
#1182=CIRCLE('',#3763,1.1);
#1183=CIRCLE('',#3765,1.1);
#1184=CIRCLE('',#3767,1.1);
#1185=CIRCLE('',#3769,1.1);
#1186=CIRCLE('',#3801,4.5);
#1187=CIRCLE('',#3802,4.5);
#1188=CIRCLE('',#3804,3.);
#1189=CIRCLE('',#3805,3.);
#1190=CIRCLE('',#3806,3.);
#1191=CIRCLE('',#3807,3.);
#1192=CIRCLE('',#3823,3.);
#1193=CIRCLE('',#3826,3.);
#1194=CIRCLE('',#3829,3.);
#1195=CIRCLE('',#3832,3.);
#1196=B_SPLINE_CURVE_WITH_KNOTS('',3,(#4632,#4633,#4634,#4635,#4636,#4637),
 .UNSPECIFIED.,.F.,.F.,(4,1,1,4),(0.,0.333333333333333,0.666666666666667,
1.),.UNSPECIFIED.);
#1197=B_SPLINE_CURVE_WITH_KNOTS('',3,(#4639,#4640,#4641,#4642,#4643,#4644),
 .UNSPECIFIED.,.F.,.F.,(4,1,1,4),(0.,0.333333333333333,0.666666666666667,
1.),.UNSPECIFIED.);
#1198=B_SPLINE_CURVE_WITH_KNOTS('',3,(#4685,#4686,#4687,#4688,#4689,#4690),
 .UNSPECIFIED.,.F.,.F.,(4,1,1,4),(0.,0.333333333333333,0.666666666666667,
1.),.UNSPECIFIED.);
#1199=B_SPLINE_CURVE_WITH_KNOTS('',3,(#4731,#4732,#4733,#4734,#4735,#4736),
 .UNSPECIFIED.,.F.,.F.,(4,1,1,4),(0.,0.333333333333333,0.666666666666667,
1.),.UNSPECIFIED.);
#1200=B_SPLINE_CURVE_WITH_KNOTS('',3,(#4777,#4778,#4779,#4780,#4781,#4782),
 .UNSPECIFIED.,.F.,.F.,(4,1,1,4),(0.,0.333333333333333,0.666666666666667,
1.),.UNSPECIFIED.);
#1201=B_SPLINE_CURVE_WITH_KNOTS('',3,(#4823,#4824,#4825,#4826,#4827,#4828),
 .UNSPECIFIED.,.F.,.F.,(4,1,1,4),(0.,0.333333333333333,0.666666666666667,
1.),.UNSPECIFIED.);
#1202=B_SPLINE_CURVE_WITH_KNOTS('',3,(#4870,#4871,#4872,#4873,#4874,#4875),
 .UNSPECIFIED.,.F.,.F.,(4,1,1,4),(0.,0.333333333333333,0.666666666666667,
1.),.UNSPECIFIED.);
#1203=B_SPLINE_CURVE_WITH_KNOTS('',3,(#4877,#4878,#4879,#4880,#4881,#4882),
 .UNSPECIFIED.,.F.,.F.,(4,1,1,4),(0.,0.333333333333333,0.666666666666667,
1.),.UNSPECIFIED.);
#1204=B_SPLINE_CURVE_WITH_KNOTS('',3,(#4923,#4924,#4925,#4926,#4927,#4928),
 .UNSPECIFIED.,.F.,.F.,(4,1,1,4),(0.,0.333333333333333,0.666666666666667,
1.),.UNSPECIFIED.);
#1205=B_SPLINE_CURVE_WITH_KNOTS('',3,(#4969,#4970,#4971,#4972,#4973,#4974,
#4975,#4976,#4977,#4978),.UNSPECIFIED.,.F.,.F.,(4,3,3,4),(0.,0.333297001371006,
0.666594002742012,0.987435367882698),.UNSPECIFIED.);
#1206=B_SPLINE_CURVE_WITH_KNOTS('',3,(#4980,#4981,#4982,#4983,#4984,#4985),
 .UNSPECIFIED.,.F.,.F.,(4,2,4),(-0.595131655900418,-0.590637469555664,-0.571795639930959),
 .UNSPECIFIED.);
#1207=B_SPLINE_CURVE_WITH_KNOTS('',3,(#5026,#5027,#5028,#5029,#5030,#5031),
 .UNSPECIFIED.,.F.,.F.,(4,1,1,4),(0.,0.333333333333333,0.666666666666667,
1.),.UNSPECIFIED.);
#1208=B_SPLINE_CURVE_WITH_KNOTS('',3,(#5037,#5038,#5039,#5040,#5041,#5042),
 .UNSPECIFIED.,.F.,.F.,(4,2,4),(-0.116916129814584,0.,0.00255721725734082),
 .UNSPECIFIED.);
#1209=B_SPLINE_CURVE_WITH_KNOTS('',3,(#5043,#5044,#5045,#5046),
 .UNSPECIFIED.,.F.,.F.,(4,4),(-0.571795639930959,-0.418761257971741),
 .UNSPECIFIED.);
#1210=B_SPLINE_CURVE_WITH_KNOTS('',3,(#5084,#5085,#5086,#5087,#5088,#5089),
 .UNSPECIFIED.,.F.,.F.,(4,1,1,4),(0.,0.333333333333333,0.666666666666667,
1.),.UNSPECIFIED.);
#1211=B_SPLINE_CURVE_WITH_KNOTS('',3,(#5131,#5132,#5133,#5134,#5135,#5136),
 .UNSPECIFIED.,.F.,.F.,(4,1,1,4),(0.,0.333333333333333,0.666666666666667,
1.),.UNSPECIFIED.);
#1212=B_SPLINE_CURVE_WITH_KNOTS('',3,(#5138,#5139,#5140,#5141,#5142,#5143),
 .UNSPECIFIED.,.F.,.F.,(4,1,1,4),(0.,0.333333333333333,0.666666666666667,
1.),.UNSPECIFIED.);
#1213=B_SPLINE_CURVE_WITH_KNOTS('',3,(#5184,#5185,#5186,#5187,#5188,#5189),
 .UNSPECIFIED.,.F.,.F.,(4,1,1,4),(0.,0.333333333333333,0.666666666666667,
1.),.UNSPECIFIED.);
#1214=B_SPLINE_CURVE_WITH_KNOTS('',3,(#5230,#5231,#5232,#5233,#5234,#5235),
 .UNSPECIFIED.,.F.,.F.,(4,1,1,4),(0.,0.333333333333333,0.666666666666667,
1.),.UNSPECIFIED.);
#1215=B_SPLINE_CURVE_WITH_KNOTS('',3,(#5276,#5277,#5278,#5279,#5280,#5281),
 .UNSPECIFIED.,.F.,.F.,(4,1,1,4),(0.,0.333333333333333,0.666666666666667,
1.),.UNSPECIFIED.);
#1216=B_SPLINE_CURVE_WITH_KNOTS('',3,(#5322,#5323,#5324,#5325,#5326,#5327),
 .UNSPECIFIED.,.F.,.F.,(4,1,1,4),(0.,0.333333333333333,0.666666666666667,
1.),.UNSPECIFIED.);
#1217=B_SPLINE_CURVE_WITH_KNOTS('',3,(#5369,#5370,#5371,#5372,#5373,#5374),
 .UNSPECIFIED.,.F.,.F.,(4,1,1,4),(0.,0.333333333333333,0.666666666666667,
1.),.UNSPECIFIED.);
#1218=B_SPLINE_CURVE_WITH_KNOTS('',3,(#5376,#5377,#5378,#5379,#5380,#5381),
 .UNSPECIFIED.,.F.,.F.,(4,1,1,4),(0.,0.333333333333333,0.666666666666667,
1.),.UNSPECIFIED.);
#1219=B_SPLINE_CURVE_WITH_KNOTS('',3,(#5422,#5423,#5424,#5425,#5426,#5427),
 .UNSPECIFIED.,.F.,.F.,(4,1,1,4),(0.,0.333333333333333,0.666666666666667,
1.),.UNSPECIFIED.);
#1220=B_SPLINE_CURVE_WITH_KNOTS('',3,(#5468,#5469,#5470,#5471,#5472,#5473),
 .UNSPECIFIED.,.F.,.F.,(4,1,1,4),(0.,0.333333333333333,0.666666666666667,
1.),.UNSPECIFIED.);
#1221=B_SPLINE_CURVE_WITH_KNOTS('',3,(#5514,#5515,#5516,#5517,#5518,#5519),
 .UNSPECIFIED.,.F.,.F.,(4,1,1,4),(0.,0.333333333333333,0.666666666666667,
1.),.UNSPECIFIED.);
#1222=B_SPLINE_CURVE_WITH_KNOTS('',3,(#5560,#5561,#5562,#5563,#5564,#5565),
 .UNSPECIFIED.,.F.,.F.,(4,1,1,4),(0.,0.333333333333333,0.666666666666667,
1.),.UNSPECIFIED.);
#1223=B_SPLINE_CURVE_WITH_KNOTS('',3,(#5607,#5608,#5609,#5610,#5611,#5612),
 .UNSPECIFIED.,.F.,.F.,(4,1,1,4),(0.,0.333333333333333,0.666666666666667,
1.),.UNSPECIFIED.);
#1224=B_SPLINE_CURVE_WITH_KNOTS('',3,(#5614,#5615,#5616,#5617,#5618,#5619),
 .UNSPECIFIED.,.F.,.F.,(4,1,1,4),(0.,0.333333333333333,0.666666666666667,
1.),.UNSPECIFIED.);
#1225=B_SPLINE_CURVE_WITH_KNOTS('',3,(#5660,#5661,#5662,#5663,#5664,#5665),
 .UNSPECIFIED.,.F.,.F.,(4,1,1,4),(0.,0.333333333333333,0.666666666666667,
1.),.UNSPECIFIED.);
#1226=B_SPLINE_CURVE_WITH_KNOTS('',3,(#5706,#5707,#5708,#5709,#5710,#5711),
 .UNSPECIFIED.,.F.,.F.,(4,1,1,4),(0.,0.333333333333333,0.666666666666667,
1.),.UNSPECIFIED.);
#1227=B_SPLINE_CURVE_WITH_KNOTS('',3,(#5752,#5753,#5754,#5755,#5756,#5757),
 .UNSPECIFIED.,.F.,.F.,(4,1,1,4),(0.,0.333333333333333,0.666666666666667,
1.),.UNSPECIFIED.);
#1228=B_SPLINE_CURVE_WITH_KNOTS('',3,(#5798,#5799,#5800,#5801,#5802,#5803),
 .UNSPECIFIED.,.F.,.F.,(4,1,1,4),(0.,0.333333333333333,0.666666666666667,
1.),.UNSPECIFIED.);
#1229=B_SPLINE_CURVE_WITH_KNOTS('',3,(#5845,#5846,#5847,#5848,#5849,#5850),
 .UNSPECIFIED.,.F.,.F.,(4,1,1,4),(0.,0.333333333333333,0.666666666666667,
1.),.UNSPECIFIED.);
#1230=B_SPLINE_CURVE_WITH_KNOTS('',3,(#5852,#5853,#5854,#5855,#5856,#5857),
 .UNSPECIFIED.,.F.,.F.,(4,1,1,4),(0.,0.333333333333333,0.666666666666667,
1.),.UNSPECIFIED.);
#1231=B_SPLINE_CURVE_WITH_KNOTS('',3,(#5898,#5899,#5900,#5901,#5902,#5903),
 .UNSPECIFIED.,.F.,.F.,(4,1,1,4),(0.,0.333333333333333,0.666666666666667,
1.),.UNSPECIFIED.);
#1232=B_SPLINE_CURVE_WITH_KNOTS('',3,(#5944,#5945,#5946,#5947,#5948,#5949),
 .UNSPECIFIED.,.F.,.F.,(4,1,1,4),(0.,0.333333333333333,0.666666666666667,
1.),.UNSPECIFIED.);
#1233=B_SPLINE_CURVE_WITH_KNOTS('',3,(#5990,#5991,#5992,#5993,#5994,#5995),
 .UNSPECIFIED.,.F.,.F.,(4,1,1,4),(0.,0.333333333333333,0.666666666666667,
1.),.UNSPECIFIED.);
#1234=B_SPLINE_CURVE_WITH_KNOTS('',3,(#6036,#6037,#6038,#6039,#6040,#6041),
 .UNSPECIFIED.,.F.,.F.,(4,1,1,4),(0.,0.333333333333333,0.666666666666667,
1.),.UNSPECIFIED.);
#1235=B_SPLINE_CURVE_WITH_KNOTS('',3,(#6083,#6084,#6085,#6086,#6087,#6088),
 .UNSPECIFIED.,.F.,.F.,(4,1,1,4),(0.,0.333333333333333,0.666666666666667,
1.),.UNSPECIFIED.);
#1236=B_SPLINE_CURVE_WITH_KNOTS('',3,(#6090,#6091,#6092,#6093,#6094,#6095),
 .UNSPECIFIED.,.F.,.F.,(4,1,1,4),(0.,0.333333333333333,0.666666666666667,
1.),.UNSPECIFIED.);
#1237=B_SPLINE_CURVE_WITH_KNOTS('',3,(#6136,#6137,#6138,#6139,#6140,#6141),
 .UNSPECIFIED.,.F.,.F.,(4,1,1,4),(0.,0.333333333333333,0.666666666666667,
1.),.UNSPECIFIED.);
#1238=B_SPLINE_CURVE_WITH_KNOTS('',3,(#6182,#6183,#6184,#6185,#6186,#6187),
 .UNSPECIFIED.,.F.,.F.,(4,1,1,4),(0.,0.333333333333333,0.666666666666667,
1.),.UNSPECIFIED.);
#1239=B_SPLINE_CURVE_WITH_KNOTS('',3,(#6228,#6229,#6230,#6231,#6232,#6233),
 .UNSPECIFIED.,.F.,.F.,(4,1,1,4),(0.,0.333333333333333,0.666666666666667,
1.),.UNSPECIFIED.);
#1240=B_SPLINE_CURVE_WITH_KNOTS('',3,(#6274,#6275,#6276,#6277,#6278,#6279),
 .UNSPECIFIED.,.F.,.F.,(4,1,1,4),(0.,0.333333333333333,0.666666666666667,
1.),.UNSPECIFIED.);
#1241=B_SPLINE_CURVE_WITH_KNOTS('',3,(#6321,#6322,#6323,#6324,#6325,#6326),
 .UNSPECIFIED.,.F.,.F.,(4,1,1,4),(0.,0.333333333333333,0.666666666666667,
1.),.UNSPECIFIED.);
#1242=B_SPLINE_CURVE_WITH_KNOTS('',3,(#6328,#6329,#6330,#6331,#6332,#6333),
 .UNSPECIFIED.,.F.,.F.,(4,1,1,4),(0.,0.333333333333333,0.666666666666667,
1.),.UNSPECIFIED.);
#1243=B_SPLINE_CURVE_WITH_KNOTS('',3,(#6374,#6375,#6376,#6377,#6378,#6379),
 .UNSPECIFIED.,.F.,.F.,(4,1,1,4),(0.,0.333333333333333,0.666666666666667,
1.),.UNSPECIFIED.);
#1244=B_SPLINE_CURVE_WITH_KNOTS('',3,(#6420,#6421,#6422,#6423,#6424,#6425),
 .UNSPECIFIED.,.F.,.F.,(4,1,1,4),(0.,0.333333333333333,0.666666666666667,
1.),.UNSPECIFIED.);
#1245=B_SPLINE_CURVE_WITH_KNOTS('',3,(#6466,#6467,#6468,#6469,#6470,#6471),
 .UNSPECIFIED.,.F.,.F.,(4,1,1,4),(0.,0.333333333333333,0.666666666666667,
1.),.UNSPECIFIED.);
#1246=B_SPLINE_CURVE_WITH_KNOTS('',3,(#6512,#6513,#6514,#6515,#6516,#6517),
 .UNSPECIFIED.,.F.,.F.,(4,1,1,4),(0.,0.333333333333333,0.666666666666667,
1.),.UNSPECIFIED.);
#1247=B_SPLINE_CURVE_WITH_KNOTS('',3,(#6528,#6529,#6530,#6531,#6532,#6533,
#6534,#6535,#6536,#6537,#6538,#6539,#6540,#6541,#6542,#6543,#6544,#6545),
 .UNSPECIFIED.,.F.,.F.,(4,2,2,2,2,2,2,2,4),(-0.14624893468323,-0.146068202987446,
-0.128305231436678,-0.104341073908409,-0.0684949871861861,-0.0231261154161535,
-0.00535342466708224,-0.00134803129285004,0.),.UNSPECIFIED.);
#1248=B_SPLINE_CURVE_WITH_KNOTS('',3,(#6551,#6552,#6553,#6554,#6555,#6556,
#6557,#6558,#6559,#6560,#6561,#6562,#6563,#6564,#6565,#6566,#6567,#6568,
#6569,#6570),.UNSPECIFIED.,.F.,.F.,(4,2,2,2,2,2,2,2,2,4),(-0.349650708042542,
-0.347585588957225,-0.34420122241552,-0.335628641077675,-0.30933599242815,
-0.293440951611592,-0.166620474390784,-0.0978866481904676,-0.0623227989080089,
-0.00128474491663538),.UNSPECIFIED.);
#1249=B_SPLINE_CURVE_WITH_KNOTS('',3,(#6573,#6574,#6575,#6576),
 .UNSPECIFIED.,.F.,.F.,(4,4),(-0.0779525037803168,-0.0774636181214992),
 .UNSPECIFIED.);
#1250=B_SPLINE_CURVE_WITH_KNOTS('',3,(#6626,#6627,#6628,#6629),
 .UNSPECIFIED.,.F.,.F.,(4,4),(0.781984400147249,1.08),.UNSPECIFIED.);
#1251=B_SPLINE_CURVE_WITH_KNOTS('',3,(#6631,#6632,#6633,#6634),
 .UNSPECIFIED.,.F.,.F.,(4,4),(-0.16977858077772,-0.169765485777859),
 .UNSPECIFIED.);
#1252=B_SPLINE_CURVE_WITH_KNOTS('',3,(#6636,#6637,#6638,#6639,#6640,#6641,
#6642,#6643,#6644,#6645,#6646,#6647,#6648,#6649,#6650,#6651,#6652,#6653),
 .UNSPECIFIED.,.F.,.F.,(4,2,2,2,2,2,2,2,4),(-9.2612490436649E-5,0.,0.00455490665880198,
0.0125071925669361,0.0396358058322295,0.0878274153130704,0.0969238870402909,
0.0991572230230148,0.0998903202267699),.UNSPECIFIED.);
#1253=B_SPLINE_CURVE_WITH_KNOTS('',3,(#6655,#6656,#6657,#6658),
 .UNSPECIFIED.,.F.,.F.,(4,4),(-0.0352688978179037,1.91526885691422),
 .UNSPECIFIED.);
#1254=B_SPLINE_CURVE_WITH_KNOTS('',3,(#6660,#6661,#6662,#6663,#6664,#6665,
#6666,#6667,#6668,#6669,#6670,#6671,#6672,#6673,#6674,#6675),
 .UNSPECIFIED.,.F.,.F.,(4,2,2,2,2,2,2,4),(0.,0.000886805715250893,0.0035801959784736,
0.0144993064483502,0.0720825669692472,0.10510620004661,0.114811608770207,
0.12026732914328),.UNSPECIFIED.);
#1255=B_SPLINE_CURVE_WITH_KNOTS('',3,(#6679,#6680,#6681,#6682),
 .UNSPECIFIED.,.F.,.F.,(4,4),(-0.971736605515541,-0.67173660551554),
 .UNSPECIFIED.);
#1256=B_SPLINE_CURVE_WITH_KNOTS('',3,(#6683,#6684,#6685,#6686),
 .UNSPECIFIED.,.F.,.F.,(4,4),(-1.12603246207995,0.67173660551554),
 .UNSPECIFIED.);
#1257=B_SPLINE_CURVE_WITH_KNOTS('',3,(#6694,#6695,#6696,#6697),
 .UNSPECIFIED.,.F.,.F.,(4,4),(-7.01290752139546,-6.78954396654682),
 .UNSPECIFIED.);
#1258=B_SPLINE_CURVE_WITH_KNOTS('',3,(#6699,#6700,#6701,#6702),
 .UNSPECIFIED.,.F.,.F.,(4,4),(5.08429813830832,6.78954396654682),
 .UNSPECIFIED.);
#1259=B_SPLINE_CURVE_WITH_KNOTS('',3,(#6706,#6707,#6708,#6709),
 .UNSPECIFIED.,.F.,.F.,(4,4),(-0.0860804654865491,0.0273275216283852),
 .UNSPECIFIED.);
#1260=B_SPLINE_CURVE_WITH_KNOTS('',3,(#6711,#6712,#6713,#6714,#6715),
 .UNSPECIFIED.,.F.,.F.,(4,1,4),(-1.63617910640363,-0.804404145901082,-0.0860804654865493),
 .UNSPECIFIED.);
#1261=B_SPLINE_CURVE_WITH_KNOTS('',3,(#6717,#6718,#6719,#6720),
 .UNSPECIFIED.,.F.,.F.,(4,4),(1.63617910640363,1.76216905312046),
 .UNSPECIFIED.);
#1262=B_SPLINE_CURVE_WITH_KNOTS('',3,(#6722,#6723,#6724,#6725),
 .UNSPECIFIED.,.F.,.F.,(4,4),(-0.679557141103596,1.23999997954816),
 .UNSPECIFIED.);
#1263=B_SPLINE_CURVE_WITH_KNOTS('',3,(#6727,#6728,#6729,#6730),
 .UNSPECIFIED.,.F.,.F.,(4,4),(0.679557141103596,0.979557141103596),
 .UNSPECIFIED.);
#1264=B_SPLINE_CURVE_WITH_KNOTS('',3,(#6731,#6732,#6733,#6734),
 .UNSPECIFIED.,.F.,.F.,(4,4),(-6.76955219264045,-4.97854862558783),
 .UNSPECIFIED.);
#1265=B_SPLINE_CURVE_WITH_KNOTS('',3,(#6749,#6750,#6751,#6752),
 .UNSPECIFIED.,.F.,.F.,(4,4),(-0.189774435394737,0.110225564605263),
 .UNSPECIFIED.);
#1266=B_SPLINE_CURVE_WITH_KNOTS('',3,(#6754,#6755,#6756,#6757),
 .UNSPECIFIED.,.F.,.F.,(4,4),(-1.56027451236436,-0.110225564605263),
 .UNSPECIFIED.);
#1267=B_SPLINE_CURVE_WITH_KNOTS('',3,(#6759,#6760,#6761,#6762),
 .UNSPECIFIED.,.F.,.F.,(4,4),(1.56027451236436,1.86027451236436),
 .UNSPECIFIED.);
#1268=B_SPLINE_CURVE_WITH_KNOTS('',3,(#6764,#6765,#6766,#6767),
 .UNSPECIFIED.,.F.,.F.,(4,4),(2.9869419248445,5.10313347865071),
 .UNSPECIFIED.);
#1269=B_SPLINE_CURVE_WITH_KNOTS('',3,(#6769,#6770,#6771,#6772),
 .UNSPECIFIED.,.F.,.F.,(4,4),(-0.914798909274284,1.13525003848481),
 .UNSPECIFIED.);
#1270=B_SPLINE_CURVE_WITH_KNOTS('',3,(#6773,#6774,#6775,#6776),
 .UNSPECIFIED.,.F.,.F.,(4,4),(-5.94822925555382,-3.83203770174761),
 .UNSPECIFIED.);
#1271=B_SPLINE_CURVE_WITH_KNOTS('',3,(#6818,#6819,#6820,#6821,#6822,#6823,
#6824,#6825,#6826,#6827,#6828,#6829,#6830,#6831,#6832,#6833,#6834,#6835),
 .UNSPECIFIED.,.F.,.F.,(4,2,2,2,2,2,2,2,4),(0.,0.000962079974193978,0.00388409785282512,
0.0157597593372785,0.0788661132006338,0.114313543019427,0.124628176469035,
0.130614914685612,0.130733007083687),.UNSPECIFIED.);
#1272=B_SPLINE_CURVE_WITH_KNOTS('',3,(#6837,#6838,#6839,#6840,#6841,#6842,
#6843,#6844,#6845,#6846,#6847,#6848,#6849),.UNSPECIFIED.,.F.,.F.,(4,3,3,
3,4),(0.,0.0332083854044928,0.0664167708089857,0.0996251562134785,0.122108483352597),
 .UNSPECIFIED.);
#1273=B_SPLINE_CURVE_WITH_KNOTS('',3,(#6851,#6852,#6853,#6854),
 .UNSPECIFIED.,.F.,.F.,(4,4),(5.10454862558783,6.65455219264045),
 .UNSPECIFIED.);
#1274=B_SPLINE_CURVE_WITH_KNOTS('',3,(#6855,#6856,#6857,#6858,#6859,#6860,
#6861,#6862,#6863,#6864,#6865,#6866,#6867),.UNSPECIFIED.,.F.,.F.,(4,3,3,
3,4),(0.0972868609021268,0.126030638585084,0.161186627294145,0.196342616003205,
0.231498604712266),.UNSPECIFIED.);
#1275=B_SPLINE_CURVE_WITH_KNOTS('',3,(#6916,#6917,#6918,#6919),
 .UNSPECIFIED.,.F.,.F.,(4,4),(4.13203770174761,5.82222925555381),
 .UNSPECIFIED.);
#1276=B_SPLINE_CURVE_WITH_KNOTS('',3,(#6921,#6922,#6923,#6924,#6925,#6926,
#6927,#6928,#6929,#6930,#6931,#6932,#6933),.UNSPECIFIED.,.F.,.F.,(4,3,3,
3,4),(0.104345115340322,0.127757358451183,0.162337773867386,0.196918189283589,
0.231498604699792),.UNSPECIFIED.);
#1277=B_SPLINE_CURVE_WITH_KNOTS('',3,(#6934,#6935,#6936,#6937,#6938,#6939,
#6940,#6941,#6942,#6943,#6944,#6945,#6946,#6947,#6948,#6949,#6950,#6951),
 .UNSPECIFIED.,.F.,.F.,(4,2,2,2,2,2,2,2,4),(-9.38199214679326E-5,0.,0.00475763959401144,
0.0129542614059639,0.0411212030267816,0.0912408775853063,0.100673874188259,
0.102995150197926,0.103759492476902),.UNSPECIFIED.);
#1278=B_SPLINE_CURVE_WITH_KNOTS('',3,(#6952,#6953,#6954,#6955,#6956,#6957,
#6958,#6959,#6960,#6961,#6962,#6963,#6964,#6965,#6966,#6967,#6968,#6969,
#6970,#6971),.UNSPECIFIED.,.F.,.F.,(4,2,2,2,2,2,2,2,2,4),(-0.334928685316818,
-0.334739524717306,-0.322131064170734,-0.299369719465959,-0.220442975888404,
-0.0403249152085737,-0.0073599196580274,-0.00330313166439157,-0.000957936014354485,
0.),.UNSPECIFIED.);
#1279=B_SPLINE_CURVE_WITH_KNOTS('',3,(#7013,#7014,#7015,#7016,#7017,#7018,
#7019,#7020,#7021,#7022,#7023,#7024,#7025,#7026,#7027,#7028,#7029,#7030,
#7031,#7032),.UNSPECIFIED.,.F.,.F.,(4,2,2,2,2,2,2,2,2,4),(-0.334292524736459,
-0.334104493164722,-0.321430462360155,-0.298491782082365,-0.219436620815282,
-0.0402706444968449,-0.00735950367829221,-0.00330307032005549,-0.000957934054689129,
0.),.UNSPECIFIED.);
#1280=B_SPLINE_CURVE_WITH_KNOTS('',3,(#7033,#7034,#7035,#7036),
 .UNSPECIFIED.,.F.,.F.,(4,4),(-0.835250038484809,0.614798909274283),
 .UNSPECIFIED.);
#1281=B_SPLINE_CURVE_WITH_KNOTS('',3,(#7078,#7079,#7080,#7081,#7082,#7083,
#7084,#7085,#7086,#7087,#7088,#7089,#7090,#7091,#7092,#7093,#7094,#7095),
 .UNSPECIFIED.,.F.,.F.,(4,2,2,2,2,2,2,2,4),(0.,0.00096206822959629,0.00388382980494026,
0.0157570266602229,0.0788420448560024,0.114295427990102,0.124612415095531,
0.130600798792828,0.130718888814435),.UNSPECIFIED.);
#1282=B_SPLINE_CURVE_WITH_KNOTS('',3,(#7097,#7098,#7099,#7100,#7101,#7102,
#7103,#7104,#7105,#7106,#7107,#7108,#7109),.UNSPECIFIED.,.F.,.F.,(4,3,3,
3,4),(0.,0.0332083854035186,0.0664167708070371,0.0996251562105556,0.122108483349015),
 .UNSPECIFIED.);
#1283=B_SPLINE_CURVE_WITH_KNOTS('',3,(#7110,#7111,#7112,#7113),
 .UNSPECIFIED.,.F.,.F.,(4,4),(-4.97713347865071,-3.2869419248445),
 .UNSPECIFIED.);
#1284=B_SPLINE_CURVE_WITH_KNOTS('',3,(#7178,#7179,#7180,#7181),
 .UNSPECIFIED.,.F.,.F.,(4,4),(0.110225564605263,1.56027451236436),
 .UNSPECIFIED.);
#1285=B_SPLINE_CURVE_WITH_KNOTS('',3,(#7182,#7183,#7184,#7185),
 .UNSPECIFIED.,.F.,.F.,(4,4),(1.56027451236436,1.71455672411106),
 .UNSPECIFIED.);
#1286=B_SPLINE_CURVE_WITH_KNOTS('',3,(#7186,#7187,#7188,#7189),
 .UNSPECIFIED.,.F.,.F.,(4,4),(-0.0440566471414444,0.110225564605263),
 .UNSPECIFIED.);
#1287=B_SPLINE_CURVE_WITH_KNOTS('',3,(#7241,#7242,#7243,#7244,#7245,#7246,
#7247,#7248,#7249,#7250,#7251,#7252,#7253,#7254,#7255,#7256,#7257,#7258),
 .UNSPECIFIED.,.F.,.F.,(4,2,2,2,2,2,2,2,4),(0.,0.00119651594239641,0.0061610906617965,
0.0437783822077434,0.0717087328546755,0.0795051794593374,0.0816118209869759,
0.0829748153432163,0.0830248758444801),.UNSPECIFIED.);
#1288=B_SPLINE_CURVE_WITH_KNOTS('',3,(#7260,#7261,#7262,#7263),
 .UNSPECIFIED.,.F.,.F.,(4,4),(-1.09428219129486,0.679557141103597),
 .UNSPECIFIED.);
#1289=B_SPLINE_CURVE_WITH_KNOTS('',3,(#7264,#7265,#7266,#7267),
 .UNSPECIFIED.,.F.,.F.,(4,4),(0.679557141103596,0.833839352850302),
 .UNSPECIFIED.);
#1290=B_SPLINE_CURVE_WITH_KNOTS('',3,(#7270,#7271,#7272,#7273,#7274,#7275,
#7276,#7277,#7278,#7279,#7280,#7281,#7282),.UNSPECIFIED.,.F.,.F.,(4,3,3,
3,4),(0.104345115432111,0.127757358563631,0.162337774010348,0.196918189457066,
0.231498604903783),.UNSPECIFIED.);
#1291=B_SPLINE_CURVE_WITH_KNOTS('',3,(#7329,#7330,#7331,#7332),
 .UNSPECIFIED.,.F.,.F.,(4,4),(-0.67173660551554,0.948192538959962),
 .UNSPECIFIED.);
#1292=B_SPLINE_CURVE_WITH_KNOTS('',3,(#7333,#7334,#7335,#7336,#7337,#7338,
#7339,#7340,#7341,#7342,#7343,#7344,#7345,#7346,#7347,#7348),
 .UNSPECIFIED.,.F.,.F.,(4,2,2,2,2,2,2,4),(0.00751852426362262,0.0209782803375397,
0.0676084185408523,0.173464577680352,0.192892051682638,0.195285652991756,
0.196669438778238,0.197234680082241),.UNSPECIFIED.);
#1293=B_SPLINE_CURVE_WITH_KNOTS('',3,(#7408,#7409,#7410,#7411,#7412,#7413,
#7414),.UNSPECIFIED.,.F.,.F.,(4,1,1,1,4),(0.454479321506325,0.571428571428571,
0.714285714285714,0.857142857142857,1.),.UNSPECIFIED.);
#1294=B_SPLINE_CURVE_WITH_KNOTS('',3,(#7415,#7416,#7417,#7418,#7419),
 .UNSPECIFIED.,.F.,.F.,(4,1,4),(0.0860804654865493,0.804404145901082,1.63617910640363),
 .UNSPECIFIED.);
#1295=B_SPLINE_CURVE_WITH_KNOTS('',3,(#7420,#7421,#7422,#7423,#7424,#7425,
#7426),.UNSPECIFIED.,.F.,.F.,(4,1,1,1,4),(0.,0.214285714285714,0.285714285714286,
0.428571428571429,0.454479321506325),.UNSPECIFIED.);
#1296=B_SPLINE_CURVE_WITH_KNOTS('',3,(#7447,#7448,#7449,#7450),
 .UNSPECIFIED.,.F.,.F.,(4,4),(-9.2606078059341E-5,0.000149189091429953),
 .UNSPECIFIED.);
#1297=B_SPLINE_CURVE_WITH_KNOTS('',3,(#7494,#7495,#7496,#7497,#7498,#7499,
#7500,#7501,#7502,#7503,#7504,#7505,#7506,#7507,#7508,#7509,#7510,#7511,
#7512,#7513,#7514,#7515,#7516,#7517,#7518,#7519,#7520,#7521),
 .UNSPECIFIED.,.F.,.F.,(4,2,2,2,2,2,2,2,2,2,2,2,2,4),(-9.26119227722175E-5,
0.,0.000602209124016802,0.00132392512324006,0.00314170513205975,0.00846071933448504,
0.0273719868221992,0.0495291344248074,0.185129540034841,0.186812161385029,
0.209395576824763,0.212471100708484,0.214704255449999,0.216042285055298),
 .UNSPECIFIED.);
#1298=B_SPLINE_CURVE_WITH_KNOTS('',3,(#7564,#7565,#7566,#7567),
 .UNSPECIFIED.,.F.,.F.,(4,4),(-6.78954396654682,-5.19929813830832),
 .UNSPECIFIED.);
#1299=B_SPLINE_CURVE_WITH_KNOTS('',3,(#7568,#7569,#7570,#7571,#7572,#7573,
#7574,#7575,#7576,#7577,#7578,#7579,#7580),.UNSPECIFIED.,.F.,.F.,(4,3,3,
3,4),(0.0972872319805387,0.126030725695533,0.161186685439868,0.196342645184204,
0.231498604928538),.UNSPECIFIED.);
#1300=B_SPLINE_CURVE_WITH_KNOTS('',3,(#8107,#8108,#8109,#8110),
 .UNSPECIFIED.,.F.,.F.,(4,4),(1.0550044684719,2.2049944518172),
 .UNSPECIFIED.);
#1301=B_SPLINE_CURVE_WITH_KNOTS('',3,(#8112,#8113,#8114,#8115),
 .UNSPECIFIED.,.F.,.F.,(4,4),(-0.389775338198476,0.660226684754526),
 .UNSPECIFIED.);
#1302=B_SPLINE_CURVE_WITH_KNOTS('',3,(#8117,#8118,#8119,#8120),
 .UNSPECIFIED.,.F.,.F.,(4,4),(-2.2049944518172,-1.0550044684719),
 .UNSPECIFIED.);
#1303=B_SPLINE_CURVE_WITH_KNOTS('',3,(#8121,#8122,#8123,#8124),
 .UNSPECIFIED.,.F.,.F.,(4,4),(-0.960227696231028,0.0897743267219749),
 .UNSPECIFIED.);
#1304=B_SPLINE_CURVE_WITH_KNOTS('',3,(#8127,#8128,#8129,#8130),
 .UNSPECIFIED.,.F.,.F.,(4,4),(-3.69240714260497,-3.39240714260497),
 .UNSPECIFIED.);
#1305=B_SPLINE_CURVE_WITH_KNOTS('',3,(#8132,#8133,#8134,#8135),
 .UNSPECIFIED.,.F.,.F.,(4,4),(2.64259548364767,3.39240714260497),
 .UNSPECIFIED.);
#1306=B_SPLINE_CURVE_WITH_KNOTS('',3,(#8137,#8138,#8139,#8140),
 .UNSPECIFIED.,.F.,.F.,(4,4),(-2.64259548364767,-2.34259548364767),
 .UNSPECIFIED.);
#1307=B_SPLINE_CURVE_WITH_KNOTS('',3,(#8142,#8143,#8144,#8145),
 .UNSPECIFIED.,.F.,.F.,(4,4),(-0.584658196801165,0.805114565575141),
 .UNSPECIFIED.);
#1308=B_SPLINE_CURVE_WITH_KNOTS('',3,(#8147,#8148,#8149,#8150),
 .UNSPECIFIED.,.F.,.F.,(4,4),(2.71750131312632,3.01750131312632),
 .UNSPECIFIED.);
#1309=B_SPLINE_CURVE_WITH_KNOTS('',3,(#8152,#8153,#8154,#8155),
 .UNSPECIFIED.,.F.,.F.,(4,4),(-3.76731297208363,-3.01750131312632),
 .UNSPECIFIED.);
#1310=B_SPLINE_CURVE_WITH_KNOTS('',3,(#8157,#8158,#8159,#8160),
 .UNSPECIFIED.,.F.,.F.,(4,4),(3.76731297208363,4.06731297208363),
 .UNSPECIFIED.);
#1311=B_SPLINE_CURVE_WITH_KNOTS('',3,(#8161,#8162,#8163,#8164),
 .UNSPECIFIED.,.F.,.F.,(4,4),(-1.00000094676329,0.389771815613012),
 .UNSPECIFIED.);
#1312=B_SPLINE_CURVE_WITH_KNOTS('',3,(#8167,#8168,#8169,#8170),
 .UNSPECIFIED.,.F.,.F.,(4,4),(3.39650016464992,3.69650016464992),
 .UNSPECIFIED.);
#1313=B_SPLINE_CURVE_WITH_KNOTS('',3,(#8172,#8173,#8174,#8175),
 .UNSPECIFIED.,.F.,.F.,(4,4),(-5.19050020711264,-3.69650016464991),
 .UNSPECIFIED.);
#1314=B_SPLINE_CURVE_WITH_KNOTS('',3,(#8177,#8178,#8179,#8180),
 .UNSPECIFIED.,.F.,.F.,(4,4),(-1.02641605239352,0.389987480180783),
 .UNSPECIFIED.);
#1315=B_SPLINE_CURVE_WITH_KNOTS('',3,(#8182,#8183,#8184,#8185),
 .UNSPECIFIED.,.F.,.F.,(4,4),(3.19950014341855,4.69350018588128),
 .UNSPECIFIED.);
#1316=B_SPLINE_CURVE_WITH_KNOTS('',3,(#8187,#8188,#8189,#8190),
 .UNSPECIFIED.,.F.,.F.,(4,4),(-3.19950014341855,-2.89950014341855),
 .UNSPECIFIED.);
#1317=B_SPLINE_CURVE_WITH_KNOTS('',3,(#8191,#8192,#8193,#8194),
 .UNSPECIFIED.,.F.,.F.,(4,4),(-0.598189246467938,0.818214286106371),
 .UNSPECIFIED.);
#1318=B_SPLINE_CURVE_WITH_KNOTS('',3,(#8197,#8198,#8199,#8200),
 .UNSPECIFIED.,.F.,.F.,(4,4),(-3.01745625521935,-2.71745625521935),
 .UNSPECIFIED.);
#1319=B_SPLINE_CURVE_WITH_KNOTS('',3,(#8202,#8203,#8204,#8205),
 .UNSPECIFIED.,.F.,.F.,(4,4),(1.46755630500313,2.71745625521935),
 .UNSPECIFIED.);
#1320=B_SPLINE_CURVE_WITH_KNOTS('',3,(#8207,#8208,#8209,#8210),
 .UNSPECIFIED.,.F.,.F.,(4,4),(-0.58472391991771,0.805176132228109),
 .UNSPECIFIED.);
#1321=B_SPLINE_CURVE_WITH_KNOTS('',3,(#8212,#8213,#8214,#8215),
 .UNSPECIFIED.,.F.,.F.,(4,4),(-3.09240623032747,-1.84250628011124),
 .UNSPECIFIED.);
#1322=B_SPLINE_CURVE_WITH_KNOTS('',3,(#8217,#8218,#8219,#8220),
 .UNSPECIFIED.,.F.,.F.,(4,4),(3.09240623032747,3.39240623032747),
 .UNSPECIFIED.);
#1323=B_SPLINE_CURVE_WITH_KNOTS('',3,(#8221,#8222,#8223,#8224),
 .UNSPECIFIED.,.F.,.F.,(4,4),(-1.00012615830102,0.3897738938448),
 .UNSPECIFIED.);
#1324=B_SPLINE_CURVE_WITH_KNOTS('',3,(#8289,#8290,#8291,#8292,#8293,#8294,
#8295,#8296,#8297,#8298,#8299,#8300,#8301,#8302,#8303,#8304,#8305,#8306,
#8307,#8308),.UNSPECIFIED.,.F.,.F.,(4,2,2,2,2,2,2,2,2,4),(-0.228839097598972,
-0.228682898420294,-0.220055485601018,-0.204489899511923,-0.150571680338426,
-0.027555387880672,-0.00502927865595812,-0.00225714000354771,-0.000654589610851997,
0.),.UNSPECIFIED.);
#1325=B_SPLINE_CURVE_WITH_KNOTS('',3,(#8310,#8311,#8312,#8313),
 .UNSPECIFIED.,.F.,.F.,(4,4),(1.2600044684719,1.9999944518172),
 .UNSPECIFIED.);
#1326=B_SPLINE_CURVE_WITH_KNOTS('',3,(#8314,#8315,#8316,#8317,#8318,#8319,
#8320,#8321,#8322,#8323,#8324,#8325,#8326,#8327,#8328,#8329,#8330,#8331,
#8332,#8333),.UNSPECIFIED.,.F.,.F.,(4,2,2,2,2,2,2,2,2,4),(-0.134879944759666,
-0.134493859874438,-0.133548656232196,-0.131913615261026,-0.11862744305954,
-0.0460709430069526,-0.0142693239363433,-0.0050885526312155,0.,9.21281684311182E-5),
 .UNSPECIFIED.);
#1327=B_SPLINE_CURVE_WITH_KNOTS('',3,(#8375,#8376,#8377,#8378,#8379,#8380,
#8381,#8382,#8383,#8384,#8385,#8386,#8387,#8388,#8389,#8390,#8391,#8392,
#8393,#8394),.UNSPECIFIED.,.F.,.F.,(4,2,2,2,2,2,2,2,2,4),(-0.228839097650618,
-0.228682898471937,-0.22005548565109,-0.20448989955852,-0.150571680372771,
-0.0275553878865083,-0.00502927865674243,-0.00225714000372786,-0.000654589610856478,
0.),.UNSPECIFIED.);
#1328=B_SPLINE_CURVE_WITH_KNOTS('',3,(#8396,#8397,#8398,#8399),
 .UNSPECIFIED.,.F.,.F.,(4,4),(-1.9999944518172,-1.2600044684719),
 .UNSPECIFIED.);
#1329=B_SPLINE_CURVE_WITH_KNOTS('',3,(#8400,#8401,#8402,#8403,#8404,#8405,
#8406,#8407,#8408,#8409,#8410,#8411,#8412,#8413,#8414,#8415,#8416,#8417,
#8418,#8419),.UNSPECIFIED.,.F.,.F.,(4,2,2,2,2,2,2,2,2,4),(-0.134879944753935,
-0.134493859868927,-0.133548656227046,-0.131913615255962,-0.118627443055044,
-0.0460709430056631,-0.0142693239360713,-0.00508855263116502,0.,9.21281685366597E-5),
 .UNSPECIFIED.);
#1330=B_SPLINE_CURVE_WITH_KNOTS('',3,(#8460,#8461,#8462,#8463),
 .UNSPECIFIED.,.F.,.F.,(4,4),(0.115225673278025,0.755227696231027),
 .UNSPECIFIED.);
#1331=B_SPLINE_CURVE_WITH_KNOTS('',3,(#8504,#8505,#8506,#8507),
 .UNSPECIFIED.,.F.,.F.,(4,4),(-0.455226684754526,0.184775338198476),
 .UNSPECIFIED.);
#1332=B_SPLINE_CURVE_WITH_KNOTS('',3,(#8557,#8558,#8559,#8560,#8561,#8562,
#8563,#8564,#8565,#8566,#8567,#8568,#8569,#8570,#8571,#8572,#8573,#8574),
 .UNSPECIFIED.,.F.,.F.,(4,2,2,2,2,2,2,2,4),(0.,0.00269644861114249,0.0135585945507139,
0.0910317191330766,0.157803889746732,0.176783268768002,0.18171388818941,
0.184890809252199,0.184962770292243),.UNSPECIFIED.);
#1333=B_SPLINE_CURVE_WITH_KNOTS('',3,(#8576,#8577,#8578,#8579),
 .UNSPECIFIED.,.F.,.F.,(4,4),(-0.058001138311584,0.668230269461867),
 .UNSPECIFIED.);
#1334=B_SPLINE_CURVE_WITH_KNOTS('',3,(#8580,#8581,#8582,#8583,#8584,#8585,
#8586,#8587,#8588,#8589,#8590,#8591,#8592,#8593,#8594,#8595,#8596,#8597),
 .UNSPECIFIED.,.F.,.F.,(4,2,2,2,2,2,2,2,4),(-0.000128073929258445,0.,0.00565418130551407,
0.0144295383101646,0.0482084233556455,0.167047373401045,0.304931535283078,
0.32426363137714,0.329062683420243),.UNSPECIFIED.);
#1335=B_SPLINE_CURVE_WITH_KNOTS('',3,(#8599,#8600,#8601,#8602,#8603,#8604,
#8605,#8606,#8607,#8608),.UNSPECIFIED.,.F.,.F.,(4,3,3,4),(0.230192529425148,
0.281980339244206,0.333905673611887,0.385831007979568),.UNSPECIFIED.);
#1336=B_SPLINE_CURVE_WITH_KNOTS('',3,(#8609,#8610,#8611,#8612,#8613,#8614,
#8615,#8616,#8617,#8618),.UNSPECIFIED.,.F.,.F.,(4,3,3,4),(0.,0.0489643302338673,
0.0979286604677348,0.146763308389039),.UNSPECIFIED.);
#1337=B_SPLINE_CURVE_WITH_KNOTS('',3,(#8660,#8661,#8662,#8663,#8664,#8665,
#8666,#8667,#8668,#8669,#8670,#8671,#8672,#8673,#8674,#8675,#8676,#8677),
 .UNSPECIFIED.,.F.,.F.,(4,2,2,2,2,2,2,2,4),(0.,0.00269644837254411,0.0135585870735816,
0.0910308824696418,0.157802766816058,0.176782513149393,0.181713225916638,
0.184890190704741,0.184962151101402),.UNSPECIFIED.);
#1338=B_SPLINE_CURVE_WITH_KNOTS('',3,(#8679,#8680,#8681,#8682),
 .UNSPECIFIED.,.F.,.F.,(4,4),(-0.486443608804943,0.266418569166513),
 .UNSPECIFIED.);
#1339=B_SPLINE_CURVE_WITH_KNOTS('',3,(#8683,#8684,#8685,#8686,#8687,#8688,
#8689,#8690,#8691,#8692,#8693,#8694,#8695,#8696,#8697,#8698,#8699,#8700),
 .UNSPECIFIED.,.F.,.F.,(4,2,2,2,2,2,2,2,4),(-0.000128073905163956,0.,0.00565430870557521,
0.0144299090234473,0.0482097448841895,0.167049230602393,0.304933129378953,
0.324265382612121,0.329064476437412),.UNSPECIFIED.);
#1340=B_SPLINE_CURVE_WITH_KNOTS('',3,(#8702,#8703,#8704,#8705,#8706,#8707,
#8708,#8709,#8710,#8711),.UNSPECIFIED.,.F.,.F.,(4,3,3,4),(0.230192529416903,
0.28198033923386,0.333905673599434,0.385831007965009),.UNSPECIFIED.);
#1341=B_SPLINE_CURVE_WITH_KNOTS('',3,(#8712,#8713,#8714,#8715,#8716,#8717,
#8718,#8719,#8720,#8721),.UNSPECIFIED.,.F.,.F.,(4,3,3,4),(0.,0.0489643302349582,
0.0979286604699163,0.146763308392309),.UNSPECIFIED.);
#1342=B_SPLINE_CURVE_WITH_KNOTS('',3,(#8763,#8764,#8765,#8766,#8767,#8768,
#8769,#8770,#8771,#8772,#8773,#8774,#8775,#8776,#8777,#8778,#8779,#8780),
 .UNSPECIFIED.,.F.,.F.,(4,2,2,2,2,2,2,2,4),(0.,0.00269644861119632,0.0135585945512585,
0.0910317191354253,0.157803889750601,0.176783268772247,0.181713888193879,
0.184890808761302,0.184962769781945),.UNSPECIFIED.);
#1343=B_SPLINE_CURVE_WITH_KNOTS('',3,(#8782,#8783,#8784,#8785),
 .UNSPECIFIED.,.F.,.F.,(4,4),(-0.473343888273713,0.252887519499738),
 .UNSPECIFIED.);
#1344=B_SPLINE_CURVE_WITH_KNOTS('',3,(#8786,#8787,#8788,#8789,#8790,#8791,
#8792,#8793,#8794,#8795,#8796,#8797,#8798,#8799,#8800,#8801,#8802,#8803),
 .UNSPECIFIED.,.F.,.F.,(4,2,2,2,2,2,2,2,4),(-0.00012807393153457,0.,0.00565418015912953,
0.0144295327326319,0.0482084007211138,0.16704729075781,0.304931383013793,
0.324263469346143,0.3290625189658),.UNSPECIFIED.);
#1345=B_SPLINE_CURVE_WITH_KNOTS('',3,(#8805,#8806,#8807,#8808,#8809,#8810,
#8811,#8812,#8813,#8814),.UNSPECIFIED.,.F.,.F.,(4,3,3,4),(0.230192529560038,
0.281980339409582,0.333905673807831,0.38583100820608),.UNSPECIFIED.);
#1346=B_SPLINE_CURVE_WITH_KNOTS('',3,(#8815,#8816,#8817,#8818,#8819,#8820,
#8821,#8822,#8823,#8824),.UNSPECIFIED.,.F.,.F.,(4,3,3,4),(0.,0.0489643302354408,
0.0979286604708815,0.146763308393756),.UNSPECIFIED.);
#1347=B_SPLINE_CURVE_WITH_KNOTS('',3,(#8866,#8867,#8868,#8869,#8870,#8871,
#8872,#8873,#8874,#8875,#8876,#8877,#8878,#8879,#8880,#8881,#8882,#8883),
 .UNSPECIFIED.,.F.,.F.,(4,2,2,2,2,2,2,2,4),(0.,0.00269644861004192,0.0135585945154143,
0.0910317151407369,0.157803884389021,0.176783265164081,0.181713885031183,
0.184890805880646,0.184962766901038),.UNSPECIFIED.);
#1348=B_SPLINE_CURVE_WITH_KNOTS('',3,(#8885,#8886,#8887,#8888),
 .UNSPECIFIED.,.F.,.F.,(4,4),(-0.058003216543371,0.668355480999591),
 .UNSPECIFIED.);
#1349=B_SPLINE_CURVE_WITH_KNOTS('',3,(#8889,#8890,#8891,#8892,#8893,#8894,
#8895,#8896,#8897,#8898,#8899,#8900,#8901,#8902,#8903,#8904,#8905,#8906),
 .UNSPECIFIED.,.F.,.F.,(4,2,2,2,2,2,2,2,4),(-0.000128073929165878,0.,0.00565418193809723,
0.0144295401982605,0.0482084301439705,0.167047384016883,0.304931546117045,
0.324263643168056,0.329062695461852),.UNSPECIFIED.);
#1350=B_SPLINE_CURVE_WITH_KNOTS('',3,(#8908,#8909,#8910,#8911,#8912,#8913,
#8914,#8915,#8916,#8917),.UNSPECIFIED.,.F.,.F.,(4,3,3,4),(0.230192529419156,
0.281980339236803,0.33390567360307,0.385831007969337),.UNSPECIFIED.);
#1351=B_SPLINE_CURVE_WITH_KNOTS('',3,(#8918,#8919,#8920,#8921,#8922,#8923,
#8924,#8925,#8926,#8927),.UNSPECIFIED.,.F.,.F.,(4,3,3,4),(0.,0.0489643302365992,
0.0979286604731983,0.146763308397227),.UNSPECIFIED.);
#1352=B_SPLINE_CURVE_WITH_KNOTS('',3,(#9048,#9049,#9050,#9051,#9052,#9053,
#9054,#9055,#9056,#9057,#9058,#9059,#9060,#9061,#9062,#9063,#9064,#9065,
#9066,#9067),.UNSPECIFIED.,.F.,.F.,(4,2,2,2,2,2,2,2,2,4),(-0.558212938955945,
-0.557968560212365,-0.536977230408526,-0.499051912263424,-0.36745083129944,
-0.0672015956147975,-0.0122664824814603,-0.00550521202596396,-0.00159655978705973,
0.),.UNSPECIFIED.);
#1353=B_SPLINE_CURVE_WITH_KNOTS('',3,(#9108,#9109,#9110,#9111,#9112,#9113,
#9114,#9115,#9116,#9117,#9118,#9119,#9120,#9121,#9122,#9123,#9124,#9125,
#9126,#9127),.UNSPECIFIED.,.F.,.F.,(4,2,2,2,2,2,2,2,2,4),(-0.556127011987182,
-0.555885485129237,-0.53467759541343,-0.496168460924689,-0.36418609186773,
-0.067022985234425,-0.0122651043540535,-0.00550500878517926,-0.00159655329386435,
0.),.UNSPECIFIED.);
#1354=B_SPLINE_CURVE_WITH_KNOTS('',3,(#9208,#9209,#9210,#9211,#9212,#9213,
#9214,#9215,#9216,#9217,#9218,#9219,#9220,#9221,#9222,#9223,#9224,#9225,
#9226,#9227),.UNSPECIFIED.,.F.,.F.,(4,2,2,2,2,2,2,2,2,4),(-0.556123264321779,
-0.555881742527353,-0.534673455158225,-0.49616325883766,-0.364180336553572,
-0.0670226611433391,-0.0122651018250243,-0.00550500841219947,-0.00159655328194067,
0.),.UNSPECIFIED.);
#1355=B_SPLINE_CURVE_WITH_KNOTS('',3,(#9228,#9229,#9230,#9231,#9232,#9233,
#9234,#9235,#9236,#9237,#9238,#9239,#9240,#9241,#9242,#9243,#9244,#9245,
#9246,#9247),.UNSPECIFIED.,.F.,.F.,(4,2,2,2,2,2,2,2,2,4),(-0.329066424086873,
-0.328121309255641,-0.325807613275175,-0.321805827291433,-0.289390885662465,
-0.113481863730997,-0.0353516699255394,-0.012554712183403,0.,0.000142974138754376),
 .UNSPECIFIED.);
#1356=VERTEX_POINT('',#4630);
#1357=VERTEX_POINT('',#4631);
#1358=VERTEX_POINT('',#4638);
#1359=VERTEX_POINT('',#4645);
#1360=VERTEX_POINT('',#4684);
#1361=VERTEX_POINT('',#4691);
#1362=VERTEX_POINT('',#4730);
#1363=VERTEX_POINT('',#4737);
#1364=VERTEX_POINT('',#4776);
#1365=VERTEX_POINT('',#4783);
#1366=VERTEX_POINT('',#4822);
#1367=VERTEX_POINT('',#4829);
#1368=VERTEX_POINT('',#4868);
#1369=VERTEX_POINT('',#4869);
#1370=VERTEX_POINT('',#4876);
#1371=VERTEX_POINT('',#4883);
#1372=VERTEX_POINT('',#4922);
#1373=VERTEX_POINT('',#4929);
#1374=VERTEX_POINT('',#4968);
#1375=VERTEX_POINT('',#4979);
#1376=VERTEX_POINT('',#4986);
#1377=VERTEX_POINT('',#5025);
#1378=VERTEX_POINT('',#5032);
#1379=VERTEX_POINT('',#5034);
#1380=VERTEX_POINT('',#5036);
#1381=VERTEX_POINT('',#5083);
#1382=VERTEX_POINT('',#5090);
#1383=VERTEX_POINT('',#5129);
#1384=VERTEX_POINT('',#5130);
#1385=VERTEX_POINT('',#5137);
#1386=VERTEX_POINT('',#5144);
#1387=VERTEX_POINT('',#5183);
#1388=VERTEX_POINT('',#5190);
#1389=VERTEX_POINT('',#5229);
#1390=VERTEX_POINT('',#5236);
#1391=VERTEX_POINT('',#5275);
#1392=VERTEX_POINT('',#5282);
#1393=VERTEX_POINT('',#5321);
#1394=VERTEX_POINT('',#5328);
#1395=VERTEX_POINT('',#5367);
#1396=VERTEX_POINT('',#5368);
#1397=VERTEX_POINT('',#5375);
#1398=VERTEX_POINT('',#5382);
#1399=VERTEX_POINT('',#5421);
#1400=VERTEX_POINT('',#5428);
#1401=VERTEX_POINT('',#5467);
#1402=VERTEX_POINT('',#5474);
#1403=VERTEX_POINT('',#5513);
#1404=VERTEX_POINT('',#5520);
#1405=VERTEX_POINT('',#5559);
#1406=VERTEX_POINT('',#5566);
#1407=VERTEX_POINT('',#5605);
#1408=VERTEX_POINT('',#5606);
#1409=VERTEX_POINT('',#5613);
#1410=VERTEX_POINT('',#5620);
#1411=VERTEX_POINT('',#5659);
#1412=VERTEX_POINT('',#5666);
#1413=VERTEX_POINT('',#5705);
#1414=VERTEX_POINT('',#5712);
#1415=VERTEX_POINT('',#5751);
#1416=VERTEX_POINT('',#5758);
#1417=VERTEX_POINT('',#5797);
#1418=VERTEX_POINT('',#5804);
#1419=VERTEX_POINT('',#5843);
#1420=VERTEX_POINT('',#5844);
#1421=VERTEX_POINT('',#5851);
#1422=VERTEX_POINT('',#5858);
#1423=VERTEX_POINT('',#5897);
#1424=VERTEX_POINT('',#5904);
#1425=VERTEX_POINT('',#5943);
#1426=VERTEX_POINT('',#5950);
#1427=VERTEX_POINT('',#5989);
#1428=VERTEX_POINT('',#5996);
#1429=VERTEX_POINT('',#6035);
#1430=VERTEX_POINT('',#6042);
#1431=VERTEX_POINT('',#6081);
#1432=VERTEX_POINT('',#6082);
#1433=VERTEX_POINT('',#6089);
#1434=VERTEX_POINT('',#6096);
#1435=VERTEX_POINT('',#6135);
#1436=VERTEX_POINT('',#6142);
#1437=VERTEX_POINT('',#6181);
#1438=VERTEX_POINT('',#6188);
#1439=VERTEX_POINT('',#6227);
#1440=VERTEX_POINT('',#6234);
#1441=VERTEX_POINT('',#6273);
#1442=VERTEX_POINT('',#6280);
#1443=VERTEX_POINT('',#6319);
#1444=VERTEX_POINT('',#6320);
#1445=VERTEX_POINT('',#6327);
#1446=VERTEX_POINT('',#6334);
#1447=VERTEX_POINT('',#6373);
#1448=VERTEX_POINT('',#6380);
#1449=VERTEX_POINT('',#6419);
#1450=VERTEX_POINT('',#6426);
#1451=VERTEX_POINT('',#6465);
#1452=VERTEX_POINT('',#6472);
#1453=VERTEX_POINT('',#6511);
#1454=VERTEX_POINT('',#6518);
#1455=VERTEX_POINT('',#6522);
#1456=VERTEX_POINT('',#6523);
#1457=VERTEX_POINT('',#6525);
#1458=VERTEX_POINT('',#6527);
#1459=VERTEX_POINT('',#6546);
#1460=VERTEX_POINT('',#6550);
#1461=VERTEX_POINT('',#6571);
#1462=VERTEX_POINT('',#6625);
#1463=VERTEX_POINT('',#6630);
#1464=VERTEX_POINT('',#6635);
#1465=VERTEX_POINT('',#6654);
#1466=VERTEX_POINT('',#6659);
#1467=VERTEX_POINT('',#6678);
#1468=VERTEX_POINT('',#6690);
#1469=VERTEX_POINT('',#6693);
#1470=VERTEX_POINT('',#6698);
#1471=VERTEX_POINT('',#6703);
#1472=VERTEX_POINT('',#6705);
#1473=VERTEX_POINT('',#6710);
#1474=VERTEX_POINT('',#6716);
#1475=VERTEX_POINT('',#6721);
#1476=VERTEX_POINT('',#6726);
#1477=VERTEX_POINT('',#6735);
#1478=VERTEX_POINT('',#6737);
#1479=VERTEX_POINT('',#6739);
#1480=VERTEX_POINT('',#6740);
#1481=VERTEX_POINT('',#6742);
#1482=VERTEX_POINT('',#6744);
#1483=VERTEX_POINT('',#6747);
#1484=VERTEX_POINT('',#6748);
#1485=VERTEX_POINT('',#6753);
#1486=VERTEX_POINT('',#6758);
#1487=VERTEX_POINT('',#6763);
#1488=VERTEX_POINT('',#6768);
#1489=VERTEX_POINT('',#6817);
#1490=VERTEX_POINT('',#6836);
#1491=VERTEX_POINT('',#6850);
#1492=VERTEX_POINT('',#6869);
#1493=VERTEX_POINT('',#6871);
#1494=VERTEX_POINT('',#6914);
#1495=VERTEX_POINT('',#6915);
#1496=VERTEX_POINT('',#6920);
#1497=VERTEX_POINT('',#7012);
#1498=VERTEX_POINT('',#7077);
#1499=VERTEX_POINT('',#7096);
#1500=VERTEX_POINT('',#7115);
#1501=VERTEX_POINT('',#7117);
#1502=VERTEX_POINT('',#7121);
#1503=VERTEX_POINT('',#7125);
#1504=VERTEX_POINT('',#7176);
#1505=VERTEX_POINT('',#7177);
#1506=VERTEX_POINT('',#7240);
#1507=VERTEX_POINT('',#7259);
#1508=VERTEX_POINT('',#7269);
#1509=VERTEX_POINT('',#7283);
#1510=VERTEX_POINT('',#7285);
#1511=VERTEX_POINT('',#7328);
#1512=VERTEX_POINT('',#7350);
#1513=VERTEX_POINT('',#7352);
#1514=VERTEX_POINT('',#7354);
#1515=VERTEX_POINT('',#7407);
#1516=VERTEX_POINT('',#7493);
#1517=VERTEX_POINT('',#7563);
#1518=VERTEX_POINT('',#7582);
#1519=VERTEX_POINT('',#7586);
#1520=VERTEX_POINT('',#7590);
#1521=VERTEX_POINT('',#7596);
#1522=VERTEX_POINT('',#7598);
#1523=VERTEX_POINT('',#7606);
#1524=VERTEX_POINT('',#7608);
#1525=VERTEX_POINT('',#7612);
#1526=VERTEX_POINT('',#7615);
#1527=VERTEX_POINT('',#7617);
#1528=VERTEX_POINT('',#7621);
#1529=VERTEX_POINT('',#7624);
#1530=VERTEX_POINT('',#7626);
#1531=VERTEX_POINT('',#7630);
#1532=VERTEX_POINT('',#7633);
#1533=VERTEX_POINT('',#7635);
#1534=VERTEX_POINT('',#7639);
#1535=VERTEX_POINT('',#7642);
#1536=VERTEX_POINT('',#7643);
#1537=VERTEX_POINT('',#7645);
#1538=VERTEX_POINT('',#7647);
#1539=VERTEX_POINT('',#7649);
#1540=VERTEX_POINT('',#7651);
#1541=VERTEX_POINT('',#7655);
#1542=VERTEX_POINT('',#7657);
#1543=VERTEX_POINT('',#7661);
#1544=VERTEX_POINT('',#7663);
#1545=VERTEX_POINT('',#7667);
#1546=VERTEX_POINT('',#7673);
#1547=VERTEX_POINT('',#7679);
#1548=VERTEX_POINT('',#7681);
#1549=VERTEX_POINT('',#7683);
#1550=VERTEX_POINT('',#7685);
#1551=VERTEX_POINT('',#7687);
#1552=VERTEX_POINT('',#7689);
#1553=VERTEX_POINT('',#7691);
#1554=VERTEX_POINT('',#7693);
#1555=VERTEX_POINT('',#7696);
#1556=VERTEX_POINT('',#7697);
#1557=VERTEX_POINT('',#7699);
#1558=VERTEX_POINT('',#7701);
#1559=VERTEX_POINT('',#7704);
#1560=VERTEX_POINT('',#7705);
#1561=VERTEX_POINT('',#7707);
#1562=VERTEX_POINT('',#7709);
#1563=VERTEX_POINT('',#7712);
#1564=VERTEX_POINT('',#7713);
#1565=VERTEX_POINT('',#7715);
#1566=VERTEX_POINT('',#7717);
#1567=VERTEX_POINT('',#7720);
#1568=VERTEX_POINT('',#7721);
#1569=VERTEX_POINT('',#7723);
#1570=VERTEX_POINT('',#7725);
#1571=VERTEX_POINT('',#7729);
#1572=VERTEX_POINT('',#7731);
#1573=VERTEX_POINT('',#7733);
#1574=VERTEX_POINT('',#7735);
#1575=VERTEX_POINT('',#7739);
#1576=VERTEX_POINT('',#7741);
#1577=VERTEX_POINT('',#7745);
#1578=VERTEX_POINT('',#7749);
#1579=VERTEX_POINT('',#7792);
#1580=VERTEX_POINT('',#7831);
#1581=VERTEX_POINT('',#7909);
#1582=VERTEX_POINT('',#7948);
#1583=VERTEX_POINT('',#7990);
#1584=VERTEX_POINT('',#8029);
#1585=VERTEX_POINT('',#8072);
#1586=VERTEX_POINT('',#8100);
#1587=VERTEX_POINT('',#8102);
#1588=VERTEX_POINT('',#8105);
#1589=VERTEX_POINT('',#8106);
#1590=VERTEX_POINT('',#8111);
#1591=VERTEX_POINT('',#8116);
#1592=VERTEX_POINT('',#8125);
#1593=VERTEX_POINT('',#8126);
#1594=VERTEX_POINT('',#8131);
#1595=VERTEX_POINT('',#8136);
#1596=VERTEX_POINT('',#8141);
#1597=VERTEX_POINT('',#8146);
#1598=VERTEX_POINT('',#8151);
#1599=VERTEX_POINT('',#8156);
#1600=VERTEX_POINT('',#8165);
#1601=VERTEX_POINT('',#8166);
#1602=VERTEX_POINT('',#8171);
#1603=VERTEX_POINT('',#8176);
#1604=VERTEX_POINT('',#8181);
#1605=VERTEX_POINT('',#8186);
#1606=VERTEX_POINT('',#8195);
#1607=VERTEX_POINT('',#8196);
#1608=VERTEX_POINT('',#8201);
#1609=VERTEX_POINT('',#8206);
#1610=VERTEX_POINT('',#8211);
#1611=VERTEX_POINT('',#8216);
#1612=VERTEX_POINT('',#8226);
#1613=VERTEX_POINT('',#8227);
#1614=VERTEX_POINT('',#8229);
#1615=VERTEX_POINT('',#8231);
#1616=VERTEX_POINT('',#8233);
#1617=VERTEX_POINT('',#8235);
#1618=VERTEX_POINT('',#8237);
#1619=VERTEX_POINT('',#8239);
#1620=VERTEX_POINT('',#8243);
#1621=VERTEX_POINT('',#8244);
#1622=VERTEX_POINT('',#8288);
#1623=VERTEX_POINT('',#8309);
#1624=VERTEX_POINT('',#8374);
#1625=VERTEX_POINT('',#8395);
#1626=VERTEX_POINT('',#8556);
#1627=VERTEX_POINT('',#8575);
#1628=VERTEX_POINT('',#8659);
#1629=VERTEX_POINT('',#8678);
#1630=VERTEX_POINT('',#8762);
#1631=VERTEX_POINT('',#8781);
#1632=VERTEX_POINT('',#8865);
#1633=VERTEX_POINT('',#8884);
#1634=VERTEX_POINT('',#9329);
#1635=VERTEX_POINT('',#9333);
#1636=VERTEX_POINT('',#9336);
#1637=VERTEX_POINT('',#9340);
#1638=VERTEX_POINT('',#9343);
#1639=VERTEX_POINT('',#9347);
#1640=VERTEX_POINT('',#9351);
#1641=VERTEX_POINT('',#9352);
#1642=VERTEX_POINT('',#9354);
#1643=VERTEX_POINT('',#9356);
#1644=VERTEX_POINT('',#9360);
#1645=VERTEX_POINT('',#9362);
#1646=VERTEX_POINT('',#9366);
#1647=VERTEX_POINT('',#9368);
#1648=VERTEX_POINT('',#9372);
#1649=VERTEX_POINT('',#9374);
#1650=VERTEX_POINT('',#9376);
#1651=VERTEX_POINT('',#9380);
#1652=VERTEX_POINT('',#9384);
#1653=VERTEX_POINT('',#9388);
#1654=VERTEX_POINT('',#9392);
#1655=VERTEX_POINT('',#9398);
#1656=VERTEX_POINT('',#9400);
#1657=VERTEX_POINT('',#9404);
#1658=VERTEX_POINT('',#9406);
#1659=VERTEX_POINT('',#9410);
#1660=VERTEX_POINT('',#9412);
#1661=VERTEX_POINT('',#9419);
#1662=VERTEX_POINT('',#9421);
#1663=VERTEX_POINT('',#9425);
#1664=VERTEX_POINT('',#9429);
#1665=VERTEX_POINT('',#9431);
#1666=VERTEX_POINT('',#9435);
#1667=VERTEX_POINT('',#9439);
#1668=VERTEX_POINT('',#9445);
#1669=VERTEX_POINT('',#9447);
#1670=VERTEX_POINT('',#9451);
#1671=VERTEX_POINT('',#9455);
#1672=VERTEX_POINT('',#9461);
#1673=VERTEX_POINT('',#9467);
#1674=VERTEX_POINT('',#9468);
#1675=VERTEX_POINT('',#9470);
#1676=VERTEX_POINT('',#9472);
#1677=VERTEX_POINT('',#9476);
#1678=VERTEX_POINT('',#9478);
#1679=VERTEX_POINT('',#9483);
#1680=VERTEX_POINT('',#9488);
#1681=VERTEX_POINT('',#9490);
#1682=VERTEX_POINT('',#9494);
#1683=VERTEX_POINT('',#9496);
#1684=VERTEX_POINT('',#9499);
#1685=VERTEX_POINT('',#9502);
#1686=VERTEX_POINT('',#9504);
#1687=VERTEX_POINT('',#9506);
#1688=VERTEX_POINT('',#9508);
#1689=VERTEX_POINT('',#9511);
#1690=VERTEX_POINT('',#9513);
#1691=VERTEX_POINT('',#9517);
#1692=VERTEX_POINT('',#9519);
#1693=VERTEX_POINT('',#9539);
#1694=VERTEX_POINT('',#9544);
#1695=VERTEX_POINT('',#9549);
#1696=VERTEX_POINT('',#9554);
#1697=EDGE_CURVE('',#1356,#1357,#1196,.T.);
#1698=EDGE_CURVE('',#1356,#1358,#1197,.T.);
#1699=EDGE_CURVE('',#1358,#1359,#1062,.T.);
#1700=EDGE_CURVE('',#1357,#1359,#1063,.T.);
#1701=EDGE_CURVE('',#1356,#1360,#1198,.T.);
#1702=EDGE_CURVE('',#1361,#1360,#1064,.T.);
#1703=EDGE_CURVE('',#1361,#1358,#1065,.T.);
#1704=EDGE_CURVE('',#1356,#1362,#1199,.T.);
#1705=EDGE_CURVE('',#1362,#1363,#1066,.T.);
#1706=EDGE_CURVE('',#1360,#1363,#1067,.T.);
#1707=EDGE_CURVE('',#1356,#1364,#1200,.T.);
#1708=EDGE_CURVE('',#1365,#1364,#1068,.T.);
#1709=EDGE_CURVE('',#1365,#1362,#1069,.T.);
#1710=EDGE_CURVE('',#1356,#1366,#1201,.T.);
#1711=EDGE_CURVE('',#1366,#1367,#1070,.T.);
#1712=EDGE_CURVE('',#1364,#1367,#1071,.T.);
#1713=EDGE_CURVE('',#1368,#1369,#1202,.T.);
#1714=EDGE_CURVE('',#1368,#1370,#1203,.T.);
#1715=EDGE_CURVE('',#1370,#1371,#1072,.T.);
#1716=EDGE_CURVE('',#1369,#1371,#1073,.T.);
#1717=EDGE_CURVE('',#1368,#1372,#1204,.T.);
#1718=EDGE_CURVE('',#1373,#1372,#1074,.T.);
#1719=EDGE_CURVE('',#1373,#1370,#1075,.T.);
#1720=EDGE_CURVE('',#1368,#1374,#1205,.T.);
#1721=EDGE_CURVE('',#1375,#1374,#1206,.T.);
#1722=EDGE_CURVE('',#1375,#1376,#1076,.T.);
#1723=EDGE_CURVE('',#1372,#1376,#1077,.T.);
#1724=EDGE_CURVE('',#1368,#1377,#1207,.T.);
#1725=EDGE_CURVE('',#1378,#1377,#1078,.T.);
#1726=EDGE_CURVE('',#1378,#1379,#1079,.T.);
#1727=EDGE_CURVE('',#1380,#1379,#1208,.T.);
#1728=EDGE_CURVE('',#1374,#1380,#1209,.T.);
#1729=EDGE_CURVE('',#1368,#1381,#1210,.T.);
#1730=EDGE_CURVE('',#1381,#1382,#1080,.T.);
#1731=EDGE_CURVE('',#1377,#1382,#1081,.T.);
#1732=EDGE_CURVE('',#1383,#1384,#1211,.T.);
#1733=EDGE_CURVE('',#1383,#1385,#1212,.T.);
#1734=EDGE_CURVE('',#1385,#1386,#1082,.T.);
#1735=EDGE_CURVE('',#1384,#1386,#1083,.T.);
#1736=EDGE_CURVE('',#1383,#1387,#1213,.T.);
#1737=EDGE_CURVE('',#1388,#1387,#1084,.T.);
#1738=EDGE_CURVE('',#1388,#1385,#1085,.T.);
#1739=EDGE_CURVE('',#1383,#1389,#1214,.T.);
#1740=EDGE_CURVE('',#1389,#1390,#1086,.T.);
#1741=EDGE_CURVE('',#1387,#1390,#1087,.T.);
#1742=EDGE_CURVE('',#1383,#1391,#1215,.T.);
#1743=EDGE_CURVE('',#1392,#1391,#1088,.T.);
#1744=EDGE_CURVE('',#1392,#1389,#1089,.T.);
#1745=EDGE_CURVE('',#1383,#1393,#1216,.T.);
#1746=EDGE_CURVE('',#1393,#1394,#1090,.T.);
#1747=EDGE_CURVE('',#1391,#1394,#1091,.T.);
#1748=EDGE_CURVE('',#1395,#1396,#1217,.T.);
#1749=EDGE_CURVE('',#1395,#1397,#1218,.T.);
#1750=EDGE_CURVE('',#1397,#1398,#1092,.T.);
#1751=EDGE_CURVE('',#1396,#1398,#1093,.T.);
#1752=EDGE_CURVE('',#1395,#1399,#1219,.T.);
#1753=EDGE_CURVE('',#1400,#1399,#1094,.T.);
#1754=EDGE_CURVE('',#1400,#1397,#1095,.T.);
#1755=EDGE_CURVE('',#1395,#1401,#1220,.T.);
#1756=EDGE_CURVE('',#1401,#1402,#1096,.T.);
#1757=EDGE_CURVE('',#1399,#1402,#1097,.T.);
#1758=EDGE_CURVE('',#1395,#1403,#1221,.T.);
#1759=EDGE_CURVE('',#1404,#1403,#1098,.T.);
#1760=EDGE_CURVE('',#1404,#1401,#1099,.T.);
#1761=EDGE_CURVE('',#1395,#1405,#1222,.T.);
#1762=EDGE_CURVE('',#1405,#1406,#1100,.T.);
#1763=EDGE_CURVE('',#1403,#1406,#1101,.T.);
#1764=EDGE_CURVE('',#1407,#1408,#1223,.T.);
#1765=EDGE_CURVE('',#1407,#1409,#1224,.T.);
#1766=EDGE_CURVE('',#1409,#1410,#1102,.T.);
#1767=EDGE_CURVE('',#1408,#1410,#1103,.T.);
#1768=EDGE_CURVE('',#1407,#1411,#1225,.T.);
#1769=EDGE_CURVE('',#1412,#1411,#1104,.T.);
#1770=EDGE_CURVE('',#1412,#1409,#1105,.T.);
#1771=EDGE_CURVE('',#1407,#1413,#1226,.T.);
#1772=EDGE_CURVE('',#1413,#1414,#1106,.T.);
#1773=EDGE_CURVE('',#1411,#1414,#1107,.T.);
#1774=EDGE_CURVE('',#1407,#1415,#1227,.T.);
#1775=EDGE_CURVE('',#1416,#1415,#1108,.T.);
#1776=EDGE_CURVE('',#1416,#1413,#1109,.T.);
#1777=EDGE_CURVE('',#1407,#1417,#1228,.T.);
#1778=EDGE_CURVE('',#1417,#1418,#1110,.T.);
#1779=EDGE_CURVE('',#1415,#1418,#1111,.T.);
#1780=EDGE_CURVE('',#1419,#1420,#1229,.T.);
#1781=EDGE_CURVE('',#1419,#1421,#1230,.T.);
#1782=EDGE_CURVE('',#1421,#1422,#1112,.T.);
#1783=EDGE_CURVE('',#1420,#1422,#1113,.T.);
#1784=EDGE_CURVE('',#1419,#1423,#1231,.T.);
#1785=EDGE_CURVE('',#1424,#1423,#1114,.T.);
#1786=EDGE_CURVE('',#1424,#1421,#1115,.T.);
#1787=EDGE_CURVE('',#1419,#1425,#1232,.T.);
#1788=EDGE_CURVE('',#1425,#1426,#1116,.T.);
#1789=EDGE_CURVE('',#1423,#1426,#1117,.T.);
#1790=EDGE_CURVE('',#1419,#1427,#1233,.T.);
#1791=EDGE_CURVE('',#1428,#1427,#1118,.T.);
#1792=EDGE_CURVE('',#1428,#1425,#1119,.T.);
#1793=EDGE_CURVE('',#1419,#1429,#1234,.T.);
#1794=EDGE_CURVE('',#1429,#1430,#1120,.T.);
#1795=EDGE_CURVE('',#1427,#1430,#1121,.T.);
#1796=EDGE_CURVE('',#1431,#1432,#1235,.T.);
#1797=EDGE_CURVE('',#1431,#1433,#1236,.T.);
#1798=EDGE_CURVE('',#1433,#1434,#1122,.T.);
#1799=EDGE_CURVE('',#1432,#1434,#1123,.T.);
#1800=EDGE_CURVE('',#1431,#1435,#1237,.T.);
#1801=EDGE_CURVE('',#1436,#1435,#1124,.T.);
#1802=EDGE_CURVE('',#1436,#1433,#1125,.T.);
#1803=EDGE_CURVE('',#1431,#1437,#1238,.T.);
#1804=EDGE_CURVE('',#1437,#1438,#1126,.T.);
#1805=EDGE_CURVE('',#1435,#1438,#1127,.T.);
#1806=EDGE_CURVE('',#1431,#1439,#1239,.T.);
#1807=EDGE_CURVE('',#1440,#1439,#1128,.T.);
#1808=EDGE_CURVE('',#1440,#1437,#1129,.T.);
#1809=EDGE_CURVE('',#1431,#1441,#1240,.T.);
#1810=EDGE_CURVE('',#1441,#1442,#1130,.T.);
#1811=EDGE_CURVE('',#1439,#1442,#1131,.T.);
#1812=EDGE_CURVE('',#1443,#1444,#1241,.T.);
#1813=EDGE_CURVE('',#1443,#1445,#1242,.T.);
#1814=EDGE_CURVE('',#1445,#1446,#1132,.T.);
#1815=EDGE_CURVE('',#1444,#1446,#1133,.T.);
#1816=EDGE_CURVE('',#1443,#1447,#1243,.T.);
#1817=EDGE_CURVE('',#1448,#1447,#1134,.T.);
#1818=EDGE_CURVE('',#1448,#1445,#1135,.T.);
#1819=EDGE_CURVE('',#1443,#1449,#1244,.T.);
#1820=EDGE_CURVE('',#1449,#1450,#1136,.T.);
#1821=EDGE_CURVE('',#1447,#1450,#1137,.T.);
#1822=EDGE_CURVE('',#1443,#1451,#1245,.T.);
#1823=EDGE_CURVE('',#1452,#1451,#1138,.T.);
#1824=EDGE_CURVE('',#1452,#1449,#1139,.T.);
#1825=EDGE_CURVE('',#1443,#1453,#1246,.T.);
#1826=EDGE_CURVE('',#1453,#1454,#1140,.T.);
#1827=EDGE_CURVE('',#1451,#1454,#1141,.T.);
#1828=EDGE_CURVE('',#1455,#1456,#1142,.T.);
#1829=EDGE_CURVE('',#1456,#1457,#145,.T.);
#1830=EDGE_CURVE('',#1457,#1458,#1247,.F.);
#1831=EDGE_CURVE('',#1458,#1459,#146,.T.);
#1832=EDGE_CURVE('',#1459,#1455,#1143,.T.);
#1833=EDGE_CURVE('',#1455,#1460,#1248,.T.);
#1834=EDGE_CURVE('',#1459,#1461,#147,.T.);
#1835=EDGE_CURVE('',#1461,#1460,#1249,.T.);
#1836=EDGE_CURVE('',#1460,#1462,#1250,.T.);
#1837=EDGE_CURVE('',#1463,#1461,#1251,.T.);
#1838=EDGE_CURVE('',#1463,#1464,#1252,.T.);
#1839=EDGE_CURVE('',#1464,#1465,#1253,.T.);
#1840=EDGE_CURVE('',#1465,#1466,#1254,.T.);
#1841=EDGE_CURVE('',#1466,#1462,#148,.T.);
#1842=EDGE_CURVE('',#1458,#1467,#1255,.T.);
#1843=EDGE_CURVE('',#1379,#1467,#1256,.T.);
#1844=EDGE_CURVE('',#1414,#1378,#149,.T.);
#1845=EDGE_CURVE('',#1446,#1416,#150,.T.);
#1846=EDGE_CURVE('',#1430,#1448,#151,.T.);
#1847=EDGE_CURVE('',#1468,#1429,#1144,.T.);
#1848=EDGE_CURVE('',#1376,#1468,#152,.T.);
#1849=EDGE_CURVE('',#1375,#1469,#1257,.T.);
#1850=EDGE_CURVE('',#1470,#1469,#1258,.T.);
#1851=EDGE_CURVE('',#1471,#1470,#153,.T.);
#1852=EDGE_CURVE('',#1472,#1471,#1259,.T.);
#1853=EDGE_CURVE('',#1473,#1472,#1260,.T.);
#1854=EDGE_CURVE('',#1473,#1474,#1261,.T.);
#1855=EDGE_CURVE('',#1475,#1474,#1262,.T.);
#1856=EDGE_CURVE('',#1475,#1476,#1263,.T.);
#1857=EDGE_CURVE('',#1463,#1476,#1264,.T.);
#1858=EDGE_CURVE('',#1477,#1477,#1145,.T.);
#1859=EDGE_CURVE('',#1478,#1478,#1146,.T.);
#1860=EDGE_CURVE('',#1479,#1480,#154,.T.);
#1861=EDGE_CURVE('',#1481,#1479,#155,.T.);
#1862=EDGE_CURVE('',#1482,#1481,#156,.T.);
#1863=EDGE_CURVE('',#1480,#1482,#157,.T.);
#1864=EDGE_CURVE('',#1483,#1484,#1265,.T.);
#1865=EDGE_CURVE('',#1485,#1484,#1266,.T.);
#1866=EDGE_CURVE('',#1485,#1486,#1267,.T.);
#1867=EDGE_CURVE('',#1487,#1486,#1268,.T.);
#1868=EDGE_CURVE('',#1488,#1487,#1269,.T.);
#1869=EDGE_CURVE('',#1483,#1488,#1270,.T.);
#1870=EDGE_CURVE('',#1476,#1489,#1271,.F.);
#1871=EDGE_CURVE('',#1489,#1490,#1272,.F.);
#1872=EDGE_CURVE('',#1490,#1491,#1273,.T.);
#1873=EDGE_CURVE('',#1464,#1491,#1274,.T.);
#1874=EDGE_CURVE('',#1490,#1492,#158,.T.);
#1875=EDGE_CURVE('',#1493,#1492,#159,.T.);
#1876=EDGE_CURVE('',#1491,#1493,#160,.T.);
#1877=EDGE_CURVE('',#1494,#1495,#1275,.T.);
#1878=EDGE_CURVE('',#1496,#1495,#1276,.T.);
#1879=EDGE_CURVE('',#1483,#1496,#1277,.T.);
#1880=EDGE_CURVE('',#1488,#1494,#1278,.T.);
#1881=EDGE_CURVE('',#1487,#1497,#1279,.T.);
#1882=EDGE_CURVE('',#1497,#1494,#1280,.T.);
#1883=EDGE_CURVE('',#1486,#1498,#1281,.F.);
#1884=EDGE_CURVE('',#1498,#1499,#1282,.F.);
#1885=EDGE_CURVE('',#1499,#1497,#1283,.T.);
#1886=EDGE_CURVE('',#1494,#1500,#161,.T.);
#1887=EDGE_CURVE('',#1501,#1500,#162,.T.);
#1888=EDGE_CURVE('',#1495,#1501,#163,.T.);
#1889=EDGE_CURVE('',#1497,#1502,#164,.T.);
#1890=EDGE_CURVE('',#1500,#1502,#165,.T.);
#1891=EDGE_CURVE('',#1499,#1503,#166,.T.);
#1892=EDGE_CURVE('',#1502,#1503,#167,.T.);
#1893=EDGE_CURVE('',#1504,#1505,#1284,.T.);
#1894=EDGE_CURVE('',#1498,#1505,#1285,.F.);
#1895=EDGE_CURVE('',#1496,#1504,#1286,.T.);
#1896=EDGE_CURVE('',#1503,#1501,#168,.T.);
#1897=EDGE_CURVE('',#1474,#1506,#1287,.F.);
#1898=EDGE_CURVE('',#1506,#1507,#1288,.T.);
#1899=EDGE_CURVE('',#1489,#1507,#1289,.F.);
#1900=EDGE_CURVE('',#1508,#1506,#1290,.F.);
#1901=EDGE_CURVE('',#1508,#1509,#169,.T.);
#1902=EDGE_CURVE('',#1509,#1510,#170,.T.);
#1903=EDGE_CURVE('',#1492,#1510,#171,.T.);
#1904=EDGE_CURVE('',#1457,#1511,#1291,.T.);
#1905=EDGE_CURVE('',#1511,#1380,#1292,.F.);
#1906=EDGE_CURVE('',#1457,#1512,#172,.T.);
#1907=EDGE_CURVE('',#1513,#1512,#173,.T.);
#1908=EDGE_CURVE('',#1513,#1514,#174,.T.);
#1909=EDGE_CURVE('',#1514,#1511,#175,.T.);
#1910=EDGE_CURVE('',#1465,#1515,#1293,.T.);
#1911=EDGE_CURVE('',#1515,#1508,#1294,.T.);
#1912=EDGE_CURVE('',#1472,#1465,#1295,.T.);
#1913=EDGE_CURVE('',#1471,#1466,#1296,.T.);
#1914=EDGE_CURVE('',#1470,#1516,#1297,.T.);
#1915=EDGE_CURVE('',#1455,#1516,#176,.T.);
#1916=EDGE_CURVE('',#1511,#1517,#1298,.T.);
#1917=EDGE_CURVE('',#1516,#1517,#1299,.T.);
#1918=EDGE_CURVE('',#1518,#1514,#177,.T.);
#1919=EDGE_CURVE('',#1517,#1518,#178,.T.);
#1920=EDGE_CURVE('',#1456,#1519,#179,.T.);
#1921=EDGE_CURVE('',#1512,#1519,#180,.T.);
#1922=EDGE_CURVE('',#1518,#1520,#181,.T.);
#1923=EDGE_CURVE('',#1519,#1520,#182,.T.);
#1924=EDGE_CURVE('',#1513,#1520,#183,.T.);
#1925=EDGE_CURVE('',#1521,#1510,#184,.T.);
#1926=EDGE_CURVE('',#1522,#1509,#185,.T.);
#1927=EDGE_CURVE('',#1521,#1522,#186,.T.);
#1928=EDGE_CURVE('',#1515,#1522,#187,.T.);
#1929=EDGE_CURVE('',#1521,#1493,#188,.T.);
#1930=EDGE_CURVE('',#1523,#1523,#1147,.T.);
#1931=EDGE_CURVE('',#1523,#1524,#189,.T.);
#1932=EDGE_CURVE('',#1524,#1524,#1148,.T.);
#1933=EDGE_CURVE('',#1525,#1525,#1149,.T.);
#1934=EDGE_CURVE('',#1526,#1526,#1150,.T.);
#1935=EDGE_CURVE('',#1526,#1527,#190,.T.);
#1936=EDGE_CURVE('',#1527,#1527,#1151,.T.);
#1937=EDGE_CURVE('',#1528,#1528,#1152,.T.);
#1938=EDGE_CURVE('',#1529,#1529,#1153,.T.);
#1939=EDGE_CURVE('',#1529,#1530,#191,.T.);
#1940=EDGE_CURVE('',#1530,#1530,#1154,.T.);
#1941=EDGE_CURVE('',#1531,#1531,#1155,.T.);
#1942=EDGE_CURVE('',#1532,#1532,#1156,.T.);
#1943=EDGE_CURVE('',#1532,#1533,#192,.T.);
#1944=EDGE_CURVE('',#1533,#1533,#1157,.T.);
#1945=EDGE_CURVE('',#1534,#1534,#1158,.T.);
#1946=EDGE_CURVE('',#1535,#1536,#193,.T.);
#1947=EDGE_CURVE('',#1537,#1535,#194,.T.);
#1948=EDGE_CURVE('',#1538,#1537,#195,.T.);
#1949=EDGE_CURVE('',#1539,#1538,#196,.T.);
#1950=EDGE_CURVE('',#1539,#1540,#197,.T.);
#1951=EDGE_CURVE('',#1540,#1536,#198,.T.);
#1952=EDGE_CURVE('',#1536,#1541,#199,.T.);
#1953=EDGE_CURVE('',#1540,#1542,#200,.T.);
#1954=EDGE_CURVE('',#1541,#1542,#201,.T.);
#1955=EDGE_CURVE('',#1543,#1537,#202,.T.);
#1956=EDGE_CURVE('',#1544,#1543,#203,.T.);
#1957=EDGE_CURVE('',#1538,#1544,#204,.T.);
#1958=EDGE_CURVE('',#1545,#1544,#205,.T.);
#1959=EDGE_CURVE('',#1539,#1545,#206,.T.);
#1960=EDGE_CURVE('',#1542,#1545,#207,.T.);
#1961=EDGE_CURVE('',#1541,#1546,#208,.T.);
#1962=EDGE_CURVE('',#1510,#1543,#209,.T.);
#1963=EDGE_CURVE('',#1520,#1521,#210,.T.);
#1964=EDGE_CURVE('',#1546,#1513,#211,.T.);
#1965=EDGE_CURVE('',#1546,#1547,#212,.T.);
#1966=EDGE_CURVE('',#1547,#1548,#213,.T.);
#1967=EDGE_CURVE('',#1549,#1548,#214,.T.);
#1968=EDGE_CURVE('',#1549,#1550,#215,.T.);
#1969=EDGE_CURVE('',#1550,#1551,#216,.T.);
#1970=EDGE_CURVE('',#1551,#1552,#217,.T.);
#1971=EDGE_CURVE('',#1553,#1552,#218,.T.);
#1972=EDGE_CURVE('',#1554,#1553,#219,.T.);
#1973=EDGE_CURVE('',#1554,#1535,#220,.T.);
#1974=EDGE_CURVE('',#1555,#1556,#221,.T.);
#1975=EDGE_CURVE('',#1556,#1557,#222,.T.);
#1976=EDGE_CURVE('',#1557,#1558,#223,.T.);
#1977=EDGE_CURVE('',#1558,#1555,#224,.T.);
#1978=EDGE_CURVE('',#1559,#1560,#225,.T.);
#1979=EDGE_CURVE('',#1560,#1561,#226,.T.);
#1980=EDGE_CURVE('',#1561,#1562,#227,.T.);
#1981=EDGE_CURVE('',#1562,#1559,#228,.T.);
#1982=EDGE_CURVE('',#1563,#1564,#229,.T.);
#1983=EDGE_CURVE('',#1564,#1565,#230,.T.);
#1984=EDGE_CURVE('',#1565,#1566,#231,.T.);
#1985=EDGE_CURVE('',#1566,#1563,#232,.T.);
#1986=EDGE_CURVE('',#1567,#1568,#233,.T.);
#1987=EDGE_CURVE('',#1568,#1569,#234,.T.);
#1988=EDGE_CURVE('',#1569,#1570,#235,.T.);
#1989=EDGE_CURVE('',#1570,#1567,#236,.T.);
#1990=EDGE_CURVE('',#1571,#1549,#237,.T.);
#1991=EDGE_CURVE('',#1571,#1572,#238,.T.);
#1992=EDGE_CURVE('',#1572,#1573,#239,.T.);
#1993=EDGE_CURVE('',#1573,#1574,#240,.T.);
#1994=EDGE_CURVE('',#1574,#1550,#241,.T.);
#1995=EDGE_CURVE('',#1575,#1571,#242,.T.);
#1996=EDGE_CURVE('',#1576,#1575,#243,.T.);
#1997=EDGE_CURVE('',#1576,#1572,#244,.T.);
#1998=EDGE_CURVE('',#1577,#1574,#245,.T.);
#1999=EDGE_CURVE('',#1551,#1577,#246,.T.);
#2000=EDGE_CURVE('',#1577,#1578,#247,.T.);
#2001=EDGE_CURVE('',#1578,#1573,#248,.T.);
#2002=EDGE_CURVE('',#1578,#1576,#249,.T.);
#2003=EDGE_CURVE('',#1552,#1575,#250,.T.);
#2004=EDGE_CURVE('',#1579,#1444,#1159,.T.);
#2005=EDGE_CURVE('',#1579,#1453,#1160,.T.);
#2006=EDGE_CURVE('',#1580,#1432,#1161,.T.);
#2007=EDGE_CURVE('',#1580,#1441,#1162,.T.);
#2008=EDGE_CURVE('',#1468,#1420,#1163,.T.);
#2009=EDGE_CURVE('',#1450,#1428,#251,.T.);
#2010=EDGE_CURVE('',#1581,#1408,#1164,.T.);
#2011=EDGE_CURVE('',#1581,#1417,#1165,.T.);
#2012=EDGE_CURVE('',#1582,#1396,#1166,.T.);
#2013=EDGE_CURVE('',#1582,#1405,#1167,.T.);
#2014=EDGE_CURVE('',#1406,#1580,#252,.T.);
#2015=EDGE_CURVE('',#1434,#1404,#253,.T.);
#2016=EDGE_CURVE('',#1583,#1384,#1168,.T.);
#2017=EDGE_CURVE('',#1583,#1393,#1169,.T.);
#2018=EDGE_CURVE('',#1584,#1369,#1170,.T.);
#2019=EDGE_CURVE('',#1584,#1381,#1171,.T.);
#2020=EDGE_CURVE('',#1382,#1412,#254,.T.);
#2021=EDGE_CURVE('',#1422,#1373,#255,.T.);
#2022=EDGE_CURVE('',#1585,#1357,#1172,.T.);
#2023=EDGE_CURVE('',#1585,#1366,#1173,.T.);
#2024=EDGE_CURVE('',#1390,#1361,#256,.T.);
#2025=EDGE_CURVE('',#1363,#1388,#257,.T.);
#2026=EDGE_CURVE('',#1371,#1585,#258,.T.);
#2027=EDGE_CURVE('',#1359,#1584,#259,.T.);
#2028=EDGE_CURVE('',#1367,#1400,#260,.T.);
#2029=EDGE_CURVE('',#1402,#1365,#261,.T.);
#2030=EDGE_CURVE('',#1438,#1583,#262,.T.);
#2031=EDGE_CURVE('',#1386,#1436,#263,.T.);
#2032=EDGE_CURVE('',#1394,#1581,#264,.T.);
#2033=EDGE_CURVE('',#1410,#1392,#265,.T.);
#2034=EDGE_CURVE('',#1398,#1424,#266,.T.);
#2035=EDGE_CURVE('',#1426,#1582,#267,.T.);
#2036=EDGE_CURVE('',#1418,#1579,#268,.T.);
#2037=EDGE_CURVE('',#1454,#1440,#269,.T.);
#2038=EDGE_CURVE('',#1442,#1452,#270,.T.);
#2039=EDGE_CURVE('',#1586,#1586,#1174,.T.);
#2040=EDGE_CURVE('',#1587,#1587,#1175,.T.);
#2041=EDGE_CURVE('',#1588,#1589,#1300,.T.);
#2042=EDGE_CURVE('',#1590,#1588,#1301,.T.);
#2043=EDGE_CURVE('',#1591,#1590,#1302,.T.);
#2044=EDGE_CURVE('',#1589,#1591,#1303,.T.);
#2045=EDGE_CURVE('',#1592,#1593,#1304,.T.);
#2046=EDGE_CURVE('',#1594,#1593,#1305,.T.);
#2047=EDGE_CURVE('',#1594,#1595,#1306,.T.);
#2048=EDGE_CURVE('',#1596,#1595,#1307,.T.);
#2049=EDGE_CURVE('',#1596,#1597,#1308,.T.);
#2050=EDGE_CURVE('',#1598,#1597,#1309,.T.);
#2051=EDGE_CURVE('',#1598,#1599,#1310,.T.);
#2052=EDGE_CURVE('',#1592,#1599,#1311,.T.);
#2053=EDGE_CURVE('',#1600,#1601,#1312,.T.);
#2054=EDGE_CURVE('',#1602,#1601,#1313,.T.);
#2055=EDGE_CURVE('',#1603,#1602,#1314,.T.);
#2056=EDGE_CURVE('',#1604,#1603,#1315,.T.);
#2057=EDGE_CURVE('',#1604,#1605,#1316,.T.);
#2058=EDGE_CURVE('',#1600,#1605,#1317,.T.);
#2059=EDGE_CURVE('',#1606,#1607,#1318,.T.);
#2060=EDGE_CURVE('',#1608,#1607,#1319,.T.);
#2061=EDGE_CURVE('',#1609,#1608,#1320,.T.);
#2062=EDGE_CURVE('',#1610,#1609,#1321,.T.);
#2063=EDGE_CURVE('',#1610,#1611,#1322,.T.);
#2064=EDGE_CURVE('',#1606,#1611,#1323,.T.);
#2065=EDGE_CURVE('',#1612,#1613,#271,.T.);
#2066=EDGE_CURVE('',#1614,#1612,#272,.T.);
#2067=EDGE_CURVE('',#1615,#1614,#273,.T.);
#2068=EDGE_CURVE('',#1616,#1615,#274,.T.);
#2069=EDGE_CURVE('',#1617,#1616,#275,.T.);
#2070=EDGE_CURVE('',#1618,#1617,#276,.T.);
#2071=EDGE_CURVE('',#1619,#1618,#277,.T.);
#2072=EDGE_CURVE('',#1613,#1619,#278,.T.);
#2073=EDGE_CURVE('',#1620,#1621,#279,.T.);
#2074=EDGE_CURVE('',#1621,#1554,#280,.T.);
#2075=EDGE_CURVE('',#1553,#1620,#281,.T.);
#2076=EDGE_CURVE('',#1590,#1622,#1324,.T.);
#2077=EDGE_CURVE('',#1622,#1623,#1325,.T.);
#2078=EDGE_CURVE('',#1623,#1591,#1326,.T.);
#2079=EDGE_CURVE('',#1589,#1624,#1327,.T.);
#2080=EDGE_CURVE('',#1624,#1625,#1328,.T.);
#2081=EDGE_CURVE('',#1625,#1588,#1329,.T.);
#2082=EDGE_CURVE('',#1623,#1624,#1330,.T.);
#2083=EDGE_CURVE('',#1625,#1622,#1331,.T.);
#2084=EDGE_CURVE('',#1557,#1625,#282,.T.);
#2085=EDGE_CURVE('',#1622,#1556,#283,.T.);
#2086=EDGE_CURVE('',#1624,#1558,#284,.T.);
#2087=EDGE_CURVE('',#1555,#1623,#285,.T.);
#2088=EDGE_CURVE('',#1599,#1626,#1332,.F.);
#2089=EDGE_CURVE('',#1626,#1627,#1333,.T.);
#2090=EDGE_CURVE('',#1627,#1592,#1334,.F.);
#2091=EDGE_CURVE('',#1568,#1626,#1335,.F.);
#2092=EDGE_CURVE('',#1627,#1567,#1336,.F.);
#2093=EDGE_CURVE('',#1605,#1628,#1337,.F.);
#2094=EDGE_CURVE('',#1628,#1629,#1338,.T.);
#2095=EDGE_CURVE('',#1629,#1600,#1339,.F.);
#2096=EDGE_CURVE('',#1562,#1628,#1340,.F.);
#2097=EDGE_CURVE('',#1629,#1561,#1341,.F.);
#2098=EDGE_CURVE('',#1595,#1630,#1342,.F.);
#2099=EDGE_CURVE('',#1630,#1631,#1343,.T.);
#2100=EDGE_CURVE('',#1631,#1596,#1344,.F.);
#2101=EDGE_CURVE('',#1570,#1630,#1345,.F.);
#2102=EDGE_CURVE('',#1631,#1569,#1346,.F.);
#2103=EDGE_CURVE('',#1611,#1632,#1347,.F.);
#2104=EDGE_CURVE('',#1632,#1633,#1348,.T.);
#2105=EDGE_CURVE('',#1633,#1606,#1349,.F.);
#2106=EDGE_CURVE('',#1564,#1632,#1350,.F.);
#2107=EDGE_CURVE('',#1633,#1563,#1351,.F.);
#2108=EDGE_CURVE('',#1609,#1565,#1352,.T.);
#2109=EDGE_CURVE('',#1608,#1566,#1353,.T.);
#2110=EDGE_CURVE('',#1602,#1560,#1354,.T.);
#2111=EDGE_CURVE('',#1559,#1603,#1355,.T.);
#2112=EDGE_CURVE('',#1587,#1634,#286,.T.);
#2113=EDGE_CURVE('',#1634,#1634,#1176,.T.);
#2114=EDGE_CURVE('',#1635,#1635,#1177,.T.);
#2115=EDGE_CURVE('',#1586,#1636,#287,.T.);
#2116=EDGE_CURVE('',#1636,#1636,#1178,.T.);
#2117=EDGE_CURVE('',#1637,#1637,#1179,.T.);
#2118=EDGE_CURVE('',#1638,#1638,#1180,.T.);
#2119=EDGE_CURVE('',#1638,#1637,#288,.T.);
#2120=EDGE_CURVE('',#1639,#1639,#1181,.T.);
#2121=EDGE_CURVE('',#1639,#1635,#289,.T.);
#2122=EDGE_CURVE('',#1640,#1641,#290,.T.);
#2123=EDGE_CURVE('',#1641,#1642,#291,.T.);
#2124=EDGE_CURVE('',#1642,#1643,#292,.T.);
#2125=EDGE_CURVE('',#1640,#1643,#293,.T.);
#2126=EDGE_CURVE('',#1644,#1641,#294,.T.);
#2127=EDGE_CURVE('',#1644,#1645,#295,.T.);
#2128=EDGE_CURVE('',#1645,#1642,#296,.T.);
#2129=EDGE_CURVE('',#1646,#1640,#297,.T.);
#2130=EDGE_CURVE('',#1646,#1647,#298,.T.);
#2131=EDGE_CURVE('',#1647,#1644,#299,.T.);
#2132=EDGE_CURVE('',#1648,#1645,#300,.T.);
#2133=EDGE_CURVE('',#1649,#1648,#301,.T.);
#2134=EDGE_CURVE('',#1650,#1649,#302,.T.);
#2135=EDGE_CURVE('',#1643,#1650,#303,.T.);
#2136=EDGE_CURVE('',#1531,#1651,#304,.T.);
#2137=EDGE_CURVE('',#1651,#1651,#1182,.T.);
#2138=EDGE_CURVE('',#1652,#1652,#1183,.T.);
#2139=EDGE_CURVE('',#1652,#1528,#305,.T.);
#2140=EDGE_CURVE('',#1653,#1653,#1184,.T.);
#2141=EDGE_CURVE('',#1653,#1534,#306,.T.);
#2142=EDGE_CURVE('',#1654,#1654,#1185,.T.);
#2143=EDGE_CURVE('',#1654,#1525,#307,.T.);
#2144=EDGE_CURVE('',#1647,#1648,#308,.T.);
#2145=EDGE_CURVE('',#1612,#1655,#15,.T.);
#2146=EDGE_CURVE('',#1655,#1656,#309,.T.);
#2147=EDGE_CURVE('',#1656,#1614,#16,.T.);
#2148=EDGE_CURVE('',#1613,#1657,#17,.T.);
#2149=EDGE_CURVE('',#1657,#1658,#18,.T.);
#2150=EDGE_CURVE('',#1658,#1655,#310,.T.);
#2151=EDGE_CURVE('',#1659,#1616,#19,.T.);
#2152=EDGE_CURVE('',#1615,#1660,#20,.T.);
#2153=EDGE_CURVE('',#1660,#1658,#311,.T.);
#2154=EDGE_CURVE('',#1657,#1659,#312,.T.);
#2155=EDGE_CURVE('',#1656,#1660,#313,.T.);
#2156=EDGE_CURVE('',#1656,#1661,#314,.T.);
#2157=EDGE_CURVE('',#1662,#1661,#315,.T.);
#2158=EDGE_CURVE('',#1660,#1662,#316,.T.);
#2159=EDGE_CURVE('',#1655,#1663,#317,.T.);
#2160=EDGE_CURVE('',#1661,#1663,#318,.T.);
#2161=EDGE_CURVE('',#1659,#1664,#21,.T.);
#2162=EDGE_CURVE('',#1664,#1665,#319,.T.);
#2163=EDGE_CURVE('',#1617,#1665,#22,.T.);
#2164=EDGE_CURVE('',#1619,#1666,#23,.T.);
#2165=EDGE_CURVE('',#1666,#1664,#320,.T.);
#2166=EDGE_CURVE('',#1665,#1667,#321,.T.);
#2167=EDGE_CURVE('',#1667,#1618,#24,.T.);
#2168=EDGE_CURVE('',#1667,#1666,#322,.T.);
#2169=EDGE_CURVE('',#1665,#1668,#323,.T.);
#2170=EDGE_CURVE('',#1669,#1668,#324,.T.);
#2171=EDGE_CURVE('',#1667,#1669,#325,.T.);
#2172=EDGE_CURVE('',#1664,#1670,#326,.T.);
#2173=EDGE_CURVE('',#1668,#1670,#327,.T.);
#2174=EDGE_CURVE('',#1666,#1671,#328,.T.);
#2175=EDGE_CURVE('',#1670,#1671,#329,.T.);
#2176=EDGE_CURVE('',#1671,#1669,#330,.T.);
#2177=EDGE_CURVE('',#1658,#1672,#331,.T.);
#2178=EDGE_CURVE('',#1663,#1672,#332,.T.);
#2179=EDGE_CURVE('',#1672,#1662,#333,.T.);
#2180=EDGE_CURVE('',#1673,#1674,#334,.T.);
#2181=EDGE_CURVE('',#1674,#1675,#335,.T.);
#2182=EDGE_CURVE('',#1675,#1676,#336,.T.);
#2183=EDGE_CURVE('',#1673,#1676,#337,.T.);
#2184=EDGE_CURVE('',#1677,#1646,#338,.T.);
#2185=EDGE_CURVE('',#1678,#1677,#339,.T.);
#2186=EDGE_CURVE('',#1647,#1678,#340,.T.);
#2187=EDGE_CURVE('',#1673,#1678,#341,.T.);
#2188=EDGE_CURVE('',#1679,#1676,#342,.T.);
#2189=EDGE_CURVE('',#1649,#1679,#343,.T.);
#2190=EDGE_CURVE('',#1621,#1679,#344,.T.);
#2191=EDGE_CURVE('',#1676,#1680,#345,.T.);
#2192=EDGE_CURVE('',#1680,#1681,#346,.T.);
#2193=EDGE_CURVE('',#1681,#1673,#347,.T.);
#2194=EDGE_CURVE('',#1677,#1547,#348,.T.);
#2195=EDGE_CURVE('',#1682,#1682,#1186,.T.);
#2196=EDGE_CURVE('',#1683,#1683,#1187,.T.);
#2197=EDGE_CURVE('',#1684,#1650,#349,.T.);
#2198=EDGE_CURVE('',#1548,#1684,#350,.T.);
#2199=EDGE_CURVE('',#1685,#1685,#1188,.T.);
#2200=EDGE_CURVE('',#1686,#1686,#1189,.T.);
#2201=EDGE_CURVE('',#1687,#1687,#1190,.T.);
#2202=EDGE_CURVE('',#1688,#1688,#1191,.T.);
#2203=EDGE_CURVE('',#1481,#1689,#25,.T.);
#2204=EDGE_CURVE('',#1689,#1690,#351,.T.);
#2205=EDGE_CURVE('',#1482,#1690,#26,.T.);
#2206=EDGE_CURVE('',#1480,#1691,#27,.T.);
#2207=EDGE_CURVE('',#1691,#1692,#352,.T.);
#2208=EDGE_CURVE('',#1692,#1479,#28,.T.);
#2209=EDGE_CURVE('',#1690,#1691,#353,.T.);
#2210=EDGE_CURVE('',#1692,#1689,#354,.T.);
#2211=EDGE_CURVE('',#1692,#1675,#355,.T.);
#2212=EDGE_CURVE('',#1689,#1674,#356,.T.);
#2213=EDGE_CURVE('',#1691,#1680,#357,.T.);
#2214=EDGE_CURVE('',#1690,#1681,#358,.T.);
#2215=EDGE_CURVE('',#1478,#1683,#359,.T.);
#2216=EDGE_CURVE('',#1477,#1682,#360,.T.);
#2217=EDGE_CURVE('',#1688,#1693,#361,.T.);
#2218=EDGE_CURVE('',#1693,#1693,#1192,.T.);
#2219=EDGE_CURVE('',#1687,#1694,#362,.T.);
#2220=EDGE_CURVE('',#1694,#1694,#1193,.T.);
#2221=EDGE_CURVE('',#1686,#1695,#363,.T.);
#2222=EDGE_CURVE('',#1695,#1695,#1194,.T.);
#2223=EDGE_CURVE('',#1685,#1696,#364,.T.);
#2224=EDGE_CURVE('',#1696,#1696,#1195,.T.);
#2225=EDGE_CURVE('',#1684,#1620,#365,.T.);
#2226=ORIENTED_EDGE('',*,*,#1697,.F.);
#2227=ORIENTED_EDGE('',*,*,#1698,.T.);
#2228=ORIENTED_EDGE('',*,*,#1699,.T.);
#2229=ORIENTED_EDGE('',*,*,#1700,.F.);
#2230=ORIENTED_EDGE('',*,*,#1698,.F.);
#2231=ORIENTED_EDGE('',*,*,#1701,.T.);
#2232=ORIENTED_EDGE('',*,*,#1702,.F.);
#2233=ORIENTED_EDGE('',*,*,#1703,.T.);
#2234=ORIENTED_EDGE('',*,*,#1701,.F.);
#2235=ORIENTED_EDGE('',*,*,#1704,.T.);
#2236=ORIENTED_EDGE('',*,*,#1705,.T.);
#2237=ORIENTED_EDGE('',*,*,#1706,.F.);
#2238=ORIENTED_EDGE('',*,*,#1704,.F.);
#2239=ORIENTED_EDGE('',*,*,#1707,.T.);
#2240=ORIENTED_EDGE('',*,*,#1708,.F.);
#2241=ORIENTED_EDGE('',*,*,#1709,.T.);
#2242=ORIENTED_EDGE('',*,*,#1707,.F.);
#2243=ORIENTED_EDGE('',*,*,#1710,.T.);
#2244=ORIENTED_EDGE('',*,*,#1711,.T.);
#2245=ORIENTED_EDGE('',*,*,#1712,.F.);
#2246=ORIENTED_EDGE('',*,*,#1713,.F.);
#2247=ORIENTED_EDGE('',*,*,#1714,.T.);
#2248=ORIENTED_EDGE('',*,*,#1715,.T.);
#2249=ORIENTED_EDGE('',*,*,#1716,.F.);
#2250=ORIENTED_EDGE('',*,*,#1714,.F.);
#2251=ORIENTED_EDGE('',*,*,#1717,.T.);
#2252=ORIENTED_EDGE('',*,*,#1718,.F.);
#2253=ORIENTED_EDGE('',*,*,#1719,.T.);
#2254=ORIENTED_EDGE('',*,*,#1717,.F.);
#2255=ORIENTED_EDGE('',*,*,#1720,.T.);
#2256=ORIENTED_EDGE('',*,*,#1721,.F.);
#2257=ORIENTED_EDGE('',*,*,#1722,.T.);
#2258=ORIENTED_EDGE('',*,*,#1723,.F.);
#2259=ORIENTED_EDGE('',*,*,#1720,.F.);
#2260=ORIENTED_EDGE('',*,*,#1724,.T.);
#2261=ORIENTED_EDGE('',*,*,#1725,.F.);
#2262=ORIENTED_EDGE('',*,*,#1726,.T.);
#2263=ORIENTED_EDGE('',*,*,#1727,.F.);
#2264=ORIENTED_EDGE('',*,*,#1728,.F.);
#2265=ORIENTED_EDGE('',*,*,#1724,.F.);
#2266=ORIENTED_EDGE('',*,*,#1729,.T.);
#2267=ORIENTED_EDGE('',*,*,#1730,.T.);
#2268=ORIENTED_EDGE('',*,*,#1731,.F.);
#2269=ORIENTED_EDGE('',*,*,#1732,.F.);
#2270=ORIENTED_EDGE('',*,*,#1733,.T.);
#2271=ORIENTED_EDGE('',*,*,#1734,.T.);
#2272=ORIENTED_EDGE('',*,*,#1735,.F.);
#2273=ORIENTED_EDGE('',*,*,#1733,.F.);
#2274=ORIENTED_EDGE('',*,*,#1736,.T.);
#2275=ORIENTED_EDGE('',*,*,#1737,.F.);
#2276=ORIENTED_EDGE('',*,*,#1738,.T.);
#2277=ORIENTED_EDGE('',*,*,#1736,.F.);
#2278=ORIENTED_EDGE('',*,*,#1739,.T.);
#2279=ORIENTED_EDGE('',*,*,#1740,.T.);
#2280=ORIENTED_EDGE('',*,*,#1741,.F.);
#2281=ORIENTED_EDGE('',*,*,#1739,.F.);
#2282=ORIENTED_EDGE('',*,*,#1742,.T.);
#2283=ORIENTED_EDGE('',*,*,#1743,.F.);
#2284=ORIENTED_EDGE('',*,*,#1744,.T.);
#2285=ORIENTED_EDGE('',*,*,#1742,.F.);
#2286=ORIENTED_EDGE('',*,*,#1745,.T.);
#2287=ORIENTED_EDGE('',*,*,#1746,.T.);
#2288=ORIENTED_EDGE('',*,*,#1747,.F.);
#2289=ORIENTED_EDGE('',*,*,#1748,.F.);
#2290=ORIENTED_EDGE('',*,*,#1749,.T.);
#2291=ORIENTED_EDGE('',*,*,#1750,.T.);
#2292=ORIENTED_EDGE('',*,*,#1751,.F.);
#2293=ORIENTED_EDGE('',*,*,#1749,.F.);
#2294=ORIENTED_EDGE('',*,*,#1752,.T.);
#2295=ORIENTED_EDGE('',*,*,#1753,.F.);
#2296=ORIENTED_EDGE('',*,*,#1754,.T.);
#2297=ORIENTED_EDGE('',*,*,#1752,.F.);
#2298=ORIENTED_EDGE('',*,*,#1755,.T.);
#2299=ORIENTED_EDGE('',*,*,#1756,.T.);
#2300=ORIENTED_EDGE('',*,*,#1757,.F.);
#2301=ORIENTED_EDGE('',*,*,#1755,.F.);
#2302=ORIENTED_EDGE('',*,*,#1758,.T.);
#2303=ORIENTED_EDGE('',*,*,#1759,.F.);
#2304=ORIENTED_EDGE('',*,*,#1760,.T.);
#2305=ORIENTED_EDGE('',*,*,#1758,.F.);
#2306=ORIENTED_EDGE('',*,*,#1761,.T.);
#2307=ORIENTED_EDGE('',*,*,#1762,.T.);
#2308=ORIENTED_EDGE('',*,*,#1763,.F.);
#2309=ORIENTED_EDGE('',*,*,#1764,.F.);
#2310=ORIENTED_EDGE('',*,*,#1765,.T.);
#2311=ORIENTED_EDGE('',*,*,#1766,.T.);
#2312=ORIENTED_EDGE('',*,*,#1767,.F.);
#2313=ORIENTED_EDGE('',*,*,#1765,.F.);
#2314=ORIENTED_EDGE('',*,*,#1768,.T.);
#2315=ORIENTED_EDGE('',*,*,#1769,.F.);
#2316=ORIENTED_EDGE('',*,*,#1770,.T.);
#2317=ORIENTED_EDGE('',*,*,#1768,.F.);
#2318=ORIENTED_EDGE('',*,*,#1771,.T.);
#2319=ORIENTED_EDGE('',*,*,#1772,.T.);
#2320=ORIENTED_EDGE('',*,*,#1773,.F.);
#2321=ORIENTED_EDGE('',*,*,#1771,.F.);
#2322=ORIENTED_EDGE('',*,*,#1774,.T.);
#2323=ORIENTED_EDGE('',*,*,#1775,.F.);
#2324=ORIENTED_EDGE('',*,*,#1776,.T.);
#2325=ORIENTED_EDGE('',*,*,#1774,.F.);
#2326=ORIENTED_EDGE('',*,*,#1777,.T.);
#2327=ORIENTED_EDGE('',*,*,#1778,.T.);
#2328=ORIENTED_EDGE('',*,*,#1779,.F.);
#2329=ORIENTED_EDGE('',*,*,#1780,.F.);
#2330=ORIENTED_EDGE('',*,*,#1781,.T.);
#2331=ORIENTED_EDGE('',*,*,#1782,.T.);
#2332=ORIENTED_EDGE('',*,*,#1783,.F.);
#2333=ORIENTED_EDGE('',*,*,#1781,.F.);
#2334=ORIENTED_EDGE('',*,*,#1784,.T.);
#2335=ORIENTED_EDGE('',*,*,#1785,.F.);
#2336=ORIENTED_EDGE('',*,*,#1786,.T.);
#2337=ORIENTED_EDGE('',*,*,#1784,.F.);
#2338=ORIENTED_EDGE('',*,*,#1787,.T.);
#2339=ORIENTED_EDGE('',*,*,#1788,.T.);
#2340=ORIENTED_EDGE('',*,*,#1789,.F.);
#2341=ORIENTED_EDGE('',*,*,#1787,.F.);
#2342=ORIENTED_EDGE('',*,*,#1790,.T.);
#2343=ORIENTED_EDGE('',*,*,#1791,.F.);
#2344=ORIENTED_EDGE('',*,*,#1792,.T.);
#2345=ORIENTED_EDGE('',*,*,#1790,.F.);
#2346=ORIENTED_EDGE('',*,*,#1793,.T.);
#2347=ORIENTED_EDGE('',*,*,#1794,.T.);
#2348=ORIENTED_EDGE('',*,*,#1795,.F.);
#2349=ORIENTED_EDGE('',*,*,#1796,.F.);
#2350=ORIENTED_EDGE('',*,*,#1797,.T.);
#2351=ORIENTED_EDGE('',*,*,#1798,.T.);
#2352=ORIENTED_EDGE('',*,*,#1799,.F.);
#2353=ORIENTED_EDGE('',*,*,#1797,.F.);
#2354=ORIENTED_EDGE('',*,*,#1800,.T.);
#2355=ORIENTED_EDGE('',*,*,#1801,.F.);
#2356=ORIENTED_EDGE('',*,*,#1802,.T.);
#2357=ORIENTED_EDGE('',*,*,#1800,.F.);
#2358=ORIENTED_EDGE('',*,*,#1803,.T.);
#2359=ORIENTED_EDGE('',*,*,#1804,.T.);
#2360=ORIENTED_EDGE('',*,*,#1805,.F.);
#2361=ORIENTED_EDGE('',*,*,#1803,.F.);
#2362=ORIENTED_EDGE('',*,*,#1806,.T.);
#2363=ORIENTED_EDGE('',*,*,#1807,.F.);
#2364=ORIENTED_EDGE('',*,*,#1808,.T.);
#2365=ORIENTED_EDGE('',*,*,#1806,.F.);
#2366=ORIENTED_EDGE('',*,*,#1809,.T.);
#2367=ORIENTED_EDGE('',*,*,#1810,.T.);
#2368=ORIENTED_EDGE('',*,*,#1811,.F.);
#2369=ORIENTED_EDGE('',*,*,#1812,.F.);
#2370=ORIENTED_EDGE('',*,*,#1813,.T.);
#2371=ORIENTED_EDGE('',*,*,#1814,.T.);
#2372=ORIENTED_EDGE('',*,*,#1815,.F.);
#2373=ORIENTED_EDGE('',*,*,#1813,.F.);
#2374=ORIENTED_EDGE('',*,*,#1816,.T.);
#2375=ORIENTED_EDGE('',*,*,#1817,.F.);
#2376=ORIENTED_EDGE('',*,*,#1818,.T.);
#2377=ORIENTED_EDGE('',*,*,#1816,.F.);
#2378=ORIENTED_EDGE('',*,*,#1819,.T.);
#2379=ORIENTED_EDGE('',*,*,#1820,.T.);
#2380=ORIENTED_EDGE('',*,*,#1821,.F.);
#2381=ORIENTED_EDGE('',*,*,#1819,.F.);
#2382=ORIENTED_EDGE('',*,*,#1822,.T.);
#2383=ORIENTED_EDGE('',*,*,#1823,.F.);
#2384=ORIENTED_EDGE('',*,*,#1824,.T.);
#2385=ORIENTED_EDGE('',*,*,#1822,.F.);
#2386=ORIENTED_EDGE('',*,*,#1825,.T.);
#2387=ORIENTED_EDGE('',*,*,#1826,.T.);
#2388=ORIENTED_EDGE('',*,*,#1827,.F.);
#2389=ORIENTED_EDGE('',*,*,#1828,.T.);
#2390=ORIENTED_EDGE('',*,*,#1829,.T.);
#2391=ORIENTED_EDGE('',*,*,#1830,.T.);
#2392=ORIENTED_EDGE('',*,*,#1831,.T.);
#2393=ORIENTED_EDGE('',*,*,#1832,.T.);
#2394=ORIENTED_EDGE('',*,*,#1833,.F.);
#2395=ORIENTED_EDGE('',*,*,#1832,.F.);
#2396=ORIENTED_EDGE('',*,*,#1834,.T.);
#2397=ORIENTED_EDGE('',*,*,#1835,.T.);
#2398=ORIENTED_EDGE('',*,*,#1836,.F.);
#2399=ORIENTED_EDGE('',*,*,#1835,.F.);
#2400=ORIENTED_EDGE('',*,*,#1837,.F.);
#2401=ORIENTED_EDGE('',*,*,#1838,.T.);
#2402=ORIENTED_EDGE('',*,*,#1839,.T.);
#2403=ORIENTED_EDGE('',*,*,#1840,.T.);
#2404=ORIENTED_EDGE('',*,*,#1841,.T.);
#2405=ORIENTED_EDGE('',*,*,#1834,.F.);
#2406=ORIENTED_EDGE('',*,*,#1831,.F.);
#2407=ORIENTED_EDGE('',*,*,#1842,.T.);
#2408=ORIENTED_EDGE('',*,*,#1843,.F.);
#2409=ORIENTED_EDGE('',*,*,#1726,.F.);
#2410=ORIENTED_EDGE('',*,*,#1844,.F.);
#2411=ORIENTED_EDGE('',*,*,#1772,.F.);
#2412=ORIENTED_EDGE('',*,*,#1776,.F.);
#2413=ORIENTED_EDGE('',*,*,#1845,.F.);
#2414=ORIENTED_EDGE('',*,*,#1814,.F.);
#2415=ORIENTED_EDGE('',*,*,#1818,.F.);
#2416=ORIENTED_EDGE('',*,*,#1846,.F.);
#2417=ORIENTED_EDGE('',*,*,#1794,.F.);
#2418=ORIENTED_EDGE('',*,*,#1847,.F.);
#2419=ORIENTED_EDGE('',*,*,#1848,.F.);
#2420=ORIENTED_EDGE('',*,*,#1722,.F.);
#2421=ORIENTED_EDGE('',*,*,#1849,.T.);
#2422=ORIENTED_EDGE('',*,*,#1850,.F.);
#2423=ORIENTED_EDGE('',*,*,#1851,.F.);
#2424=ORIENTED_EDGE('',*,*,#1852,.F.);
#2425=ORIENTED_EDGE('',*,*,#1853,.F.);
#2426=ORIENTED_EDGE('',*,*,#1854,.T.);
#2427=ORIENTED_EDGE('',*,*,#1855,.F.);
#2428=ORIENTED_EDGE('',*,*,#1856,.T.);
#2429=ORIENTED_EDGE('',*,*,#1857,.F.);
#2430=ORIENTED_EDGE('',*,*,#1837,.T.);
#2431=ORIENTED_EDGE('',*,*,#1858,.T.);
#2432=ORIENTED_EDGE('',*,*,#1859,.T.);
#2433=ORIENTED_EDGE('',*,*,#1860,.F.);
#2434=ORIENTED_EDGE('',*,*,#1861,.F.);
#2435=ORIENTED_EDGE('',*,*,#1862,.F.);
#2436=ORIENTED_EDGE('',*,*,#1863,.F.);
#2437=ORIENTED_EDGE('',*,*,#1864,.T.);
#2438=ORIENTED_EDGE('',*,*,#1865,.F.);
#2439=ORIENTED_EDGE('',*,*,#1866,.T.);
#2440=ORIENTED_EDGE('',*,*,#1867,.F.);
#2441=ORIENTED_EDGE('',*,*,#1868,.F.);
#2442=ORIENTED_EDGE('',*,*,#1869,.F.);
#2443=ORIENTED_EDGE('',*,*,#1838,.F.);
#2444=ORIENTED_EDGE('',*,*,#1857,.T.);
#2445=ORIENTED_EDGE('',*,*,#1870,.T.);
#2446=ORIENTED_EDGE('',*,*,#1871,.T.);
#2447=ORIENTED_EDGE('',*,*,#1872,.T.);
#2448=ORIENTED_EDGE('',*,*,#1873,.F.);
#2449=ORIENTED_EDGE('',*,*,#1872,.F.);
#2450=ORIENTED_EDGE('',*,*,#1874,.T.);
#2451=ORIENTED_EDGE('',*,*,#1875,.F.);
#2452=ORIENTED_EDGE('',*,*,#1876,.F.);
#2453=ORIENTED_EDGE('',*,*,#1877,.T.);
#2454=ORIENTED_EDGE('',*,*,#1878,.F.);
#2455=ORIENTED_EDGE('',*,*,#1879,.F.);
#2456=ORIENTED_EDGE('',*,*,#1869,.T.);
#2457=ORIENTED_EDGE('',*,*,#1880,.T.);
#2458=ORIENTED_EDGE('',*,*,#1868,.T.);
#2459=ORIENTED_EDGE('',*,*,#1881,.T.);
#2460=ORIENTED_EDGE('',*,*,#1882,.T.);
#2461=ORIENTED_EDGE('',*,*,#1880,.F.);
#2462=ORIENTED_EDGE('',*,*,#1867,.T.);
#2463=ORIENTED_EDGE('',*,*,#1883,.T.);
#2464=ORIENTED_EDGE('',*,*,#1884,.T.);
#2465=ORIENTED_EDGE('',*,*,#1885,.T.);
#2466=ORIENTED_EDGE('',*,*,#1881,.F.);
#2467=ORIENTED_EDGE('',*,*,#1877,.F.);
#2468=ORIENTED_EDGE('',*,*,#1886,.T.);
#2469=ORIENTED_EDGE('',*,*,#1887,.F.);
#2470=ORIENTED_EDGE('',*,*,#1888,.F.);
#2471=ORIENTED_EDGE('',*,*,#1882,.F.);
#2472=ORIENTED_EDGE('',*,*,#1889,.T.);
#2473=ORIENTED_EDGE('',*,*,#1890,.F.);
#2474=ORIENTED_EDGE('',*,*,#1886,.F.);
#2475=ORIENTED_EDGE('',*,*,#1885,.F.);
#2476=ORIENTED_EDGE('',*,*,#1891,.T.);
#2477=ORIENTED_EDGE('',*,*,#1892,.F.);
#2478=ORIENTED_EDGE('',*,*,#1889,.F.);
#2479=ORIENTED_EDGE('',*,*,#1893,.T.);
#2480=ORIENTED_EDGE('',*,*,#1894,.F.);
#2481=ORIENTED_EDGE('',*,*,#1883,.F.);
#2482=ORIENTED_EDGE('',*,*,#1866,.F.);
#2483=ORIENTED_EDGE('',*,*,#1865,.T.);
#2484=ORIENTED_EDGE('',*,*,#1864,.F.);
#2485=ORIENTED_EDGE('',*,*,#1879,.T.);
#2486=ORIENTED_EDGE('',*,*,#1895,.T.);
#2487=ORIENTED_EDGE('',*,*,#1893,.F.);
#2488=ORIENTED_EDGE('',*,*,#1895,.F.);
#2489=ORIENTED_EDGE('',*,*,#1878,.T.);
#2490=ORIENTED_EDGE('',*,*,#1888,.T.);
#2491=ORIENTED_EDGE('',*,*,#1896,.F.);
#2492=ORIENTED_EDGE('',*,*,#1891,.F.);
#2493=ORIENTED_EDGE('',*,*,#1884,.F.);
#2494=ORIENTED_EDGE('',*,*,#1894,.T.);
#2495=ORIENTED_EDGE('',*,*,#1897,.T.);
#2496=ORIENTED_EDGE('',*,*,#1898,.T.);
#2497=ORIENTED_EDGE('',*,*,#1899,.F.);
#2498=ORIENTED_EDGE('',*,*,#1870,.F.);
#2499=ORIENTED_EDGE('',*,*,#1856,.F.);
#2500=ORIENTED_EDGE('',*,*,#1855,.T.);
#2501=ORIENTED_EDGE('',*,*,#1898,.F.);
#2502=ORIENTED_EDGE('',*,*,#1900,.F.);
#2503=ORIENTED_EDGE('',*,*,#1901,.T.);
#2504=ORIENTED_EDGE('',*,*,#1902,.T.);
#2505=ORIENTED_EDGE('',*,*,#1903,.F.);
#2506=ORIENTED_EDGE('',*,*,#1874,.F.);
#2507=ORIENTED_EDGE('',*,*,#1871,.F.);
#2508=ORIENTED_EDGE('',*,*,#1899,.T.);
#2509=ORIENTED_EDGE('',*,*,#1727,.T.);
#2510=ORIENTED_EDGE('',*,*,#1843,.T.);
#2511=ORIENTED_EDGE('',*,*,#1842,.F.);
#2512=ORIENTED_EDGE('',*,*,#1830,.F.);
#2513=ORIENTED_EDGE('',*,*,#1904,.T.);
#2514=ORIENTED_EDGE('',*,*,#1905,.T.);
#2515=ORIENTED_EDGE('',*,*,#1904,.F.);
#2516=ORIENTED_EDGE('',*,*,#1906,.T.);
#2517=ORIENTED_EDGE('',*,*,#1907,.F.);
#2518=ORIENTED_EDGE('',*,*,#1908,.T.);
#2519=ORIENTED_EDGE('',*,*,#1909,.T.);
#2520=ORIENTED_EDGE('',*,*,#1910,.T.);
#2521=ORIENTED_EDGE('',*,*,#1911,.T.);
#2522=ORIENTED_EDGE('',*,*,#1900,.T.);
#2523=ORIENTED_EDGE('',*,*,#1897,.F.);
#2524=ORIENTED_EDGE('',*,*,#1854,.F.);
#2525=ORIENTED_EDGE('',*,*,#1853,.T.);
#2526=ORIENTED_EDGE('',*,*,#1912,.T.);
#2527=ORIENTED_EDGE('',*,*,#1840,.F.);
#2528=ORIENTED_EDGE('',*,*,#1912,.F.);
#2529=ORIENTED_EDGE('',*,*,#1852,.T.);
#2530=ORIENTED_EDGE('',*,*,#1913,.T.);
#2531=ORIENTED_EDGE('',*,*,#1913,.F.);
#2532=ORIENTED_EDGE('',*,*,#1851,.T.);
#2533=ORIENTED_EDGE('',*,*,#1914,.T.);
#2534=ORIENTED_EDGE('',*,*,#1915,.F.);
#2535=ORIENTED_EDGE('',*,*,#1833,.T.);
#2536=ORIENTED_EDGE('',*,*,#1836,.T.);
#2537=ORIENTED_EDGE('',*,*,#1841,.F.);
#2538=ORIENTED_EDGE('',*,*,#1914,.F.);
#2539=ORIENTED_EDGE('',*,*,#1850,.T.);
#2540=ORIENTED_EDGE('',*,*,#1849,.F.);
#2541=ORIENTED_EDGE('',*,*,#1721,.T.);
#2542=ORIENTED_EDGE('',*,*,#1728,.T.);
#2543=ORIENTED_EDGE('',*,*,#1905,.F.);
#2544=ORIENTED_EDGE('',*,*,#1916,.T.);
#2545=ORIENTED_EDGE('',*,*,#1917,.F.);
#2546=ORIENTED_EDGE('',*,*,#1916,.F.);
#2547=ORIENTED_EDGE('',*,*,#1909,.F.);
#2548=ORIENTED_EDGE('',*,*,#1918,.F.);
#2549=ORIENTED_EDGE('',*,*,#1919,.F.);
#2550=ORIENTED_EDGE('',*,*,#1829,.F.);
#2551=ORIENTED_EDGE('',*,*,#1920,.T.);
#2552=ORIENTED_EDGE('',*,*,#1921,.F.);
#2553=ORIENTED_EDGE('',*,*,#1906,.F.);
#2554=ORIENTED_EDGE('',*,*,#1915,.T.);
#2555=ORIENTED_EDGE('',*,*,#1917,.T.);
#2556=ORIENTED_EDGE('',*,*,#1919,.T.);
#2557=ORIENTED_EDGE('',*,*,#1922,.T.);
#2558=ORIENTED_EDGE('',*,*,#1923,.F.);
#2559=ORIENTED_EDGE('',*,*,#1920,.F.);
#2560=ORIENTED_EDGE('',*,*,#1828,.F.);
#2561=ORIENTED_EDGE('',*,*,#1924,.T.);
#2562=ORIENTED_EDGE('',*,*,#1922,.F.);
#2563=ORIENTED_EDGE('',*,*,#1918,.T.);
#2564=ORIENTED_EDGE('',*,*,#1908,.F.);
#2565=ORIENTED_EDGE('',*,*,#1925,.T.);
#2566=ORIENTED_EDGE('',*,*,#1902,.F.);
#2567=ORIENTED_EDGE('',*,*,#1926,.F.);
#2568=ORIENTED_EDGE('',*,*,#1927,.F.);
#2569=ORIENTED_EDGE('',*,*,#1911,.F.);
#2570=ORIENTED_EDGE('',*,*,#1928,.T.);
#2571=ORIENTED_EDGE('',*,*,#1926,.T.);
#2572=ORIENTED_EDGE('',*,*,#1901,.F.);
#2573=ORIENTED_EDGE('',*,*,#1839,.F.);
#2574=ORIENTED_EDGE('',*,*,#1873,.T.);
#2575=ORIENTED_EDGE('',*,*,#1876,.T.);
#2576=ORIENTED_EDGE('',*,*,#1929,.F.);
#2577=ORIENTED_EDGE('',*,*,#1927,.T.);
#2578=ORIENTED_EDGE('',*,*,#1928,.F.);
#2579=ORIENTED_EDGE('',*,*,#1910,.F.);
#2580=ORIENTED_EDGE('',*,*,#1930,.F.);
#2581=ORIENTED_EDGE('',*,*,#1931,.T.);
#2582=ORIENTED_EDGE('',*,*,#1932,.T.);
#2583=ORIENTED_EDGE('',*,*,#1931,.F.);
#2584=ORIENTED_EDGE('',*,*,#1932,.F.);
#2585=ORIENTED_EDGE('',*,*,#1933,.F.);
#2586=ORIENTED_EDGE('',*,*,#1934,.F.);
#2587=ORIENTED_EDGE('',*,*,#1935,.T.);
#2588=ORIENTED_EDGE('',*,*,#1936,.T.);
#2589=ORIENTED_EDGE('',*,*,#1935,.F.);
#2590=ORIENTED_EDGE('',*,*,#1936,.F.);
#2591=ORIENTED_EDGE('',*,*,#1937,.F.);
#2592=ORIENTED_EDGE('',*,*,#1938,.F.);
#2593=ORIENTED_EDGE('',*,*,#1939,.T.);
#2594=ORIENTED_EDGE('',*,*,#1940,.T.);
#2595=ORIENTED_EDGE('',*,*,#1939,.F.);
#2596=ORIENTED_EDGE('',*,*,#1940,.F.);
#2597=ORIENTED_EDGE('',*,*,#1941,.F.);
#2598=ORIENTED_EDGE('',*,*,#1942,.F.);
#2599=ORIENTED_EDGE('',*,*,#1943,.T.);
#2600=ORIENTED_EDGE('',*,*,#1944,.T.);
#2601=ORIENTED_EDGE('',*,*,#1943,.F.);
#2602=ORIENTED_EDGE('',*,*,#1944,.F.);
#2603=ORIENTED_EDGE('',*,*,#1945,.F.);
#2604=ORIENTED_EDGE('',*,*,#1946,.F.);
#2605=ORIENTED_EDGE('',*,*,#1947,.F.);
#2606=ORIENTED_EDGE('',*,*,#1948,.F.);
#2607=ORIENTED_EDGE('',*,*,#1949,.F.);
#2608=ORIENTED_EDGE('',*,*,#1950,.T.);
#2609=ORIENTED_EDGE('',*,*,#1951,.T.);
#2610=ORIENTED_EDGE('',*,*,#1952,.F.);
#2611=ORIENTED_EDGE('',*,*,#1951,.F.);
#2612=ORIENTED_EDGE('',*,*,#1953,.T.);
#2613=ORIENTED_EDGE('',*,*,#1954,.F.);
#2614=ORIENTED_EDGE('',*,*,#1948,.T.);
#2615=ORIENTED_EDGE('',*,*,#1955,.F.);
#2616=ORIENTED_EDGE('',*,*,#1956,.F.);
#2617=ORIENTED_EDGE('',*,*,#1957,.F.);
#2618=ORIENTED_EDGE('',*,*,#1949,.T.);
#2619=ORIENTED_EDGE('',*,*,#1957,.T.);
#2620=ORIENTED_EDGE('',*,*,#1958,.F.);
#2621=ORIENTED_EDGE('',*,*,#1959,.F.);
#2622=ORIENTED_EDGE('',*,*,#1950,.F.);
#2623=ORIENTED_EDGE('',*,*,#1959,.T.);
#2624=ORIENTED_EDGE('',*,*,#1960,.F.);
#2625=ORIENTED_EDGE('',*,*,#1953,.F.);
#2626=ORIENTED_EDGE('',*,*,#1961,.F.);
#2627=ORIENTED_EDGE('',*,*,#1954,.T.);
#2628=ORIENTED_EDGE('',*,*,#1960,.T.);
#2629=ORIENTED_EDGE('',*,*,#1958,.T.);
#2630=ORIENTED_EDGE('',*,*,#1956,.T.);
#2631=ORIENTED_EDGE('',*,*,#1962,.F.);
#2632=ORIENTED_EDGE('',*,*,#1925,.F.);
#2633=ORIENTED_EDGE('',*,*,#1963,.F.);
#2634=ORIENTED_EDGE('',*,*,#1924,.F.);
#2635=ORIENTED_EDGE('',*,*,#1964,.F.);
#2636=ORIENTED_EDGE('',*,*,#1946,.T.);
#2637=ORIENTED_EDGE('',*,*,#1952,.T.);
#2638=ORIENTED_EDGE('',*,*,#1961,.T.);
#2639=ORIENTED_EDGE('',*,*,#1965,.T.);
#2640=ORIENTED_EDGE('',*,*,#1966,.T.);
#2641=ORIENTED_EDGE('',*,*,#1967,.F.);
#2642=ORIENTED_EDGE('',*,*,#1968,.T.);
#2643=ORIENTED_EDGE('',*,*,#1969,.T.);
#2644=ORIENTED_EDGE('',*,*,#1970,.T.);
#2645=ORIENTED_EDGE('',*,*,#1971,.F.);
#2646=ORIENTED_EDGE('',*,*,#1972,.F.);
#2647=ORIENTED_EDGE('',*,*,#1973,.T.);
#2648=ORIENTED_EDGE('',*,*,#1974,.T.);
#2649=ORIENTED_EDGE('',*,*,#1975,.T.);
#2650=ORIENTED_EDGE('',*,*,#1976,.T.);
#2651=ORIENTED_EDGE('',*,*,#1977,.T.);
#2652=ORIENTED_EDGE('',*,*,#1978,.T.);
#2653=ORIENTED_EDGE('',*,*,#1979,.T.);
#2654=ORIENTED_EDGE('',*,*,#1980,.T.);
#2655=ORIENTED_EDGE('',*,*,#1981,.T.);
#2656=ORIENTED_EDGE('',*,*,#1982,.T.);
#2657=ORIENTED_EDGE('',*,*,#1983,.T.);
#2658=ORIENTED_EDGE('',*,*,#1984,.T.);
#2659=ORIENTED_EDGE('',*,*,#1985,.T.);
#2660=ORIENTED_EDGE('',*,*,#1986,.T.);
#2661=ORIENTED_EDGE('',*,*,#1987,.T.);
#2662=ORIENTED_EDGE('',*,*,#1988,.T.);
#2663=ORIENTED_EDGE('',*,*,#1989,.T.);
#2664=ORIENTED_EDGE('',*,*,#1968,.F.);
#2665=ORIENTED_EDGE('',*,*,#1990,.F.);
#2666=ORIENTED_EDGE('',*,*,#1991,.T.);
#2667=ORIENTED_EDGE('',*,*,#1992,.T.);
#2668=ORIENTED_EDGE('',*,*,#1993,.T.);
#2669=ORIENTED_EDGE('',*,*,#1994,.T.);
#2670=ORIENTED_EDGE('',*,*,#1995,.F.);
#2671=ORIENTED_EDGE('',*,*,#1996,.F.);
#2672=ORIENTED_EDGE('',*,*,#1997,.T.);
#2673=ORIENTED_EDGE('',*,*,#1991,.F.);
#2674=ORIENTED_EDGE('',*,*,#1969,.F.);
#2675=ORIENTED_EDGE('',*,*,#1994,.F.);
#2676=ORIENTED_EDGE('',*,*,#1998,.F.);
#2677=ORIENTED_EDGE('',*,*,#1999,.F.);
#2678=ORIENTED_EDGE('',*,*,#2000,.F.);
#2679=ORIENTED_EDGE('',*,*,#1998,.T.);
#2680=ORIENTED_EDGE('',*,*,#1993,.F.);
#2681=ORIENTED_EDGE('',*,*,#2001,.F.);
#2682=ORIENTED_EDGE('',*,*,#2002,.F.);
#2683=ORIENTED_EDGE('',*,*,#2001,.T.);
#2684=ORIENTED_EDGE('',*,*,#1992,.F.);
#2685=ORIENTED_EDGE('',*,*,#1997,.F.);
#2686=ORIENTED_EDGE('',*,*,#1970,.F.);
#2687=ORIENTED_EDGE('',*,*,#1999,.T.);
#2688=ORIENTED_EDGE('',*,*,#2000,.T.);
#2689=ORIENTED_EDGE('',*,*,#2002,.T.);
#2690=ORIENTED_EDGE('',*,*,#1996,.T.);
#2691=ORIENTED_EDGE('',*,*,#2003,.F.);
#2692=ORIENTED_EDGE('',*,*,#1812,.T.);
#2693=ORIENTED_EDGE('',*,*,#2004,.F.);
#2694=ORIENTED_EDGE('',*,*,#2005,.T.);
#2695=ORIENTED_EDGE('',*,*,#1825,.F.);
#2696=ORIENTED_EDGE('',*,*,#1796,.T.);
#2697=ORIENTED_EDGE('',*,*,#2006,.F.);
#2698=ORIENTED_EDGE('',*,*,#2007,.T.);
#2699=ORIENTED_EDGE('',*,*,#1809,.F.);
#2700=ORIENTED_EDGE('',*,*,#1780,.T.);
#2701=ORIENTED_EDGE('',*,*,#2008,.F.);
#2702=ORIENTED_EDGE('',*,*,#1847,.T.);
#2703=ORIENTED_EDGE('',*,*,#1793,.F.);
#2704=ORIENTED_EDGE('',*,*,#1791,.T.);
#2705=ORIENTED_EDGE('',*,*,#1795,.T.);
#2706=ORIENTED_EDGE('',*,*,#1846,.T.);
#2707=ORIENTED_EDGE('',*,*,#1817,.T.);
#2708=ORIENTED_EDGE('',*,*,#1821,.T.);
#2709=ORIENTED_EDGE('',*,*,#2009,.T.);
#2710=ORIENTED_EDGE('',*,*,#1764,.T.);
#2711=ORIENTED_EDGE('',*,*,#2010,.F.);
#2712=ORIENTED_EDGE('',*,*,#2011,.T.);
#2713=ORIENTED_EDGE('',*,*,#1777,.F.);
#2714=ORIENTED_EDGE('',*,*,#1748,.T.);
#2715=ORIENTED_EDGE('',*,*,#2012,.F.);
#2716=ORIENTED_EDGE('',*,*,#2013,.T.);
#2717=ORIENTED_EDGE('',*,*,#1761,.F.);
#2718=ORIENTED_EDGE('',*,*,#1759,.T.);
#2719=ORIENTED_EDGE('',*,*,#1763,.T.);
#2720=ORIENTED_EDGE('',*,*,#2014,.T.);
#2721=ORIENTED_EDGE('',*,*,#2006,.T.);
#2722=ORIENTED_EDGE('',*,*,#1799,.T.);
#2723=ORIENTED_EDGE('',*,*,#2015,.T.);
#2724=ORIENTED_EDGE('',*,*,#1732,.T.);
#2725=ORIENTED_EDGE('',*,*,#2016,.F.);
#2726=ORIENTED_EDGE('',*,*,#2017,.T.);
#2727=ORIENTED_EDGE('',*,*,#1745,.F.);
#2728=ORIENTED_EDGE('',*,*,#1713,.T.);
#2729=ORIENTED_EDGE('',*,*,#2018,.F.);
#2730=ORIENTED_EDGE('',*,*,#2019,.T.);
#2731=ORIENTED_EDGE('',*,*,#1729,.F.);
#2732=ORIENTED_EDGE('',*,*,#1725,.T.);
#2733=ORIENTED_EDGE('',*,*,#1731,.T.);
#2734=ORIENTED_EDGE('',*,*,#2020,.T.);
#2735=ORIENTED_EDGE('',*,*,#1769,.T.);
#2736=ORIENTED_EDGE('',*,*,#1773,.T.);
#2737=ORIENTED_EDGE('',*,*,#1844,.T.);
#2738=ORIENTED_EDGE('',*,*,#2008,.T.);
#2739=ORIENTED_EDGE('',*,*,#1783,.T.);
#2740=ORIENTED_EDGE('',*,*,#2021,.T.);
#2741=ORIENTED_EDGE('',*,*,#1718,.T.);
#2742=ORIENTED_EDGE('',*,*,#1723,.T.);
#2743=ORIENTED_EDGE('',*,*,#1848,.T.);
#2744=ORIENTED_EDGE('',*,*,#1697,.T.);
#2745=ORIENTED_EDGE('',*,*,#2022,.F.);
#2746=ORIENTED_EDGE('',*,*,#2023,.T.);
#2747=ORIENTED_EDGE('',*,*,#1710,.F.);
#2748=ORIENTED_EDGE('',*,*,#1737,.T.);
#2749=ORIENTED_EDGE('',*,*,#1741,.T.);
#2750=ORIENTED_EDGE('',*,*,#2024,.T.);
#2751=ORIENTED_EDGE('',*,*,#1702,.T.);
#2752=ORIENTED_EDGE('',*,*,#1706,.T.);
#2753=ORIENTED_EDGE('',*,*,#2025,.T.);
#2754=ORIENTED_EDGE('',*,*,#2018,.T.);
#2755=ORIENTED_EDGE('',*,*,#1716,.T.);
#2756=ORIENTED_EDGE('',*,*,#2026,.T.);
#2757=ORIENTED_EDGE('',*,*,#2022,.T.);
#2758=ORIENTED_EDGE('',*,*,#1700,.T.);
#2759=ORIENTED_EDGE('',*,*,#2027,.T.);
#2760=ORIENTED_EDGE('',*,*,#1708,.T.);
#2761=ORIENTED_EDGE('',*,*,#1712,.T.);
#2762=ORIENTED_EDGE('',*,*,#2028,.T.);
#2763=ORIENTED_EDGE('',*,*,#1753,.T.);
#2764=ORIENTED_EDGE('',*,*,#1757,.T.);
#2765=ORIENTED_EDGE('',*,*,#2029,.T.);
#2766=ORIENTED_EDGE('',*,*,#1801,.T.);
#2767=ORIENTED_EDGE('',*,*,#1805,.T.);
#2768=ORIENTED_EDGE('',*,*,#2030,.T.);
#2769=ORIENTED_EDGE('',*,*,#2016,.T.);
#2770=ORIENTED_EDGE('',*,*,#1735,.T.);
#2771=ORIENTED_EDGE('',*,*,#2031,.T.);
#2772=ORIENTED_EDGE('',*,*,#1743,.T.);
#2773=ORIENTED_EDGE('',*,*,#1747,.T.);
#2774=ORIENTED_EDGE('',*,*,#2032,.T.);
#2775=ORIENTED_EDGE('',*,*,#2010,.T.);
#2776=ORIENTED_EDGE('',*,*,#1767,.T.);
#2777=ORIENTED_EDGE('',*,*,#2033,.T.);
#2778=ORIENTED_EDGE('',*,*,#2012,.T.);
#2779=ORIENTED_EDGE('',*,*,#1751,.T.);
#2780=ORIENTED_EDGE('',*,*,#2034,.T.);
#2781=ORIENTED_EDGE('',*,*,#1785,.T.);
#2782=ORIENTED_EDGE('',*,*,#1789,.T.);
#2783=ORIENTED_EDGE('',*,*,#2035,.T.);
#2784=ORIENTED_EDGE('',*,*,#1775,.T.);
#2785=ORIENTED_EDGE('',*,*,#1779,.T.);
#2786=ORIENTED_EDGE('',*,*,#2036,.T.);
#2787=ORIENTED_EDGE('',*,*,#2004,.T.);
#2788=ORIENTED_EDGE('',*,*,#1815,.T.);
#2789=ORIENTED_EDGE('',*,*,#1845,.T.);
#2790=ORIENTED_EDGE('',*,*,#1823,.T.);
#2791=ORIENTED_EDGE('',*,*,#1827,.T.);
#2792=ORIENTED_EDGE('',*,*,#2037,.T.);
#2793=ORIENTED_EDGE('',*,*,#1807,.T.);
#2794=ORIENTED_EDGE('',*,*,#1811,.T.);
#2795=ORIENTED_EDGE('',*,*,#2038,.T.);
#2796=ORIENTED_EDGE('',*,*,#2013,.F.);
#2797=ORIENTED_EDGE('',*,*,#2035,.F.);
#2798=ORIENTED_EDGE('',*,*,#1788,.F.);
#2799=ORIENTED_EDGE('',*,*,#1792,.F.);
#2800=ORIENTED_EDGE('',*,*,#2009,.F.);
#2801=ORIENTED_EDGE('',*,*,#1820,.F.);
#2802=ORIENTED_EDGE('',*,*,#1824,.F.);
#2803=ORIENTED_EDGE('',*,*,#2038,.F.);
#2804=ORIENTED_EDGE('',*,*,#1810,.F.);
#2805=ORIENTED_EDGE('',*,*,#2007,.F.);
#2806=ORIENTED_EDGE('',*,*,#2014,.F.);
#2807=ORIENTED_EDGE('',*,*,#1762,.F.);
#2808=ORIENTED_EDGE('',*,*,#2017,.F.);
#2809=ORIENTED_EDGE('',*,*,#2030,.F.);
#2810=ORIENTED_EDGE('',*,*,#1804,.F.);
#2811=ORIENTED_EDGE('',*,*,#1808,.F.);
#2812=ORIENTED_EDGE('',*,*,#2037,.F.);
#2813=ORIENTED_EDGE('',*,*,#1826,.F.);
#2814=ORIENTED_EDGE('',*,*,#2005,.F.);
#2815=ORIENTED_EDGE('',*,*,#2036,.F.);
#2816=ORIENTED_EDGE('',*,*,#1778,.F.);
#2817=ORIENTED_EDGE('',*,*,#2011,.F.);
#2818=ORIENTED_EDGE('',*,*,#2032,.F.);
#2819=ORIENTED_EDGE('',*,*,#1746,.F.);
#2820=ORIENTED_EDGE('',*,*,#2039,.T.);
#2821=ORIENTED_EDGE('',*,*,#2040,.T.);
#2822=ORIENTED_EDGE('',*,*,#1942,.T.);
#2823=ORIENTED_EDGE('',*,*,#1938,.T.);
#2824=ORIENTED_EDGE('',*,*,#1934,.T.);
#2825=ORIENTED_EDGE('',*,*,#1930,.T.);
#2826=ORIENTED_EDGE('',*,*,#1703,.F.);
#2827=ORIENTED_EDGE('',*,*,#2024,.F.);
#2828=ORIENTED_EDGE('',*,*,#1740,.F.);
#2829=ORIENTED_EDGE('',*,*,#1744,.F.);
#2830=ORIENTED_EDGE('',*,*,#2033,.F.);
#2831=ORIENTED_EDGE('',*,*,#1766,.F.);
#2832=ORIENTED_EDGE('',*,*,#1770,.F.);
#2833=ORIENTED_EDGE('',*,*,#2020,.F.);
#2834=ORIENTED_EDGE('',*,*,#1730,.F.);
#2835=ORIENTED_EDGE('',*,*,#2019,.F.);
#2836=ORIENTED_EDGE('',*,*,#2027,.F.);
#2837=ORIENTED_EDGE('',*,*,#1699,.F.);
#2838=ORIENTED_EDGE('',*,*,#2041,.F.);
#2839=ORIENTED_EDGE('',*,*,#2042,.F.);
#2840=ORIENTED_EDGE('',*,*,#2043,.F.);
#2841=ORIENTED_EDGE('',*,*,#2044,.F.);
#2842=ORIENTED_EDGE('',*,*,#2045,.T.);
#2843=ORIENTED_EDGE('',*,*,#2046,.F.);
#2844=ORIENTED_EDGE('',*,*,#2047,.T.);
#2845=ORIENTED_EDGE('',*,*,#2048,.F.);
#2846=ORIENTED_EDGE('',*,*,#2049,.T.);
#2847=ORIENTED_EDGE('',*,*,#2050,.F.);
#2848=ORIENTED_EDGE('',*,*,#2051,.T.);
#2849=ORIENTED_EDGE('',*,*,#2052,.F.);
#2850=ORIENTED_EDGE('',*,*,#2053,.T.);
#2851=ORIENTED_EDGE('',*,*,#2054,.F.);
#2852=ORIENTED_EDGE('',*,*,#2055,.F.);
#2853=ORIENTED_EDGE('',*,*,#2056,.F.);
#2854=ORIENTED_EDGE('',*,*,#2057,.T.);
#2855=ORIENTED_EDGE('',*,*,#2058,.F.);
#2856=ORIENTED_EDGE('',*,*,#2059,.T.);
#2857=ORIENTED_EDGE('',*,*,#2060,.F.);
#2858=ORIENTED_EDGE('',*,*,#2061,.F.);
#2859=ORIENTED_EDGE('',*,*,#2062,.F.);
#2860=ORIENTED_EDGE('',*,*,#2063,.T.);
#2861=ORIENTED_EDGE('',*,*,#2064,.F.);
#2862=ORIENTED_EDGE('',*,*,#1709,.F.);
#2863=ORIENTED_EDGE('',*,*,#2029,.F.);
#2864=ORIENTED_EDGE('',*,*,#1756,.F.);
#2865=ORIENTED_EDGE('',*,*,#1760,.F.);
#2866=ORIENTED_EDGE('',*,*,#2015,.F.);
#2867=ORIENTED_EDGE('',*,*,#1798,.F.);
#2868=ORIENTED_EDGE('',*,*,#1802,.F.);
#2869=ORIENTED_EDGE('',*,*,#2031,.F.);
#2870=ORIENTED_EDGE('',*,*,#1734,.F.);
#2871=ORIENTED_EDGE('',*,*,#1738,.F.);
#2872=ORIENTED_EDGE('',*,*,#2025,.F.);
#2873=ORIENTED_EDGE('',*,*,#1705,.F.);
#2874=ORIENTED_EDGE('',*,*,#2065,.F.);
#2875=ORIENTED_EDGE('',*,*,#2066,.F.);
#2876=ORIENTED_EDGE('',*,*,#2067,.F.);
#2877=ORIENTED_EDGE('',*,*,#2068,.F.);
#2878=ORIENTED_EDGE('',*,*,#2069,.F.);
#2879=ORIENTED_EDGE('',*,*,#2070,.F.);
#2880=ORIENTED_EDGE('',*,*,#2071,.F.);
#2881=ORIENTED_EDGE('',*,*,#2072,.F.);
#2882=ORIENTED_EDGE('',*,*,#2023,.F.);
#2883=ORIENTED_EDGE('',*,*,#2026,.F.);
#2884=ORIENTED_EDGE('',*,*,#1715,.F.);
#2885=ORIENTED_EDGE('',*,*,#1719,.F.);
#2886=ORIENTED_EDGE('',*,*,#2021,.F.);
#2887=ORIENTED_EDGE('',*,*,#1782,.F.);
#2888=ORIENTED_EDGE('',*,*,#1786,.F.);
#2889=ORIENTED_EDGE('',*,*,#2034,.F.);
#2890=ORIENTED_EDGE('',*,*,#1750,.F.);
#2891=ORIENTED_EDGE('',*,*,#1754,.F.);
#2892=ORIENTED_EDGE('',*,*,#2028,.F.);
#2893=ORIENTED_EDGE('',*,*,#1711,.F.);
#2894=ORIENTED_EDGE('',*,*,#2073,.T.);
#2895=ORIENTED_EDGE('',*,*,#2074,.T.);
#2896=ORIENTED_EDGE('',*,*,#1972,.T.);
#2897=ORIENTED_EDGE('',*,*,#2075,.T.);
#2898=ORIENTED_EDGE('',*,*,#2043,.T.);
#2899=ORIENTED_EDGE('',*,*,#2076,.T.);
#2900=ORIENTED_EDGE('',*,*,#2077,.T.);
#2901=ORIENTED_EDGE('',*,*,#2078,.T.);
#2902=ORIENTED_EDGE('',*,*,#2041,.T.);
#2903=ORIENTED_EDGE('',*,*,#2079,.T.);
#2904=ORIENTED_EDGE('',*,*,#2080,.T.);
#2905=ORIENTED_EDGE('',*,*,#2081,.T.);
#2906=ORIENTED_EDGE('',*,*,#2082,.T.);
#2907=ORIENTED_EDGE('',*,*,#2079,.F.);
#2908=ORIENTED_EDGE('',*,*,#2044,.T.);
#2909=ORIENTED_EDGE('',*,*,#2078,.F.);
#2910=ORIENTED_EDGE('',*,*,#2042,.T.);
#2911=ORIENTED_EDGE('',*,*,#2081,.F.);
#2912=ORIENTED_EDGE('',*,*,#2083,.T.);
#2913=ORIENTED_EDGE('',*,*,#2076,.F.);
#2914=ORIENTED_EDGE('',*,*,#2083,.F.);
#2915=ORIENTED_EDGE('',*,*,#2084,.F.);
#2916=ORIENTED_EDGE('',*,*,#1975,.F.);
#2917=ORIENTED_EDGE('',*,*,#2085,.F.);
#2918=ORIENTED_EDGE('',*,*,#2080,.F.);
#2919=ORIENTED_EDGE('',*,*,#2086,.T.);
#2920=ORIENTED_EDGE('',*,*,#1976,.F.);
#2921=ORIENTED_EDGE('',*,*,#2084,.T.);
#2922=ORIENTED_EDGE('',*,*,#2082,.F.);
#2923=ORIENTED_EDGE('',*,*,#2087,.F.);
#2924=ORIENTED_EDGE('',*,*,#1977,.F.);
#2925=ORIENTED_EDGE('',*,*,#2086,.F.);
#2926=ORIENTED_EDGE('',*,*,#2077,.F.);
#2927=ORIENTED_EDGE('',*,*,#2085,.T.);
#2928=ORIENTED_EDGE('',*,*,#1974,.F.);
#2929=ORIENTED_EDGE('',*,*,#2087,.T.);
#2930=ORIENTED_EDGE('',*,*,#2088,.T.);
#2931=ORIENTED_EDGE('',*,*,#2089,.T.);
#2932=ORIENTED_EDGE('',*,*,#2090,.T.);
#2933=ORIENTED_EDGE('',*,*,#2052,.T.);
#2934=ORIENTED_EDGE('',*,*,#2089,.F.);
#2935=ORIENTED_EDGE('',*,*,#2091,.F.);
#2936=ORIENTED_EDGE('',*,*,#1986,.F.);
#2937=ORIENTED_EDGE('',*,*,#2092,.F.);
#2938=ORIENTED_EDGE('',*,*,#2093,.T.);
#2939=ORIENTED_EDGE('',*,*,#2094,.T.);
#2940=ORIENTED_EDGE('',*,*,#2095,.T.);
#2941=ORIENTED_EDGE('',*,*,#2058,.T.);
#2942=ORIENTED_EDGE('',*,*,#2094,.F.);
#2943=ORIENTED_EDGE('',*,*,#2096,.F.);
#2944=ORIENTED_EDGE('',*,*,#1980,.F.);
#2945=ORIENTED_EDGE('',*,*,#2097,.F.);
#2946=ORIENTED_EDGE('',*,*,#2098,.T.);
#2947=ORIENTED_EDGE('',*,*,#2099,.T.);
#2948=ORIENTED_EDGE('',*,*,#2100,.T.);
#2949=ORIENTED_EDGE('',*,*,#2048,.T.);
#2950=ORIENTED_EDGE('',*,*,#2099,.F.);
#2951=ORIENTED_EDGE('',*,*,#2101,.F.);
#2952=ORIENTED_EDGE('',*,*,#1988,.F.);
#2953=ORIENTED_EDGE('',*,*,#2102,.F.);
#2954=ORIENTED_EDGE('',*,*,#2103,.T.);
#2955=ORIENTED_EDGE('',*,*,#2104,.T.);
#2956=ORIENTED_EDGE('',*,*,#2105,.T.);
#2957=ORIENTED_EDGE('',*,*,#2064,.T.);
#2958=ORIENTED_EDGE('',*,*,#2104,.F.);
#2959=ORIENTED_EDGE('',*,*,#2106,.F.);
#2960=ORIENTED_EDGE('',*,*,#1982,.F.);
#2961=ORIENTED_EDGE('',*,*,#2107,.F.);
#2962=ORIENTED_EDGE('',*,*,#2092,.T.);
#2963=ORIENTED_EDGE('',*,*,#1989,.F.);
#2964=ORIENTED_EDGE('',*,*,#2101,.T.);
#2965=ORIENTED_EDGE('',*,*,#2098,.F.);
#2966=ORIENTED_EDGE('',*,*,#2047,.F.);
#2967=ORIENTED_EDGE('',*,*,#2046,.T.);
#2968=ORIENTED_EDGE('',*,*,#2045,.F.);
#2969=ORIENTED_EDGE('',*,*,#2090,.F.);
#2970=ORIENTED_EDGE('',*,*,#2102,.T.);
#2971=ORIENTED_EDGE('',*,*,#1987,.F.);
#2972=ORIENTED_EDGE('',*,*,#2091,.T.);
#2973=ORIENTED_EDGE('',*,*,#2088,.F.);
#2974=ORIENTED_EDGE('',*,*,#2051,.F.);
#2975=ORIENTED_EDGE('',*,*,#2050,.T.);
#2976=ORIENTED_EDGE('',*,*,#2049,.F.);
#2977=ORIENTED_EDGE('',*,*,#2100,.F.);
#2978=ORIENTED_EDGE('',*,*,#1983,.F.);
#2979=ORIENTED_EDGE('',*,*,#2106,.T.);
#2980=ORIENTED_EDGE('',*,*,#2103,.F.);
#2981=ORIENTED_EDGE('',*,*,#2063,.F.);
#2982=ORIENTED_EDGE('',*,*,#2062,.T.);
#2983=ORIENTED_EDGE('',*,*,#2108,.T.);
#2984=ORIENTED_EDGE('',*,*,#2061,.T.);
#2985=ORIENTED_EDGE('',*,*,#2109,.T.);
#2986=ORIENTED_EDGE('',*,*,#1984,.F.);
#2987=ORIENTED_EDGE('',*,*,#2108,.F.);
#2988=ORIENTED_EDGE('',*,*,#2060,.T.);
#2989=ORIENTED_EDGE('',*,*,#2059,.F.);
#2990=ORIENTED_EDGE('',*,*,#2105,.F.);
#2991=ORIENTED_EDGE('',*,*,#2107,.T.);
#2992=ORIENTED_EDGE('',*,*,#1985,.F.);
#2993=ORIENTED_EDGE('',*,*,#2109,.F.);
#2994=ORIENTED_EDGE('',*,*,#2055,.T.);
#2995=ORIENTED_EDGE('',*,*,#2110,.T.);
#2996=ORIENTED_EDGE('',*,*,#1978,.F.);
#2997=ORIENTED_EDGE('',*,*,#2111,.T.);
#2998=ORIENTED_EDGE('',*,*,#2054,.T.);
#2999=ORIENTED_EDGE('',*,*,#2053,.F.);
#3000=ORIENTED_EDGE('',*,*,#2095,.F.);
#3001=ORIENTED_EDGE('',*,*,#2097,.T.);
#3002=ORIENTED_EDGE('',*,*,#1979,.F.);
#3003=ORIENTED_EDGE('',*,*,#2110,.F.);
#3004=ORIENTED_EDGE('',*,*,#1981,.F.);
#3005=ORIENTED_EDGE('',*,*,#2096,.T.);
#3006=ORIENTED_EDGE('',*,*,#2093,.F.);
#3007=ORIENTED_EDGE('',*,*,#2057,.F.);
#3008=ORIENTED_EDGE('',*,*,#2056,.T.);
#3009=ORIENTED_EDGE('',*,*,#2111,.F.);
#3010=ORIENTED_EDGE('',*,*,#2040,.F.);
#3011=ORIENTED_EDGE('',*,*,#2112,.T.);
#3012=ORIENTED_EDGE('',*,*,#2113,.T.);
#3013=ORIENTED_EDGE('',*,*,#2112,.F.);
#3014=ORIENTED_EDGE('',*,*,#2113,.F.);
#3015=ORIENTED_EDGE('',*,*,#2114,.F.);
#3016=ORIENTED_EDGE('',*,*,#2039,.F.);
#3017=ORIENTED_EDGE('',*,*,#2115,.T.);
#3018=ORIENTED_EDGE('',*,*,#2116,.T.);
#3019=ORIENTED_EDGE('',*,*,#2115,.F.);
#3020=ORIENTED_EDGE('',*,*,#2116,.F.);
#3021=ORIENTED_EDGE('',*,*,#2117,.F.);
#3022=ORIENTED_EDGE('',*,*,#2118,.F.);
#3023=ORIENTED_EDGE('',*,*,#2119,.T.);
#3024=ORIENTED_EDGE('',*,*,#2117,.T.);
#3025=ORIENTED_EDGE('',*,*,#2119,.F.);
#3026=ORIENTED_EDGE('',*,*,#2120,.F.);
#3027=ORIENTED_EDGE('',*,*,#2121,.T.);
#3028=ORIENTED_EDGE('',*,*,#2114,.T.);
#3029=ORIENTED_EDGE('',*,*,#2121,.F.);
#3030=ORIENTED_EDGE('',*,*,#2122,.T.);
#3031=ORIENTED_EDGE('',*,*,#2123,.T.);
#3032=ORIENTED_EDGE('',*,*,#2124,.T.);
#3033=ORIENTED_EDGE('',*,*,#2125,.F.);
#3034=ORIENTED_EDGE('',*,*,#2126,.F.);
#3035=ORIENTED_EDGE('',*,*,#2127,.T.);
#3036=ORIENTED_EDGE('',*,*,#2128,.T.);
#3037=ORIENTED_EDGE('',*,*,#2123,.F.);
#3038=ORIENTED_EDGE('',*,*,#2118,.T.);
#3039=ORIENTED_EDGE('',*,*,#2120,.T.);
#3040=ORIENTED_EDGE('',*,*,#2129,.F.);
#3041=ORIENTED_EDGE('',*,*,#2130,.T.);
#3042=ORIENTED_EDGE('',*,*,#2131,.T.);
#3043=ORIENTED_EDGE('',*,*,#2126,.T.);
#3044=ORIENTED_EDGE('',*,*,#2122,.F.);
#3045=ORIENTED_EDGE('',*,*,#2132,.F.);
#3046=ORIENTED_EDGE('',*,*,#2133,.F.);
#3047=ORIENTED_EDGE('',*,*,#2134,.F.);
#3048=ORIENTED_EDGE('',*,*,#2135,.F.);
#3049=ORIENTED_EDGE('',*,*,#2124,.F.);
#3050=ORIENTED_EDGE('',*,*,#2128,.F.);
#3051=ORIENTED_EDGE('',*,*,#1941,.T.);
#3052=ORIENTED_EDGE('',*,*,#2136,.T.);
#3053=ORIENTED_EDGE('',*,*,#2137,.F.);
#3054=ORIENTED_EDGE('',*,*,#2136,.F.);
#3055=ORIENTED_EDGE('',*,*,#2138,.F.);
#3056=ORIENTED_EDGE('',*,*,#2139,.T.);
#3057=ORIENTED_EDGE('',*,*,#1937,.T.);
#3058=ORIENTED_EDGE('',*,*,#2139,.F.);
#3059=ORIENTED_EDGE('',*,*,#2140,.F.);
#3060=ORIENTED_EDGE('',*,*,#2141,.T.);
#3061=ORIENTED_EDGE('',*,*,#1945,.T.);
#3062=ORIENTED_EDGE('',*,*,#2141,.F.);
#3063=ORIENTED_EDGE('',*,*,#2142,.F.);
#3064=ORIENTED_EDGE('',*,*,#2143,.T.);
#3065=ORIENTED_EDGE('',*,*,#1933,.T.);
#3066=ORIENTED_EDGE('',*,*,#2143,.F.);
#3067=ORIENTED_EDGE('',*,*,#2131,.F.);
#3068=ORIENTED_EDGE('',*,*,#2144,.T.);
#3069=ORIENTED_EDGE('',*,*,#2132,.T.);
#3070=ORIENTED_EDGE('',*,*,#2127,.F.);
#3071=ORIENTED_EDGE('',*,*,#2066,.T.);
#3072=ORIENTED_EDGE('',*,*,#2145,.T.);
#3073=ORIENTED_EDGE('',*,*,#2146,.T.);
#3074=ORIENTED_EDGE('',*,*,#2147,.T.);
#3075=ORIENTED_EDGE('',*,*,#2065,.T.);
#3076=ORIENTED_EDGE('',*,*,#2148,.T.);
#3077=ORIENTED_EDGE('',*,*,#2149,.T.);
#3078=ORIENTED_EDGE('',*,*,#2150,.T.);
#3079=ORIENTED_EDGE('',*,*,#2145,.F.);
#3080=ORIENTED_EDGE('',*,*,#2151,.T.);
#3081=ORIENTED_EDGE('',*,*,#2068,.T.);
#3082=ORIENTED_EDGE('',*,*,#2152,.T.);
#3083=ORIENTED_EDGE('',*,*,#2153,.T.);
#3084=ORIENTED_EDGE('',*,*,#2149,.F.);
#3085=ORIENTED_EDGE('',*,*,#2154,.T.);
#3086=ORIENTED_EDGE('',*,*,#2155,.T.);
#3087=ORIENTED_EDGE('',*,*,#2152,.F.);
#3088=ORIENTED_EDGE('',*,*,#2067,.T.);
#3089=ORIENTED_EDGE('',*,*,#2147,.F.);
#3090=ORIENTED_EDGE('',*,*,#2155,.F.);
#3091=ORIENTED_EDGE('',*,*,#2156,.T.);
#3092=ORIENTED_EDGE('',*,*,#2157,.F.);
#3093=ORIENTED_EDGE('',*,*,#2158,.F.);
#3094=ORIENTED_EDGE('',*,*,#2146,.F.);
#3095=ORIENTED_EDGE('',*,*,#2159,.T.);
#3096=ORIENTED_EDGE('',*,*,#2160,.F.);
#3097=ORIENTED_EDGE('',*,*,#2156,.F.);
#3098=ORIENTED_EDGE('',*,*,#2151,.F.);
#3099=ORIENTED_EDGE('',*,*,#2161,.T.);
#3100=ORIENTED_EDGE('',*,*,#2162,.T.);
#3101=ORIENTED_EDGE('',*,*,#2163,.F.);
#3102=ORIENTED_EDGE('',*,*,#2069,.T.);
#3103=ORIENTED_EDGE('',*,*,#2148,.F.);
#3104=ORIENTED_EDGE('',*,*,#2072,.T.);
#3105=ORIENTED_EDGE('',*,*,#2164,.T.);
#3106=ORIENTED_EDGE('',*,*,#2165,.T.);
#3107=ORIENTED_EDGE('',*,*,#2161,.F.);
#3108=ORIENTED_EDGE('',*,*,#2154,.F.);
#3109=ORIENTED_EDGE('',*,*,#2166,.T.);
#3110=ORIENTED_EDGE('',*,*,#2167,.T.);
#3111=ORIENTED_EDGE('',*,*,#2070,.T.);
#3112=ORIENTED_EDGE('',*,*,#2163,.T.);
#3113=ORIENTED_EDGE('',*,*,#2071,.T.);
#3114=ORIENTED_EDGE('',*,*,#2167,.F.);
#3115=ORIENTED_EDGE('',*,*,#2168,.T.);
#3116=ORIENTED_EDGE('',*,*,#2164,.F.);
#3117=ORIENTED_EDGE('',*,*,#2166,.F.);
#3118=ORIENTED_EDGE('',*,*,#2169,.T.);
#3119=ORIENTED_EDGE('',*,*,#2170,.F.);
#3120=ORIENTED_EDGE('',*,*,#2171,.F.);
#3121=ORIENTED_EDGE('',*,*,#2162,.F.);
#3122=ORIENTED_EDGE('',*,*,#2172,.T.);
#3123=ORIENTED_EDGE('',*,*,#2173,.F.);
#3124=ORIENTED_EDGE('',*,*,#2169,.F.);
#3125=ORIENTED_EDGE('',*,*,#2165,.F.);
#3126=ORIENTED_EDGE('',*,*,#2174,.T.);
#3127=ORIENTED_EDGE('',*,*,#2175,.F.);
#3128=ORIENTED_EDGE('',*,*,#2172,.F.);
#3129=ORIENTED_EDGE('',*,*,#2168,.F.);
#3130=ORIENTED_EDGE('',*,*,#2171,.T.);
#3131=ORIENTED_EDGE('',*,*,#2176,.F.);
#3132=ORIENTED_EDGE('',*,*,#2174,.F.);
#3133=ORIENTED_EDGE('',*,*,#2150,.F.);
#3134=ORIENTED_EDGE('',*,*,#2177,.T.);
#3135=ORIENTED_EDGE('',*,*,#2178,.F.);
#3136=ORIENTED_EDGE('',*,*,#2159,.F.);
#3137=ORIENTED_EDGE('',*,*,#2153,.F.);
#3138=ORIENTED_EDGE('',*,*,#2158,.T.);
#3139=ORIENTED_EDGE('',*,*,#2179,.F.);
#3140=ORIENTED_EDGE('',*,*,#2177,.F.);
#3141=ORIENTED_EDGE('',*,*,#2180,.T.);
#3142=ORIENTED_EDGE('',*,*,#2181,.T.);
#3143=ORIENTED_EDGE('',*,*,#2182,.T.);
#3144=ORIENTED_EDGE('',*,*,#2183,.F.);
#3145=ORIENTED_EDGE('',*,*,#2130,.F.);
#3146=ORIENTED_EDGE('',*,*,#2184,.F.);
#3147=ORIENTED_EDGE('',*,*,#2185,.F.);
#3148=ORIENTED_EDGE('',*,*,#2186,.F.);
#3149=ORIENTED_EDGE('',*,*,#2133,.T.);
#3150=ORIENTED_EDGE('',*,*,#2144,.F.);
#3151=ORIENTED_EDGE('',*,*,#2186,.T.);
#3152=ORIENTED_EDGE('',*,*,#2187,.F.);
#3153=ORIENTED_EDGE('',*,*,#2183,.T.);
#3154=ORIENTED_EDGE('',*,*,#2188,.F.);
#3155=ORIENTED_EDGE('',*,*,#2189,.F.);
#3156=ORIENTED_EDGE('',*,*,#1923,.T.);
#3157=ORIENTED_EDGE('',*,*,#1963,.T.);
#3158=ORIENTED_EDGE('',*,*,#1929,.T.);
#3159=ORIENTED_EDGE('',*,*,#1875,.T.);
#3160=ORIENTED_EDGE('',*,*,#1903,.T.);
#3161=ORIENTED_EDGE('',*,*,#1962,.T.);
#3162=ORIENTED_EDGE('',*,*,#1955,.T.);
#3163=ORIENTED_EDGE('',*,*,#1947,.T.);
#3164=ORIENTED_EDGE('',*,*,#1973,.F.);
#3165=ORIENTED_EDGE('',*,*,#2074,.F.);
#3166=ORIENTED_EDGE('',*,*,#2190,.T.);
#3167=ORIENTED_EDGE('',*,*,#2188,.T.);
#3168=ORIENTED_EDGE('',*,*,#2191,.T.);
#3169=ORIENTED_EDGE('',*,*,#2192,.T.);
#3170=ORIENTED_EDGE('',*,*,#2193,.T.);
#3171=ORIENTED_EDGE('',*,*,#2187,.T.);
#3172=ORIENTED_EDGE('',*,*,#2185,.T.);
#3173=ORIENTED_EDGE('',*,*,#2194,.T.);
#3174=ORIENTED_EDGE('',*,*,#1965,.F.);
#3175=ORIENTED_EDGE('',*,*,#1964,.T.);
#3176=ORIENTED_EDGE('',*,*,#1907,.T.);
#3177=ORIENTED_EDGE('',*,*,#1921,.T.);
#3178=ORIENTED_EDGE('',*,*,#1896,.T.);
#3179=ORIENTED_EDGE('',*,*,#1887,.T.);
#3180=ORIENTED_EDGE('',*,*,#1890,.T.);
#3181=ORIENTED_EDGE('',*,*,#1892,.T.);
#3182=ORIENTED_EDGE('',*,*,#2195,.T.);
#3183=ORIENTED_EDGE('',*,*,#2196,.T.);
#3184=ORIENTED_EDGE('',*,*,#2135,.T.);
#3185=ORIENTED_EDGE('',*,*,#2197,.F.);
#3186=ORIENTED_EDGE('',*,*,#2198,.F.);
#3187=ORIENTED_EDGE('',*,*,#1966,.F.);
#3188=ORIENTED_EDGE('',*,*,#2194,.F.);
#3189=ORIENTED_EDGE('',*,*,#2184,.T.);
#3190=ORIENTED_EDGE('',*,*,#2129,.T.);
#3191=ORIENTED_EDGE('',*,*,#2125,.T.);
#3192=ORIENTED_EDGE('',*,*,#2199,.T.);
#3193=ORIENTED_EDGE('',*,*,#2200,.T.);
#3194=ORIENTED_EDGE('',*,*,#2201,.T.);
#3195=ORIENTED_EDGE('',*,*,#2202,.T.);
#3196=ORIENTED_EDGE('',*,*,#1862,.T.);
#3197=ORIENTED_EDGE('',*,*,#2203,.T.);
#3198=ORIENTED_EDGE('',*,*,#2204,.T.);
#3199=ORIENTED_EDGE('',*,*,#2205,.F.);
#3200=ORIENTED_EDGE('',*,*,#1860,.T.);
#3201=ORIENTED_EDGE('',*,*,#2206,.T.);
#3202=ORIENTED_EDGE('',*,*,#2207,.T.);
#3203=ORIENTED_EDGE('',*,*,#2208,.T.);
#3204=ORIENTED_EDGE('',*,*,#2209,.T.);
#3205=ORIENTED_EDGE('',*,*,#2206,.F.);
#3206=ORIENTED_EDGE('',*,*,#1863,.T.);
#3207=ORIENTED_EDGE('',*,*,#2205,.T.);
#3208=ORIENTED_EDGE('',*,*,#1861,.T.);
#3209=ORIENTED_EDGE('',*,*,#2208,.F.);
#3210=ORIENTED_EDGE('',*,*,#2210,.T.);
#3211=ORIENTED_EDGE('',*,*,#2203,.F.);
#3212=ORIENTED_EDGE('',*,*,#2210,.F.);
#3213=ORIENTED_EDGE('',*,*,#2211,.T.);
#3214=ORIENTED_EDGE('',*,*,#2181,.F.);
#3215=ORIENTED_EDGE('',*,*,#2212,.F.);
#3216=ORIENTED_EDGE('',*,*,#2207,.F.);
#3217=ORIENTED_EDGE('',*,*,#2213,.T.);
#3218=ORIENTED_EDGE('',*,*,#2191,.F.);
#3219=ORIENTED_EDGE('',*,*,#2182,.F.);
#3220=ORIENTED_EDGE('',*,*,#2211,.F.);
#3221=ORIENTED_EDGE('',*,*,#2209,.F.);
#3222=ORIENTED_EDGE('',*,*,#2214,.T.);
#3223=ORIENTED_EDGE('',*,*,#2192,.F.);
#3224=ORIENTED_EDGE('',*,*,#2213,.F.);
#3225=ORIENTED_EDGE('',*,*,#2204,.F.);
#3226=ORIENTED_EDGE('',*,*,#2212,.T.);
#3227=ORIENTED_EDGE('',*,*,#2180,.F.);
#3228=ORIENTED_EDGE('',*,*,#2193,.F.);
#3229=ORIENTED_EDGE('',*,*,#2214,.F.);
#3230=ORIENTED_EDGE('',*,*,#1859,.F.);
#3231=ORIENTED_EDGE('',*,*,#2215,.T.);
#3232=ORIENTED_EDGE('',*,*,#2196,.F.);
#3233=ORIENTED_EDGE('',*,*,#2215,.F.);
#3234=ORIENTED_EDGE('',*,*,#1858,.F.);
#3235=ORIENTED_EDGE('',*,*,#2216,.T.);
#3236=ORIENTED_EDGE('',*,*,#2195,.F.);
#3237=ORIENTED_EDGE('',*,*,#2216,.F.);
#3238=ORIENTED_EDGE('',*,*,#2202,.F.);
#3239=ORIENTED_EDGE('',*,*,#2217,.T.);
#3240=ORIENTED_EDGE('',*,*,#2218,.F.);
#3241=ORIENTED_EDGE('',*,*,#2217,.F.);
#3242=ORIENTED_EDGE('',*,*,#2218,.T.);
#3243=ORIENTED_EDGE('',*,*,#2137,.T.);
#3244=ORIENTED_EDGE('',*,*,#2201,.F.);
#3245=ORIENTED_EDGE('',*,*,#2219,.T.);
#3246=ORIENTED_EDGE('',*,*,#2220,.F.);
#3247=ORIENTED_EDGE('',*,*,#2219,.F.);
#3248=ORIENTED_EDGE('',*,*,#2220,.T.);
#3249=ORIENTED_EDGE('',*,*,#2142,.T.);
#3250=ORIENTED_EDGE('',*,*,#2200,.F.);
#3251=ORIENTED_EDGE('',*,*,#2221,.T.);
#3252=ORIENTED_EDGE('',*,*,#2222,.F.);
#3253=ORIENTED_EDGE('',*,*,#2221,.F.);
#3254=ORIENTED_EDGE('',*,*,#2222,.T.);
#3255=ORIENTED_EDGE('',*,*,#2138,.T.);
#3256=ORIENTED_EDGE('',*,*,#2199,.F.);
#3257=ORIENTED_EDGE('',*,*,#2223,.T.);
#3258=ORIENTED_EDGE('',*,*,#2224,.F.);
#3259=ORIENTED_EDGE('',*,*,#2223,.F.);
#3260=ORIENTED_EDGE('',*,*,#2224,.T.);
#3261=ORIENTED_EDGE('',*,*,#2140,.T.);
#3262=ORIENTED_EDGE('',*,*,#1990,.T.);
#3263=ORIENTED_EDGE('',*,*,#1967,.T.);
#3264=ORIENTED_EDGE('',*,*,#2198,.T.);
#3265=ORIENTED_EDGE('',*,*,#2225,.T.);
#3266=ORIENTED_EDGE('',*,*,#2075,.F.);
#3267=ORIENTED_EDGE('',*,*,#1971,.T.);
#3268=ORIENTED_EDGE('',*,*,#2003,.T.);
#3269=ORIENTED_EDGE('',*,*,#1995,.T.);
#3270=ORIENTED_EDGE('',*,*,#2170,.T.);
#3271=ORIENTED_EDGE('',*,*,#2173,.T.);
#3272=ORIENTED_EDGE('',*,*,#2175,.T.);
#3273=ORIENTED_EDGE('',*,*,#2176,.T.);
#3274=ORIENTED_EDGE('',*,*,#2160,.T.);
#3275=ORIENTED_EDGE('',*,*,#2178,.T.);
#3276=ORIENTED_EDGE('',*,*,#2179,.T.);
#3277=ORIENTED_EDGE('',*,*,#2157,.T.);
#3278=ORIENTED_EDGE('',*,*,#2189,.T.);
#3279=ORIENTED_EDGE('',*,*,#2190,.F.);
#3280=ORIENTED_EDGE('',*,*,#2073,.F.);
#3281=ORIENTED_EDGE('',*,*,#2225,.F.);
#3282=ORIENTED_EDGE('',*,*,#2197,.T.);
#3283=ORIENTED_EDGE('',*,*,#2134,.T.);
#3284=B_SPLINE_SURFACE_WITH_KNOTS('',3,3,((#4594,#4595,#4596,#4597,#4598,
#4599),(#4600,#4601,#4602,#4603,#4604,#4605),(#4606,#4607,#4608,#4609,#4610,
#4611),(#4612,#4613,#4614,#4615,#4616,#4617),(#4618,#4619,#4620,#4621,#4622,
#4623),(#4624,#4625,#4626,#4627,#4628,#4629)),.UNSPECIFIED.,.F.,.F.,.F.,
(4,1,1,4),(4,1,1,4),(0.,0.333333333333333,0.666666666666667,1.),(0.,0.333333333333333,
0.666666666666667,1.),.UNSPECIFIED.);
#3285=B_SPLINE_SURFACE_WITH_KNOTS('',3,3,((#4648,#4649,#4650,#4651,#4652,
#4653),(#4654,#4655,#4656,#4657,#4658,#4659),(#4660,#4661,#4662,#4663,#4664,
#4665),(#4666,#4667,#4668,#4669,#4670,#4671),(#4672,#4673,#4674,#4675,#4676,
#4677),(#4678,#4679,#4680,#4681,#4682,#4683)),.UNSPECIFIED.,.F.,.F.,.F.,
(4,1,1,4),(4,1,1,4),(0.,0.333333333333333,0.666666666666667,1.),(0.,0.333333333333333,
0.666666666666667,1.),.UNSPECIFIED.);
#3286=B_SPLINE_SURFACE_WITH_KNOTS('',3,3,((#4694,#4695,#4696,#4697,#4698,
#4699),(#4700,#4701,#4702,#4703,#4704,#4705),(#4706,#4707,#4708,#4709,#4710,
#4711),(#4712,#4713,#4714,#4715,#4716,#4717),(#4718,#4719,#4720,#4721,#4722,
#4723),(#4724,#4725,#4726,#4727,#4728,#4729)),.UNSPECIFIED.,.F.,.F.,.F.,
(4,1,1,4),(4,1,1,4),(0.,0.333333333333333,0.666666666666667,1.),(0.,0.333333333333333,
0.666666666666667,1.),.UNSPECIFIED.);
#3287=B_SPLINE_SURFACE_WITH_KNOTS('',3,3,((#4740,#4741,#4742,#4743,#4744,
#4745),(#4746,#4747,#4748,#4749,#4750,#4751),(#4752,#4753,#4754,#4755,#4756,
#4757),(#4758,#4759,#4760,#4761,#4762,#4763),(#4764,#4765,#4766,#4767,#4768,
#4769),(#4770,#4771,#4772,#4773,#4774,#4775)),.UNSPECIFIED.,.F.,.F.,.F.,
(4,1,1,4),(4,1,1,4),(0.,0.333333333333333,0.666666666666667,1.),(0.,0.333333333333333,
0.666666666666667,1.),.UNSPECIFIED.);
#3288=B_SPLINE_SURFACE_WITH_KNOTS('',3,3,((#4786,#4787,#4788,#4789,#4790,
#4791),(#4792,#4793,#4794,#4795,#4796,#4797),(#4798,#4799,#4800,#4801,#4802,
#4803),(#4804,#4805,#4806,#4807,#4808,#4809),(#4810,#4811,#4812,#4813,#4814,
#4815),(#4816,#4817,#4818,#4819,#4820,#4821)),.UNSPECIFIED.,.F.,.F.,.F.,
(4,1,1,4),(4,1,1,4),(0.,0.333333333333333,0.666666666666667,1.),(0.,0.333333333333333,
0.666666666666667,1.),.UNSPECIFIED.);
#3289=B_SPLINE_SURFACE_WITH_KNOTS('',3,3,((#4832,#4833,#4834,#4835,#4836,
#4837),(#4838,#4839,#4840,#4841,#4842,#4843),(#4844,#4845,#4846,#4847,#4848,
#4849),(#4850,#4851,#4852,#4853,#4854,#4855),(#4856,#4857,#4858,#4859,#4860,
#4861),(#4862,#4863,#4864,#4865,#4866,#4867)),.UNSPECIFIED.,.F.,.F.,.F.,
(4,1,1,4),(4,1,1,4),(0.,0.333333333333333,0.666666666666667,1.),(0.,0.333333333333333,
0.666666666666667,1.),.UNSPECIFIED.);
#3290=B_SPLINE_SURFACE_WITH_KNOTS('',3,3,((#4886,#4887,#4888,#4889,#4890,
#4891),(#4892,#4893,#4894,#4895,#4896,#4897),(#4898,#4899,#4900,#4901,#4902,
#4903),(#4904,#4905,#4906,#4907,#4908,#4909),(#4910,#4911,#4912,#4913,#4914,
#4915),(#4916,#4917,#4918,#4919,#4920,#4921)),.UNSPECIFIED.,.F.,.F.,.F.,
(4,1,1,4),(4,1,1,4),(0.,0.333333333333333,0.666666666666667,1.),(0.,0.333333333333333,
0.666666666666667,1.),.UNSPECIFIED.);
#3291=B_SPLINE_SURFACE_WITH_KNOTS('',3,3,((#4932,#4933,#4934,#4935,#4936,
#4937),(#4938,#4939,#4940,#4941,#4942,#4943),(#4944,#4945,#4946,#4947,#4948,
#4949),(#4950,#4951,#4952,#4953,#4954,#4955),(#4956,#4957,#4958,#4959,#4960,
#4961),(#4962,#4963,#4964,#4965,#4966,#4967)),.UNSPECIFIED.,.F.,.F.,.F.,
(4,1,1,4),(4,1,1,4),(0.,0.333333333333333,0.666666666666667,1.),(0.,0.333333333333333,
0.666666666666667,1.),.UNSPECIFIED.);
#3292=B_SPLINE_SURFACE_WITH_KNOTS('',3,3,((#4989,#4990,#4991,#4992,#4993,
#4994),(#4995,#4996,#4997,#4998,#4999,#5000),(#5001,#5002,#5003,#5004,#5005,
#5006),(#5007,#5008,#5009,#5010,#5011,#5012),(#5013,#5014,#5015,#5016,#5017,
#5018),(#5019,#5020,#5021,#5022,#5023,#5024)),.UNSPECIFIED.,.F.,.F.,.F.,
(4,1,1,4),(4,1,1,4),(0.,0.333333333333333,0.666666666666667,1.),(0.,0.333333333333333,
0.666666666666667,1.),.UNSPECIFIED.);
#3293=B_SPLINE_SURFACE_WITH_KNOTS('',3,3,((#5047,#5048,#5049,#5050,#5051,
#5052),(#5053,#5054,#5055,#5056,#5057,#5058),(#5059,#5060,#5061,#5062,#5063,
#5064),(#5065,#5066,#5067,#5068,#5069,#5070),(#5071,#5072,#5073,#5074,#5075,
#5076),(#5077,#5078,#5079,#5080,#5081,#5082)),.UNSPECIFIED.,.F.,.F.,.F.,
(4,1,1,4),(4,1,1,4),(0.,0.333333333333333,0.666666666666667,1.),(0.,0.333333333333333,
0.666666666666667,1.),.UNSPECIFIED.);
#3294=B_SPLINE_SURFACE_WITH_KNOTS('',3,3,((#5093,#5094,#5095,#5096,#5097,
#5098),(#5099,#5100,#5101,#5102,#5103,#5104),(#5105,#5106,#5107,#5108,#5109,
#5110),(#5111,#5112,#5113,#5114,#5115,#5116),(#5117,#5118,#5119,#5120,#5121,
#5122),(#5123,#5124,#5125,#5126,#5127,#5128)),.UNSPECIFIED.,.F.,.F.,.F.,
(4,1,1,4),(4,1,1,4),(0.,0.333333333333333,0.666666666666667,1.),(0.,0.333333333333333,
0.666666666666667,1.),.UNSPECIFIED.);
#3295=B_SPLINE_SURFACE_WITH_KNOTS('',3,3,((#5147,#5148,#5149,#5150,#5151,
#5152),(#5153,#5154,#5155,#5156,#5157,#5158),(#5159,#5160,#5161,#5162,#5163,
#5164),(#5165,#5166,#5167,#5168,#5169,#5170),(#5171,#5172,#5173,#5174,#5175,
#5176),(#5177,#5178,#5179,#5180,#5181,#5182)),.UNSPECIFIED.,.F.,.F.,.F.,
(4,1,1,4),(4,1,1,4),(0.,0.333333333333333,0.666666666666667,1.),(0.,0.333333333333333,
0.666666666666667,1.),.UNSPECIFIED.);
#3296=B_SPLINE_SURFACE_WITH_KNOTS('',3,3,((#5193,#5194,#5195,#5196,#5197,
#5198),(#5199,#5200,#5201,#5202,#5203,#5204),(#5205,#5206,#5207,#5208,#5209,
#5210),(#5211,#5212,#5213,#5214,#5215,#5216),(#5217,#5218,#5219,#5220,#5221,
#5222),(#5223,#5224,#5225,#5226,#5227,#5228)),.UNSPECIFIED.,.F.,.F.,.F.,
(4,1,1,4),(4,1,1,4),(0.,0.333333333333333,0.666666666666667,1.),(0.,0.333333333333333,
0.666666666666667,1.),.UNSPECIFIED.);
#3297=B_SPLINE_SURFACE_WITH_KNOTS('',3,3,((#5239,#5240,#5241,#5242,#5243,
#5244),(#5245,#5246,#5247,#5248,#5249,#5250),(#5251,#5252,#5253,#5254,#5255,
#5256),(#5257,#5258,#5259,#5260,#5261,#5262),(#5263,#5264,#5265,#5266,#5267,
#5268),(#5269,#5270,#5271,#5272,#5273,#5274)),.UNSPECIFIED.,.F.,.F.,.F.,
(4,1,1,4),(4,1,1,4),(0.,0.333333333333333,0.666666666666667,1.),(0.,0.333333333333333,
0.666666666666667,1.),.UNSPECIFIED.);
#3298=B_SPLINE_SURFACE_WITH_KNOTS('',3,3,((#5285,#5286,#5287,#5288,#5289,
#5290),(#5291,#5292,#5293,#5294,#5295,#5296),(#5297,#5298,#5299,#5300,#5301,
#5302),(#5303,#5304,#5305,#5306,#5307,#5308),(#5309,#5310,#5311,#5312,#5313,
#5314),(#5315,#5316,#5317,#5318,#5319,#5320)),.UNSPECIFIED.,.F.,.F.,.F.,
(4,1,1,4),(4,1,1,4),(0.,0.333333333333333,0.666666666666667,1.),(0.,0.333333333333333,
0.666666666666667,1.),.UNSPECIFIED.);
#3299=B_SPLINE_SURFACE_WITH_KNOTS('',3,3,((#5331,#5332,#5333,#5334,#5335,
#5336),(#5337,#5338,#5339,#5340,#5341,#5342),(#5343,#5344,#5345,#5346,#5347,
#5348),(#5349,#5350,#5351,#5352,#5353,#5354),(#5355,#5356,#5357,#5358,#5359,
#5360),(#5361,#5362,#5363,#5364,#5365,#5366)),.UNSPECIFIED.,.F.,.F.,.F.,
(4,1,1,4),(4,1,1,4),(0.,0.333333333333333,0.666666666666667,1.),(0.,0.333333333333333,
0.666666666666667,1.),.UNSPECIFIED.);
#3300=B_SPLINE_SURFACE_WITH_KNOTS('',3,3,((#5385,#5386,#5387,#5388,#5389,
#5390),(#5391,#5392,#5393,#5394,#5395,#5396),(#5397,#5398,#5399,#5400,#5401,
#5402),(#5403,#5404,#5405,#5406,#5407,#5408),(#5409,#5410,#5411,#5412,#5413,
#5414),(#5415,#5416,#5417,#5418,#5419,#5420)),.UNSPECIFIED.,.F.,.F.,.F.,
(4,1,1,4),(4,1,1,4),(0.,0.333333333333333,0.666666666666667,1.),(0.,0.333333333333333,
0.666666666666667,1.),.UNSPECIFIED.);
#3301=B_SPLINE_SURFACE_WITH_KNOTS('',3,3,((#5431,#5432,#5433,#5434,#5435,
#5436),(#5437,#5438,#5439,#5440,#5441,#5442),(#5443,#5444,#5445,#5446,#5447,
#5448),(#5449,#5450,#5451,#5452,#5453,#5454),(#5455,#5456,#5457,#5458,#5459,
#5460),(#5461,#5462,#5463,#5464,#5465,#5466)),.UNSPECIFIED.,.F.,.F.,.F.,
(4,1,1,4),(4,1,1,4),(0.,0.333333333333333,0.666666666666667,1.),(0.,0.333333333333333,
0.666666666666667,1.),.UNSPECIFIED.);
#3302=B_SPLINE_SURFACE_WITH_KNOTS('',3,3,((#5477,#5478,#5479,#5480,#5481,
#5482),(#5483,#5484,#5485,#5486,#5487,#5488),(#5489,#5490,#5491,#5492,#5493,
#5494),(#5495,#5496,#5497,#5498,#5499,#5500),(#5501,#5502,#5503,#5504,#5505,
#5506),(#5507,#5508,#5509,#5510,#5511,#5512)),.UNSPECIFIED.,.F.,.F.,.F.,
(4,1,1,4),(4,1,1,4),(0.,0.333333333333333,0.666666666666667,1.),(0.,0.333333333333333,
0.666666666666667,1.),.UNSPECIFIED.);
#3303=B_SPLINE_SURFACE_WITH_KNOTS('',3,3,((#5523,#5524,#5525,#5526,#5527,
#5528),(#5529,#5530,#5531,#5532,#5533,#5534),(#5535,#5536,#5537,#5538,#5539,
#5540),(#5541,#5542,#5543,#5544,#5545,#5546),(#5547,#5548,#5549,#5550,#5551,
#5552),(#5553,#5554,#5555,#5556,#5557,#5558)),.UNSPECIFIED.,.F.,.F.,.F.,
(4,1,1,4),(4,1,1,4),(0.,0.333333333333333,0.666666666666667,1.),(0.,0.333333333333333,
0.666666666666667,1.),.UNSPECIFIED.);
#3304=B_SPLINE_SURFACE_WITH_KNOTS('',3,3,((#5569,#5570,#5571,#5572,#5573,
#5574),(#5575,#5576,#5577,#5578,#5579,#5580),(#5581,#5582,#5583,#5584,#5585,
#5586),(#5587,#5588,#5589,#5590,#5591,#5592),(#5593,#5594,#5595,#5596,#5597,
#5598),(#5599,#5600,#5601,#5602,#5603,#5604)),.UNSPECIFIED.,.F.,.F.,.F.,
(4,1,1,4),(4,1,1,4),(0.,0.333333333333333,0.666666666666667,1.),(0.,0.333333333333333,
0.666666666666667,1.),.UNSPECIFIED.);
#3305=B_SPLINE_SURFACE_WITH_KNOTS('',3,3,((#5623,#5624,#5625,#5626,#5627,
#5628),(#5629,#5630,#5631,#5632,#5633,#5634),(#5635,#5636,#5637,#5638,#5639,
#5640),(#5641,#5642,#5643,#5644,#5645,#5646),(#5647,#5648,#5649,#5650,#5651,
#5652),(#5653,#5654,#5655,#5656,#5657,#5658)),.UNSPECIFIED.,.F.,.F.,.F.,
(4,1,1,4),(4,1,1,4),(0.,0.333333333333333,0.666666666666667,1.),(0.,0.333333333333333,
0.666666666666667,1.),.UNSPECIFIED.);
#3306=B_SPLINE_SURFACE_WITH_KNOTS('',3,3,((#5669,#5670,#5671,#5672,#5673,
#5674),(#5675,#5676,#5677,#5678,#5679,#5680),(#5681,#5682,#5683,#5684,#5685,
#5686),(#5687,#5688,#5689,#5690,#5691,#5692),(#5693,#5694,#5695,#5696,#5697,
#5698),(#5699,#5700,#5701,#5702,#5703,#5704)),.UNSPECIFIED.,.F.,.F.,.F.,
(4,1,1,4),(4,1,1,4),(0.,0.333333333333333,0.666666666666667,1.),(0.,0.333333333333333,
0.666666666666667,1.),.UNSPECIFIED.);
#3307=B_SPLINE_SURFACE_WITH_KNOTS('',3,3,((#5715,#5716,#5717,#5718,#5719,
#5720),(#5721,#5722,#5723,#5724,#5725,#5726),(#5727,#5728,#5729,#5730,#5731,
#5732),(#5733,#5734,#5735,#5736,#5737,#5738),(#5739,#5740,#5741,#5742,#5743,
#5744),(#5745,#5746,#5747,#5748,#5749,#5750)),.UNSPECIFIED.,.F.,.F.,.F.,
(4,1,1,4),(4,1,1,4),(0.,0.333333333333333,0.666666666666667,1.),(0.,0.333333333333333,
0.666666666666667,1.),.UNSPECIFIED.);
#3308=B_SPLINE_SURFACE_WITH_KNOTS('',3,3,((#5761,#5762,#5763,#5764,#5765,
#5766),(#5767,#5768,#5769,#5770,#5771,#5772),(#5773,#5774,#5775,#5776,#5777,
#5778),(#5779,#5780,#5781,#5782,#5783,#5784),(#5785,#5786,#5787,#5788,#5789,
#5790),(#5791,#5792,#5793,#5794,#5795,#5796)),.UNSPECIFIED.,.F.,.F.,.F.,
(4,1,1,4),(4,1,1,4),(0.,0.333333333333333,0.666666666666667,1.),(0.,0.333333333333333,
0.666666666666667,1.),.UNSPECIFIED.);
#3309=B_SPLINE_SURFACE_WITH_KNOTS('',3,3,((#5807,#5808,#5809,#5810,#5811,
#5812),(#5813,#5814,#5815,#5816,#5817,#5818),(#5819,#5820,#5821,#5822,#5823,
#5824),(#5825,#5826,#5827,#5828,#5829,#5830),(#5831,#5832,#5833,#5834,#5835,
#5836),(#5837,#5838,#5839,#5840,#5841,#5842)),.UNSPECIFIED.,.F.,.F.,.F.,
(4,1,1,4),(4,1,1,4),(0.,0.333333333333333,0.666666666666667,1.),(0.,0.333333333333333,
0.666666666666667,1.),.UNSPECIFIED.);
#3310=B_SPLINE_SURFACE_WITH_KNOTS('',3,3,((#5861,#5862,#5863,#5864,#5865,
#5866),(#5867,#5868,#5869,#5870,#5871,#5872),(#5873,#5874,#5875,#5876,#5877,
#5878),(#5879,#5880,#5881,#5882,#5883,#5884),(#5885,#5886,#5887,#5888,#5889,
#5890),(#5891,#5892,#5893,#5894,#5895,#5896)),.UNSPECIFIED.,.F.,.F.,.F.,
(4,1,1,4),(4,1,1,4),(0.,0.333333333333333,0.666666666666667,1.),(0.,0.333333333333333,
0.666666666666667,1.),.UNSPECIFIED.);
#3311=B_SPLINE_SURFACE_WITH_KNOTS('',3,3,((#5907,#5908,#5909,#5910,#5911,
#5912),(#5913,#5914,#5915,#5916,#5917,#5918),(#5919,#5920,#5921,#5922,#5923,
#5924),(#5925,#5926,#5927,#5928,#5929,#5930),(#5931,#5932,#5933,#5934,#5935,
#5936),(#5937,#5938,#5939,#5940,#5941,#5942)),.UNSPECIFIED.,.F.,.F.,.F.,
(4,1,1,4),(4,1,1,4),(0.,0.333333333333333,0.666666666666667,1.),(0.,0.333333333333333,
0.666666666666667,1.),.UNSPECIFIED.);
#3312=B_SPLINE_SURFACE_WITH_KNOTS('',3,3,((#5953,#5954,#5955,#5956,#5957,
#5958),(#5959,#5960,#5961,#5962,#5963,#5964),(#5965,#5966,#5967,#5968,#5969,
#5970),(#5971,#5972,#5973,#5974,#5975,#5976),(#5977,#5978,#5979,#5980,#5981,
#5982),(#5983,#5984,#5985,#5986,#5987,#5988)),.UNSPECIFIED.,.F.,.F.,.F.,
(4,1,1,4),(4,1,1,4),(0.,0.333333333333333,0.666666666666667,1.),(0.,0.333333333333333,
0.666666666666667,1.),.UNSPECIFIED.);
#3313=B_SPLINE_SURFACE_WITH_KNOTS('',3,3,((#5999,#6000,#6001,#6002,#6003,
#6004),(#6005,#6006,#6007,#6008,#6009,#6010),(#6011,#6012,#6013,#6014,#6015,
#6016),(#6017,#6018,#6019,#6020,#6021,#6022),(#6023,#6024,#6025,#6026,#6027,
#6028),(#6029,#6030,#6031,#6032,#6033,#6034)),.UNSPECIFIED.,.F.,.F.,.F.,
(4,1,1,4),(4,1,1,4),(0.,0.333333333333333,0.666666666666667,1.),(0.,0.333333333333333,
0.666666666666667,1.),.UNSPECIFIED.);
#3314=B_SPLINE_SURFACE_WITH_KNOTS('',3,3,((#6045,#6046,#6047,#6048,#6049,
#6050),(#6051,#6052,#6053,#6054,#6055,#6056),(#6057,#6058,#6059,#6060,#6061,
#6062),(#6063,#6064,#6065,#6066,#6067,#6068),(#6069,#6070,#6071,#6072,#6073,
#6074),(#6075,#6076,#6077,#6078,#6079,#6080)),.UNSPECIFIED.,.F.,.F.,.F.,
(4,1,1,4),(4,1,1,4),(0.,0.333333333333333,0.666666666666667,1.),(0.,0.333333333333333,
0.666666666666667,1.),.UNSPECIFIED.);
#3315=B_SPLINE_SURFACE_WITH_KNOTS('',3,3,((#6099,#6100,#6101,#6102,#6103,
#6104),(#6105,#6106,#6107,#6108,#6109,#6110),(#6111,#6112,#6113,#6114,#6115,
#6116),(#6117,#6118,#6119,#6120,#6121,#6122),(#6123,#6124,#6125,#6126,#6127,
#6128),(#6129,#6130,#6131,#6132,#6133,#6134)),.UNSPECIFIED.,.F.,.F.,.F.,
(4,1,1,4),(4,1,1,4),(0.,0.333333333333333,0.666666666666667,1.),(0.,0.333333333333333,
0.666666666666667,1.),.UNSPECIFIED.);
#3316=B_SPLINE_SURFACE_WITH_KNOTS('',3,3,((#6145,#6146,#6147,#6148,#6149,
#6150),(#6151,#6152,#6153,#6154,#6155,#6156),(#6157,#6158,#6159,#6160,#6161,
#6162),(#6163,#6164,#6165,#6166,#6167,#6168),(#6169,#6170,#6171,#6172,#6173,
#6174),(#6175,#6176,#6177,#6178,#6179,#6180)),.UNSPECIFIED.,.F.,.F.,.F.,
(4,1,1,4),(4,1,1,4),(0.,0.333333333333333,0.666666666666667,1.),(0.,0.333333333333333,
0.666666666666667,1.),.UNSPECIFIED.);
#3317=B_SPLINE_SURFACE_WITH_KNOTS('',3,3,((#6191,#6192,#6193,#6194,#6195,
#6196),(#6197,#6198,#6199,#6200,#6201,#6202),(#6203,#6204,#6205,#6206,#6207,
#6208),(#6209,#6210,#6211,#6212,#6213,#6214),(#6215,#6216,#6217,#6218,#6219,
#6220),(#6221,#6222,#6223,#6224,#6225,#6226)),.UNSPECIFIED.,.F.,.F.,.F.,
(4,1,1,4),(4,1,1,4),(0.,0.333333333333333,0.666666666666667,1.),(0.,0.333333333333333,
0.666666666666667,1.),.UNSPECIFIED.);
#3318=B_SPLINE_SURFACE_WITH_KNOTS('',3,3,((#6237,#6238,#6239,#6240,#6241,
#6242),(#6243,#6244,#6245,#6246,#6247,#6248),(#6249,#6250,#6251,#6252,#6253,
#6254),(#6255,#6256,#6257,#6258,#6259,#6260),(#6261,#6262,#6263,#6264,#6265,
#6266),(#6267,#6268,#6269,#6270,#6271,#6272)),.UNSPECIFIED.,.F.,.F.,.F.,
(4,1,1,4),(4,1,1,4),(0.,0.333333333333333,0.666666666666667,1.),(0.,0.333333333333333,
0.666666666666667,1.),.UNSPECIFIED.);
#3319=B_SPLINE_SURFACE_WITH_KNOTS('',3,3,((#6283,#6284,#6285,#6286,#6287,
#6288),(#6289,#6290,#6291,#6292,#6293,#6294),(#6295,#6296,#6297,#6298,#6299,
#6300),(#6301,#6302,#6303,#6304,#6305,#6306),(#6307,#6308,#6309,#6310,#6311,
#6312),(#6313,#6314,#6315,#6316,#6317,#6318)),.UNSPECIFIED.,.F.,.F.,.F.,
(4,1,1,4),(4,1,1,4),(0.,0.333333333333333,0.666666666666667,1.),(0.,0.333333333333333,
0.666666666666667,1.),.UNSPECIFIED.);
#3320=B_SPLINE_SURFACE_WITH_KNOTS('',3,3,((#6337,#6338,#6339,#6340,#6341,
#6342),(#6343,#6344,#6345,#6346,#6347,#6348),(#6349,#6350,#6351,#6352,#6353,
#6354),(#6355,#6356,#6357,#6358,#6359,#6360),(#6361,#6362,#6363,#6364,#6365,
#6366),(#6367,#6368,#6369,#6370,#6371,#6372)),.UNSPECIFIED.,.F.,.F.,.F.,
(4,1,1,4),(4,1,1,4),(0.,0.333333333333333,0.666666666666667,1.),(0.,0.333333333333333,
0.666666666666667,1.),.UNSPECIFIED.);
#3321=B_SPLINE_SURFACE_WITH_KNOTS('',3,3,((#6383,#6384,#6385,#6386,#6387,
#6388),(#6389,#6390,#6391,#6392,#6393,#6394),(#6395,#6396,#6397,#6398,#6399,
#6400),(#6401,#6402,#6403,#6404,#6405,#6406),(#6407,#6408,#6409,#6410,#6411,
#6412),(#6413,#6414,#6415,#6416,#6417,#6418)),.UNSPECIFIED.,.F.,.F.,.F.,
(4,1,1,4),(4,1,1,4),(0.,0.333333333333333,0.666666666666667,1.),(0.,0.333333333333333,
0.666666666666667,1.),.UNSPECIFIED.);
#3322=B_SPLINE_SURFACE_WITH_KNOTS('',3,3,((#6429,#6430,#6431,#6432,#6433,
#6434),(#6435,#6436,#6437,#6438,#6439,#6440),(#6441,#6442,#6443,#6444,#6445,
#6446),(#6447,#6448,#6449,#6450,#6451,#6452),(#6453,#6454,#6455,#6456,#6457,
#6458),(#6459,#6460,#6461,#6462,#6463,#6464)),.UNSPECIFIED.,.F.,.F.,.F.,
(4,1,1,4),(4,1,1,4),(0.,0.333333333333333,0.666666666666667,1.),(0.,0.333333333333333,
0.666666666666667,1.),.UNSPECIFIED.);
#3323=B_SPLINE_SURFACE_WITH_KNOTS('',3,3,((#6475,#6476,#6477,#6478,#6479,
#6480),(#6481,#6482,#6483,#6484,#6485,#6486),(#6487,#6488,#6489,#6490,#6491,
#6492),(#6493,#6494,#6495,#6496,#6497,#6498),(#6499,#6500,#6501,#6502,#6503,
#6504),(#6505,#6506,#6507,#6508,#6509,#6510)),.UNSPECIFIED.,.F.,.F.,.F.,
(4,1,1,4),(4,1,1,4),(0.,0.333333333333333,0.666666666666667,1.),(0.,0.333333333333333,
0.666666666666667,1.),.UNSPECIFIED.);
#3324=B_SPLINE_SURFACE_WITH_KNOTS('',3,3,((#6577,#6578,#6579,#6580),(#6581,
#6582,#6583,#6584),(#6585,#6586,#6587,#6588),(#6589,#6590,#6591,#6592),
(#6593,#6594,#6595,#6596),(#6597,#6598,#6599,#6600),(#6601,#6602,#6603,
#6604),(#6605,#6606,#6607,#6608),(#6609,#6610,#6611,#6612),(#6613,#6614,
#6615,#6616),(#6617,#6618,#6619,#6620),(#6621,#6622,#6623,#6624)),
 .UNSPECIFIED.,.F.,.F.,.F.,(4,1,1,1,1,1,1,1,1,4),(4,4),(0.,0.178571428571429,
0.285714285714286,0.357142857142857,0.428571428571429,0.571428571428571,
0.678571428571428,0.857142857142857,0.892857142857143,1.),(-0.16977858077772,
2.0495736034202),.UNSPECIFIED.);
#3325=B_SPLINE_SURFACE_WITH_KNOTS('',3,3,((#6777,#6778,#6779,#6780),(#6781,
#6782,#6783,#6784),(#6785,#6786,#6787,#6788),(#6789,#6790,#6791,#6792),
(#6793,#6794,#6795,#6796),(#6797,#6798,#6799,#6800),(#6801,#6802,#6803,
#6804),(#6805,#6806,#6807,#6808),(#6809,#6810,#6811,#6812),(#6813,#6814,
#6815,#6816)),.UNSPECIFIED.,.F.,.F.,.F.,(4,1,1,1,1,1,1,4),(4,4),(0.,0.214285714285714,
0.285714285714286,0.428571428571429,0.571428571428571,0.714285714285714,
0.857142857142857,1.),(4.97854862558783,6.76955219264045),.UNSPECIFIED.);
#3326=B_SPLINE_SURFACE_WITH_KNOTS('',3,3,((#6874,#6875,#6876,#6877),(#6878,
#6879,#6880,#6881),(#6882,#6883,#6884,#6885),(#6886,#6887,#6888,#6889),
(#6890,#6891,#6892,#6893),(#6894,#6895,#6896,#6897),(#6898,#6899,#6900,
#6901),(#6902,#6903,#6904,#6905),(#6906,#6907,#6908,#6909),(#6910,#6911,
#6912,#6913)),.UNSPECIFIED.,.F.,.F.,.F.,(4,1,1,1,1,1,1,4),(4,4),(0.,0.214285714285714,
0.285714285714286,0.428571428571429,0.571428571428571,0.714285714285714,
0.857142857142857,1.),(3.83203770174761,5.94822925555382),.UNSPECIFIED.);
#3327=B_SPLINE_SURFACE_WITH_KNOTS('',3,3,((#6972,#6973,#6974,#6975),(#6976,
#6977,#6978,#6979),(#6980,#6981,#6982,#6983),(#6984,#6985,#6986,#6987),
(#6988,#6989,#6990,#6991),(#6992,#6993,#6994,#6995),(#6996,#6997,#6998,
#6999),(#7000,#7001,#7002,#7003),(#7004,#7005,#7006,#7007),(#7008,#7009,
#7010,#7011)),.UNSPECIFIED.,.F.,.F.,.F.,(4,1,1,1,1,1,1,4),(4,4),(0.,0.214285714285714,
0.285714285714286,0.428571428571429,0.571428571428571,0.714285714285714,
0.857142857142857,1.),(-1.13525003848481,0.914798909274284),
 .UNSPECIFIED.);
#3328=B_SPLINE_SURFACE_WITH_KNOTS('',3,3,((#7037,#7038,#7039,#7040),(#7041,
#7042,#7043,#7044),(#7045,#7046,#7047,#7048),(#7049,#7050,#7051,#7052),
(#7053,#7054,#7055,#7056),(#7057,#7058,#7059,#7060),(#7061,#7062,#7063,
#7064),(#7065,#7066,#7067,#7068),(#7069,#7070,#7071,#7072),(#7073,#7074,
#7075,#7076)),.UNSPECIFIED.,.F.,.F.,.F.,(4,1,1,1,1,1,1,4),(4,4),(0.,0.214285714285714,
0.285714285714286,0.428571428571429,0.571428571428571,0.714285714285714,
0.857142857142857,1.),(-5.10313347865071,-2.9869419248445),
 .UNSPECIFIED.);
#3329=B_SPLINE_SURFACE_WITH_KNOTS('',3,3,((#7128,#7129,#7130,#7131),(#7132,
#7133,#7134,#7135),(#7136,#7137,#7138,#7139),(#7140,#7141,#7142,#7143),
(#7144,#7145,#7146,#7147),(#7148,#7149,#7150,#7151),(#7152,#7153,#7154,
#7155),(#7156,#7157,#7158,#7159),(#7160,#7161,#7162,#7163),(#7164,#7165,
#7166,#7167),(#7168,#7169,#7170,#7171),(#7172,#7173,#7174,#7175)),
 .UNSPECIFIED.,.F.,.F.,.F.,(4,1,1,1,1,1,1,1,1,4),(4,4),(0.,0.178571428571429,
0.285714285714286,0.357142857142857,0.428571428571429,0.571428571428571,
0.678571428571428,0.857142857142857,0.892857142857143,1.),(-0.189774435394737,
1.86027451236436),.UNSPECIFIED.);
#3330=B_SPLINE_SURFACE_WITH_KNOTS('',3,3,((#7192,#7193,#7194,#7195),(#7196,
#7197,#7198,#7199),(#7200,#7201,#7202,#7203),(#7204,#7205,#7206,#7207),
(#7208,#7209,#7210,#7211),(#7212,#7213,#7214,#7215),(#7216,#7217,#7218,
#7219),(#7220,#7221,#7222,#7223),(#7224,#7225,#7226,#7227),(#7228,#7229,
#7230,#7231),(#7232,#7233,#7234,#7235),(#7236,#7237,#7238,#7239)),
 .UNSPECIFIED.,.F.,.F.,.F.,(4,1,1,1,1,1,1,1,1,4),(4,4),(0.,0.178571428571429,
0.285714285714286,0.357142857142857,0.428571428571429,0.571428571428571,
0.678571428571428,0.857142857142857,0.892857142857143,1.),(-1.23999997954816,
0.979557141103596),.UNSPECIFIED.);
#3331=B_SPLINE_SURFACE_WITH_KNOTS('',3,3,((#7288,#7289,#7290,#7291),(#7292,
#7293,#7294,#7295),(#7296,#7297,#7298,#7299),(#7300,#7301,#7302,#7303),
(#7304,#7305,#7306,#7307),(#7308,#7309,#7310,#7311),(#7312,#7313,#7314,
#7315),(#7316,#7317,#7318,#7319),(#7320,#7321,#7322,#7323),(#7324,#7325,
#7326,#7327)),.UNSPECIFIED.,.F.,.F.,.F.,(4,1,1,1,1,1,1,4),(4,4),(0.,0.214285714285714,
0.285714285714286,0.428571428571429,0.571428571428571,0.714285714285714,
0.857142857142857,1.),(-0.971736605515541,1.24042407621939),
 .UNSPECIFIED.);
#3332=B_SPLINE_SURFACE_WITH_KNOTS('',3,3,((#7357,#7358,#7359,#7360,#7361),
(#7362,#7363,#7364,#7365,#7366),(#7367,#7368,#7369,#7370,#7371),(#7372,
#7373,#7374,#7375,#7376),(#7377,#7378,#7379,#7380,#7381),(#7382,#7383,#7384,
#7385,#7386),(#7387,#7388,#7389,#7390,#7391),(#7392,#7393,#7394,#7395,#7396),
(#7397,#7398,#7399,#7400,#7401),(#7402,#7403,#7404,#7405,#7406)),
 .UNSPECIFIED.,.F.,.F.,.F.,(4,1,1,1,1,1,1,4),(4,1,4),(0.,0.214285714285714,
0.285714285714286,0.428571428571429,0.571428571428571,0.714285714285714,
0.857142857142857,1.),(0.0860804654865493,0.804404145901082,1.76216905312046),
 .UNSPECIFIED.);
#3333=B_SPLINE_SURFACE_WITH_KNOTS('',3,3,((#7427,#7428,#7429,#7430),(#7431,
#7432,#7433,#7434),(#7435,#7436,#7437,#7438),(#7439,#7440,#7441,#7442),
(#7443,#7444,#7445,#7446)),.UNSPECIFIED.,.F.,.F.,.F.,(4,1,4),(4,4),(0.,
0.259787194766943,0.454627590842149),(-0.02745217206014,0.0860804654865491),
 .UNSPECIFIED.);
#3334=B_SPLINE_SURFACE_WITH_KNOTS('',3,1,((#7451,#7452),(#7453,#7454),(#7455,
#7456),(#7457,#7458),(#7459,#7460),(#7461,#7462),(#7463,#7464),(#7465,#7466),
(#7467,#7468),(#7469,#7470),(#7471,#7472),(#7473,#7474),(#7475,#7476),(#7477,
#7478),(#7479,#7480),(#7481,#7482),(#7483,#7484),(#7485,#7486),(#7487,#7488),
(#7489,#7490),(#7491,#7492)),.UNSPECIFIED.,.F.,.F.,.F.,(4,3,2,2,2,2,2,2,
2,4),(2,2),(-0.0887349487822678,-0.088589692588817,-0.0876524007787248,
-0.0860510277751073,-0.0801223008743947,-0.0588450401748132,-0.0106903638967571,
-0.00204140056668406,-0.000516593047409242,0.),(-2.6839291444755,0.316),
 .UNSPECIFIED.);
#3335=B_SPLINE_SURFACE_WITH_KNOTS('',3,3,((#7523,#7524,#7525,#7526),(#7527,
#7528,#7529,#7530),(#7531,#7532,#7533,#7534),(#7535,#7536,#7537,#7538),
(#7539,#7540,#7541,#7542),(#7543,#7544,#7545,#7546),(#7547,#7548,#7549,
#7550),(#7551,#7552,#7553,#7554),(#7555,#7556,#7557,#7558),(#7559,#7560,
#7561,#7562)),.UNSPECIFIED.,.F.,.F.,.F.,(4,1,1,1,1,1,1,4),(4,4),(0.,0.214285714285714,
0.285714285714286,0.428571428571429,0.571428571428571,0.714285714285714,
0.857142857142857,1.),(-7.08177550380625,-5.08429813830832),
 .UNSPECIFIED.);
#3336=B_SPLINE_SURFACE_WITH_KNOTS('',3,3,((#7756,#7757,#7758,#7759,#7760,
#7761),(#7762,#7763,#7764,#7765,#7766,#7767),(#7768,#7769,#7770,#7771,#7772,
#7773),(#7774,#7775,#7776,#7777,#7778,#7779),(#7780,#7781,#7782,#7783,#7784,
#7785),(#7786,#7787,#7788,#7789,#7790,#7791)),.UNSPECIFIED.,.F.,.F.,.F.,
(4,1,1,4),(4,1,1,4),(0.,0.333333333333333,0.666666666666667,1.),(0.,0.333333333333333,
0.666666666666667,1.),.UNSPECIFIED.);
#3337=B_SPLINE_SURFACE_WITH_KNOTS('',3,3,((#7795,#7796,#7797,#7798,#7799,
#7800),(#7801,#7802,#7803,#7804,#7805,#7806),(#7807,#7808,#7809,#7810,#7811,
#7812),(#7813,#7814,#7815,#7816,#7817,#7818),(#7819,#7820,#7821,#7822,#7823,
#7824),(#7825,#7826,#7827,#7828,#7829,#7830)),.UNSPECIFIED.,.F.,.F.,.F.,
(4,1,1,4),(4,1,1,4),(0.,0.333333333333333,0.666666666666667,1.),(0.,0.333333333333333,
0.666666666666667,1.),.UNSPECIFIED.);
#3338=B_SPLINE_SURFACE_WITH_KNOTS('',3,3,((#7834,#7835,#7836,#7837,#7838,
#7839),(#7840,#7841,#7842,#7843,#7844,#7845),(#7846,#7847,#7848,#7849,#7850,
#7851),(#7852,#7853,#7854,#7855,#7856,#7857),(#7858,#7859,#7860,#7861,#7862,
#7863),(#7864,#7865,#7866,#7867,#7868,#7869)),.UNSPECIFIED.,.F.,.F.,.F.,
(4,1,1,4),(4,1,1,4),(0.,0.333333333333333,0.666666666666667,1.),(0.,0.333333333333333,
0.666666666666667,1.),.UNSPECIFIED.);
#3339=B_SPLINE_SURFACE_WITH_KNOTS('',3,3,((#7873,#7874,#7875,#7876,#7877,
#7878),(#7879,#7880,#7881,#7882,#7883,#7884),(#7885,#7886,#7887,#7888,#7889,
#7890),(#7891,#7892,#7893,#7894,#7895,#7896),(#7897,#7898,#7899,#7900,#7901,
#7902),(#7903,#7904,#7905,#7906,#7907,#7908)),.UNSPECIFIED.,.F.,.F.,.F.,
(4,1,1,4),(4,1,1,4),(0.,0.333333333333333,0.666666666666667,1.),(0.,0.333333333333333,
0.666666666666667,1.),.UNSPECIFIED.);
#3340=B_SPLINE_SURFACE_WITH_KNOTS('',3,3,((#7912,#7913,#7914,#7915,#7916,
#7917),(#7918,#7919,#7920,#7921,#7922,#7923),(#7924,#7925,#7926,#7927,#7928,
#7929),(#7930,#7931,#7932,#7933,#7934,#7935),(#7936,#7937,#7938,#7939,#7940,
#7941),(#7942,#7943,#7944,#7945,#7946,#7947)),.UNSPECIFIED.,.F.,.F.,.F.,
(4,1,1,4),(4,1,1,4),(0.,0.333333333333333,0.666666666666667,1.),(0.,0.333333333333333,
0.666666666666667,1.),.UNSPECIFIED.);
#3341=B_SPLINE_SURFACE_WITH_KNOTS('',3,3,((#7954,#7955,#7956,#7957,#7958,
#7959),(#7960,#7961,#7962,#7963,#7964,#7965),(#7966,#7967,#7968,#7969,#7970,
#7971),(#7972,#7973,#7974,#7975,#7976,#7977),(#7978,#7979,#7980,#7981,#7982,
#7983),(#7984,#7985,#7986,#7987,#7988,#7989)),.UNSPECIFIED.,.F.,.F.,.F.,
(4,1,1,4),(4,1,1,4),(0.,0.333333333333333,0.666666666666667,1.),(0.,0.333333333333333,
0.666666666666667,1.),.UNSPECIFIED.);
#3342=B_SPLINE_SURFACE_WITH_KNOTS('',3,3,((#7993,#7994,#7995,#7996,#7997,
#7998),(#7999,#8000,#8001,#8002,#8003,#8004),(#8005,#8006,#8007,#8008,#8009,
#8010),(#8011,#8012,#8013,#8014,#8015,#8016),(#8017,#8018,#8019,#8020,#8021,
#8022),(#8023,#8024,#8025,#8026,#8027,#8028)),.UNSPECIFIED.,.F.,.F.,.F.,
(4,1,1,4),(4,1,1,4),(0.,0.333333333333333,0.666666666666667,1.),(0.,0.333333333333333,
0.666666666666667,1.),.UNSPECIFIED.);
#3343=B_SPLINE_SURFACE_WITH_KNOTS('',3,3,((#8036,#8037,#8038,#8039,#8040,
#8041),(#8042,#8043,#8044,#8045,#8046,#8047),(#8048,#8049,#8050,#8051,#8052,
#8053),(#8054,#8055,#8056,#8057,#8058,#8059),(#8060,#8061,#8062,#8063,#8064,
#8065),(#8066,#8067,#8068,#8069,#8070,#8071)),.UNSPECIFIED.,.F.,.F.,.F.,
(4,1,1,4),(4,1,1,4),(0.,0.333333333333333,0.666666666666667,1.),(0.,0.333333333333333,
0.666666666666667,1.),.UNSPECIFIED.);
#3344=B_SPLINE_SURFACE_WITH_KNOTS('',3,3,((#8248,#8249,#8250,#8251),(#8252,
#8253,#8254,#8255),(#8256,#8257,#8258,#8259),(#8260,#8261,#8262,#8263),
(#8264,#8265,#8266,#8267),(#8268,#8269,#8270,#8271),(#8272,#8273,#8274,
#8275),(#8276,#8277,#8278,#8279),(#8280,#8281,#8282,#8283),(#8284,#8285,
#8286,#8287)),.UNSPECIFIED.,.F.,.F.,.F.,(4,1,1,1,1,1,1,4),(4,4),(0.,0.178571428571429,
0.285714285714286,0.428571428571429,0.571428571428571,0.714285714285714,
0.857142857142857,1.),(1.0550044684719,2.2049944518172),.UNSPECIFIED.);
#3345=B_SPLINE_SURFACE_WITH_KNOTS('',3,3,((#8334,#8335,#8336,#8337),(#8338,
#8339,#8340,#8341),(#8342,#8343,#8344,#8345),(#8346,#8347,#8348,#8349),
(#8350,#8351,#8352,#8353),(#8354,#8355,#8356,#8357),(#8358,#8359,#8360,
#8361),(#8362,#8363,#8364,#8365),(#8366,#8367,#8368,#8369),(#8370,#8371,
#8372,#8373)),.UNSPECIFIED.,.F.,.F.,.F.,(4,1,1,1,1,1,1,4),(4,4),(0.,0.178571428571429,
0.285714285714286,0.428571428571429,0.571428571428571,0.714285714285714,
0.857142857142857,1.),(-2.2049944518172,-1.0550044684719),.UNSPECIFIED.);
#3346=B_SPLINE_SURFACE_WITH_KNOTS('',3,3,((#8420,#8421,#8422,#8423),(#8424,
#8425,#8426,#8427),(#8428,#8429,#8430,#8431),(#8432,#8433,#8434,#8435),
(#8436,#8437,#8438,#8439),(#8440,#8441,#8442,#8443),(#8444,#8445,#8446,
#8447),(#8448,#8449,#8450,#8451),(#8452,#8453,#8454,#8455),(#8456,#8457,
#8458,#8459)),.UNSPECIFIED.,.F.,.F.,.F.,(4,1,1,1,1,1,1,4),(4,4),(0.,0.178571428571429,
0.285714285714286,0.428571428571429,0.571428571428571,0.714285714285714,
0.857142857142857,1.),(-0.0897743267219749,0.960227696231028),
 .UNSPECIFIED.);
#3347=B_SPLINE_SURFACE_WITH_KNOTS('',3,3,((#8464,#8465,#8466,#8467),(#8468,
#8469,#8470,#8471),(#8472,#8473,#8474,#8475),(#8476,#8477,#8478,#8479),
(#8480,#8481,#8482,#8483),(#8484,#8485,#8486,#8487),(#8488,#8489,#8490,
#8491),(#8492,#8493,#8494,#8495),(#8496,#8497,#8498,#8499),(#8500,#8501,
#8502,#8503)),.UNSPECIFIED.,.F.,.F.,.F.,(4,1,1,1,1,1,1,4),(4,4),(0.,0.178571428571429,
0.285714285714286,0.428571428571429,0.571428571428571,0.714285714285714,
0.857142857142857,1.),(-0.660226684754526,0.389775338198476),
 .UNSPECIFIED.);
#3348=B_SPLINE_SURFACE_WITH_KNOTS('',3,3,((#8516,#8517,#8518,#8519),(#8520,
#8521,#8522,#8523),(#8524,#8525,#8526,#8527),(#8528,#8529,#8530,#8531),
(#8532,#8533,#8534,#8535),(#8536,#8537,#8538,#8539),(#8540,#8541,#8542,
#8543),(#8544,#8545,#8546,#8547),(#8548,#8549,#8550,#8551),(#8552,#8553,
#8554,#8555)),.UNSPECIFIED.,.F.,.F.,.F.,(4,1,1,1,1,1,1,4),(4,4),(0.,0.214285714285714,
0.285714285714286,0.428571428571429,0.571428571428571,0.714285714285714,
0.857142857142857,1.),(-0.389771815613012,1.00000094676329),
 .UNSPECIFIED.);
#3349=B_SPLINE_SURFACE_WITH_KNOTS('',3,3,((#8619,#8620,#8621,#8622),(#8623,
#8624,#8625,#8626),(#8627,#8628,#8629,#8630),(#8631,#8632,#8633,#8634),
(#8635,#8636,#8637,#8638),(#8639,#8640,#8641,#8642),(#8643,#8644,#8645,
#8646),(#8647,#8648,#8649,#8650),(#8651,#8652,#8653,#8654),(#8655,#8656,
#8657,#8658)),.UNSPECIFIED.,.F.,.F.,.F.,(4,1,1,1,1,1,1,4),(4,4),(0.,0.214285714285714,
0.285714285714286,0.428571428571429,0.571428571428571,0.714285714285714,
0.857142857142857,1.),(-0.818214286106371,0.598189246467938),
 .UNSPECIFIED.);
#3350=B_SPLINE_SURFACE_WITH_KNOTS('',3,3,((#8722,#8723,#8724,#8725),(#8726,
#8727,#8728,#8729),(#8730,#8731,#8732,#8733),(#8734,#8735,#8736,#8737),
(#8738,#8739,#8740,#8741),(#8742,#8743,#8744,#8745),(#8746,#8747,#8748,
#8749),(#8750,#8751,#8752,#8753),(#8754,#8755,#8756,#8757),(#8758,#8759,
#8760,#8761)),.UNSPECIFIED.,.F.,.F.,.F.,(4,1,1,1,1,1,1,4),(4,4),(0.,0.214285714285714,
0.285714285714286,0.428571428571429,0.571428571428571,0.714285714285714,
0.857142857142857,1.),(-0.805114565575141,0.584658196801165),
 .UNSPECIFIED.);
#3351=B_SPLINE_SURFACE_WITH_KNOTS('',3,3,((#8825,#8826,#8827,#8828),(#8829,
#8830,#8831,#8832),(#8833,#8834,#8835,#8836),(#8837,#8838,#8839,#8840),
(#8841,#8842,#8843,#8844),(#8845,#8846,#8847,#8848),(#8849,#8850,#8851,
#8852),(#8853,#8854,#8855,#8856),(#8857,#8858,#8859,#8860),(#8861,#8862,
#8863,#8864)),.UNSPECIFIED.,.F.,.F.,.F.,(4,1,1,1,1,1,1,4),(4,4),(0.,0.214285714285714,
0.285714285714286,0.428571428571429,0.571428571428571,0.714285714285714,
0.857142857142857,1.),(-0.3897738938448,1.00012615830102),.UNSPECIFIED.);
#3352=B_SPLINE_SURFACE_WITH_KNOTS('',3,3,((#8928,#8929,#8930,#8931),(#8932,
#8933,#8934,#8935),(#8936,#8937,#8938,#8939),(#8940,#8941,#8942,#8943),
(#8944,#8945,#8946,#8947),(#8948,#8949,#8950,#8951),(#8952,#8953,#8954,
#8955),(#8956,#8957,#8958,#8959),(#8960,#8961,#8962,#8963),(#8964,#8965,
#8966,#8967)),.UNSPECIFIED.,.F.,.F.,.F.,(4,1,1,1,1,1,1,4),(4,4),(0.,0.142857142857143,
0.285714285714286,0.428571428571429,0.571428571428571,0.714285714285714,
0.857142857142857,1.),(-3.69240714260497,-2.34259548364767),
 .UNSPECIFIED.);
#3353=B_SPLINE_SURFACE_WITH_KNOTS('',3,3,((#8968,#8969,#8970,#8971),(#8972,
#8973,#8974,#8975),(#8976,#8977,#8978,#8979),(#8980,#8981,#8982,#8983),
(#8984,#8985,#8986,#8987),(#8988,#8989,#8990,#8991),(#8992,#8993,#8994,
#8995),(#8996,#8997,#8998,#8999),(#9000,#9001,#9002,#9003),(#9004,#9005,
#9006,#9007)),.UNSPECIFIED.,.F.,.F.,.F.,(4,1,1,1,1,1,1,4),(4,4),(0.,0.142857142857143,
0.285714285714286,0.428571428571429,0.571428571428571,0.714285714285714,
0.857142857142857,1.),(2.71750131312632,4.06731297208363),.UNSPECIFIED.);
#3354=B_SPLINE_SURFACE_WITH_KNOTS('',3,3,((#9008,#9009,#9010,#9011),(#9012,
#9013,#9014,#9015),(#9016,#9017,#9018,#9019),(#9020,#9021,#9022,#9023),
(#9024,#9025,#9026,#9027),(#9028,#9029,#9030,#9031),(#9032,#9033,#9034,
#9035),(#9036,#9037,#9038,#9039),(#9040,#9041,#9042,#9043),(#9044,#9045,
#9046,#9047)),.UNSPECIFIED.,.F.,.F.,.F.,(4,1,1,1,1,1,1,4),(4,4),(0.,0.142857142857143,
0.285714285714286,0.428571428571429,0.571428571428571,0.714285714285714,
0.857142857142857,1.),(1.84250628011124,3.39240623032747),.UNSPECIFIED.);
#3355=B_SPLINE_SURFACE_WITH_KNOTS('',3,3,((#9068,#9069,#9070,#9071),(#9072,
#9073,#9074,#9075),(#9076,#9077,#9078,#9079),(#9080,#9081,#9082,#9083),
(#9084,#9085,#9086,#9087),(#9088,#9089,#9090,#9091),(#9092,#9093,#9094,
#9095),(#9096,#9097,#9098,#9099),(#9100,#9101,#9102,#9103),(#9104,#9105,
#9106,#9107)),.UNSPECIFIED.,.F.,.F.,.F.,(4,1,1,1,1,1,1,4),(4,4),(0.,0.142857142857143,
0.285714285714286,0.428571428571429,0.571428571428571,0.714285714285714,
0.857142857142857,1.),(-0.805176132228109,0.58472391991771),
 .UNSPECIFIED.);
#3356=B_SPLINE_SURFACE_WITH_KNOTS('',3,3,((#9128,#9129,#9130,#9131),(#9132,
#9133,#9134,#9135),(#9136,#9137,#9138,#9139),(#9140,#9141,#9142,#9143),
(#9144,#9145,#9146,#9147),(#9148,#9149,#9150,#9151),(#9152,#9153,#9154,
#9155),(#9156,#9157,#9158,#9159),(#9160,#9161,#9162,#9163),(#9164,#9165,
#9166,#9167)),.UNSPECIFIED.,.F.,.F.,.F.,(4,1,1,1,1,1,1,4),(4,4),(0.,0.142857142857143,
0.285714285714286,0.428571428571429,0.571428571428571,0.714285714285714,
0.857142857142857,1.),(-3.01745625521935,-1.46755630500313),
 .UNSPECIFIED.);
#3357=B_SPLINE_SURFACE_WITH_KNOTS('',3,3,((#9168,#9169,#9170,#9171),(#9172,
#9173,#9174,#9175),(#9176,#9177,#9178,#9179),(#9180,#9181,#9182,#9183),
(#9184,#9185,#9186,#9187),(#9188,#9189,#9190,#9191),(#9192,#9193,#9194,
#9195),(#9196,#9197,#9198,#9199),(#9200,#9201,#9202,#9203),(#9204,#9205,
#9206,#9207)),.UNSPECIFIED.,.F.,.F.,.F.,(4,1,1,1,1,1,1,4),(4,4),(0.,0.142857142857143,
0.285714285714286,0.428571428571429,0.571428571428571,0.714285714285714,
0.857142857142857,1.),(-0.389987480180783,1.02641605239352),
 .UNSPECIFIED.);
#3358=B_SPLINE_SURFACE_WITH_KNOTS('',3,3,((#9248,#9249,#9250,#9251),(#9252,
#9253,#9254,#9255),(#9256,#9257,#9258,#9259),(#9260,#9261,#9262,#9263),
(#9264,#9265,#9266,#9267),(#9268,#9269,#9270,#9271),(#9272,#9273,#9274,
#9275),(#9276,#9277,#9278,#9279),(#9280,#9281,#9282,#9283),(#9284,#9285,
#9286,#9287)),.UNSPECIFIED.,.F.,.F.,.F.,(4,1,1,1,1,1,1,4),(4,4),(0.,0.142857142857143,
0.285714285714286,0.428571428571429,0.571428571428571,0.714285714285714,
0.857142857142857,1.),(3.39650016464992,5.19050020711264),.UNSPECIFIED.);
#3359=B_SPLINE_SURFACE_WITH_KNOTS('',3,3,((#9288,#9289,#9290,#9291),(#9292,
#9293,#9294,#9295),(#9296,#9297,#9298,#9299),(#9300,#9301,#9302,#9303),
(#9304,#9305,#9306,#9307),(#9308,#9309,#9310,#9311),(#9312,#9313,#9314,
#9315),(#9316,#9317,#9318,#9319),(#9320,#9321,#9322,#9323),(#9324,#9325,
#9326,#9327)),.UNSPECIFIED.,.F.,.F.,.F.,(4,1,1,1,1,1,1,4),(4,4),(0.,0.142857142857143,
0.285714285714286,0.428571428571429,0.571428571428571,0.714285714285714,
0.857142857142857,1.),(-4.69350018588128,-2.89950014341855),
 .UNSPECIFIED.);
#3360=ADVANCED_FACE('',(#631),#3284,.T.);
#3361=ADVANCED_FACE('',(#632),#3285,.T.);
#3362=ADVANCED_FACE('',(#633),#3286,.T.);
#3363=ADVANCED_FACE('',(#634),#3287,.T.);
#3364=ADVANCED_FACE('',(#635),#3288,.T.);
#3365=ADVANCED_FACE('',(#636),#3289,.T.);
#3366=ADVANCED_FACE('',(#637),#3290,.T.);
#3367=ADVANCED_FACE('',(#638),#3291,.T.);
#3368=ADVANCED_FACE('',(#639),#3292,.T.);
#3369=ADVANCED_FACE('',(#640),#3293,.T.);
#3370=ADVANCED_FACE('',(#641),#3294,.T.);
#3371=ADVANCED_FACE('',(#642),#3295,.T.);
#3372=ADVANCED_FACE('',(#643),#3296,.T.);
#3373=ADVANCED_FACE('',(#644),#3297,.T.);
#3374=ADVANCED_FACE('',(#645),#3298,.T.);
#3375=ADVANCED_FACE('',(#646),#3299,.T.);
#3376=ADVANCED_FACE('',(#647),#3300,.T.);
#3377=ADVANCED_FACE('',(#648),#3301,.T.);
#3378=ADVANCED_FACE('',(#649),#3302,.T.);
#3379=ADVANCED_FACE('',(#650),#3303,.T.);
#3380=ADVANCED_FACE('',(#651),#3304,.T.);
#3381=ADVANCED_FACE('',(#652),#3305,.T.);
#3382=ADVANCED_FACE('',(#653),#3306,.T.);
#3383=ADVANCED_FACE('',(#654),#3307,.T.);
#3384=ADVANCED_FACE('',(#655),#3308,.T.);
#3385=ADVANCED_FACE('',(#656),#3309,.T.);
#3386=ADVANCED_FACE('',(#657),#3310,.T.);
#3387=ADVANCED_FACE('',(#658),#3311,.T.);
#3388=ADVANCED_FACE('',(#659),#3312,.T.);
#3389=ADVANCED_FACE('',(#660),#3313,.T.);
#3390=ADVANCED_FACE('',(#661),#3314,.T.);
#3391=ADVANCED_FACE('',(#662),#3315,.T.);
#3392=ADVANCED_FACE('',(#663),#3316,.T.);
#3393=ADVANCED_FACE('',(#664),#3317,.T.);
#3394=ADVANCED_FACE('',(#665),#3318,.T.);
#3395=ADVANCED_FACE('',(#666),#3319,.T.);
#3396=ADVANCED_FACE('',(#667),#3320,.T.);
#3397=ADVANCED_FACE('',(#668),#3321,.T.);
#3398=ADVANCED_FACE('',(#669),#3322,.T.);
#3399=ADVANCED_FACE('',(#670),#3323,.T.);
#3400=ADVANCED_FACE('',(#671),#587,.T.);
#3401=ADVANCED_FACE('',(#672),#588,.T.);
#3402=ADVANCED_FACE('',(#673),#3324,.T.);
#3403=ADVANCED_FACE('',(#674,#29,#30,#31,#32),#70,.T.);
#3404=ADVANCED_FACE('',(#675),#3325,.T.);
#3405=ADVANCED_FACE('',(#676),#71,.F.);
#3406=ADVANCED_FACE('',(#677),#3326,.T.);
#3407=ADVANCED_FACE('',(#678),#3327,.T.);
#3408=ADVANCED_FACE('',(#679),#3328,.T.);
#3409=ADVANCED_FACE('',(#680),#72,.F.);
#3410=ADVANCED_FACE('',(#681),#73,.F.);
#3411=ADVANCED_FACE('',(#682),#74,.F.);
#3412=ADVANCED_FACE('',(#683),#3329,.T.);
#3413=ADVANCED_FACE('',(#684),#75,.F.);
#3414=ADVANCED_FACE('',(#685),#3330,.T.);
#3415=ADVANCED_FACE('',(#686),#76,.F.);
#3416=ADVANCED_FACE('',(#687),#3331,.T.);
#3417=ADVANCED_FACE('',(#688),#77,.F.);
#3418=ADVANCED_FACE('',(#689),#3332,.T.);
#3419=ADVANCED_FACE('',(#690),#3333,.T.);
#3420=ADVANCED_FACE('',(#691),#3334,.F.);
#3421=ADVANCED_FACE('',(#692),#3335,.T.);
#3422=ADVANCED_FACE('',(#693),#78,.F.);
#3423=ADVANCED_FACE('',(#694),#79,.F.);
#3424=ADVANCED_FACE('',(#695),#80,.F.);
#3425=ADVANCED_FACE('',(#696),#81,.F.);
#3426=ADVANCED_FACE('',(#697),#82,.F.);
#3427=ADVANCED_FACE('',(#698),#83,.F.);
#3428=ADVANCED_FACE('',(#699),#84,.F.);
#3429=ADVANCED_FACE('',(#700),#589,.F.);
#3430=ADVANCED_FACE('',(#701,#33),#85,.F.);
#3431=ADVANCED_FACE('',(#702),#590,.F.);
#3432=ADVANCED_FACE('',(#703,#34),#86,.F.);
#3433=ADVANCED_FACE('',(#704),#591,.F.);
#3434=ADVANCED_FACE('',(#705,#35),#87,.F.);
#3435=ADVANCED_FACE('',(#706),#592,.F.);
#3436=ADVANCED_FACE('',(#707,#36),#88,.F.);
#3437=ADVANCED_FACE('',(#708),#89,.T.);
#3438=ADVANCED_FACE('',(#709),#90,.T.);
#3439=ADVANCED_FACE('',(#710),#91,.T.);
#3440=ADVANCED_FACE('',(#711),#92,.T.);
#3441=ADVANCED_FACE('',(#712),#93,.T.);
#3442=ADVANCED_FACE('',(#713),#94,.T.);
#3443=ADVANCED_FACE('',(#714,#37,#38,#39,#40),#95,.F.);
#3444=ADVANCED_FACE('',(#715),#96,.T.);
#3445=ADVANCED_FACE('',(#716),#97,.T.);
#3446=ADVANCED_FACE('',(#717),#98,.T.);
#3447=ADVANCED_FACE('',(#718),#99,.T.);
#3448=ADVANCED_FACE('',(#719),#100,.T.);
#3449=ADVANCED_FACE('',(#720),#101,.T.);
#3450=ADVANCED_FACE('',(#721),#3336,.T.);
#3451=ADVANCED_FACE('',(#722),#3337,.T.);
#3452=ADVANCED_FACE('',(#723),#3338,.T.);
#3453=ADVANCED_FACE('',(#724),#593,.T.);
#3454=ADVANCED_FACE('',(#725),#3339,.T.);
#3455=ADVANCED_FACE('',(#726),#3340,.T.);
#3456=ADVANCED_FACE('',(#727),#594,.T.);
#3457=ADVANCED_FACE('',(#728),#3341,.T.);
#3458=ADVANCED_FACE('',(#729),#3342,.T.);
#3459=ADVANCED_FACE('',(#730),#595,.T.);
#3460=ADVANCED_FACE('',(#731),#596,.T.);
#3461=ADVANCED_FACE('',(#732),#3343,.T.);
#3462=ADVANCED_FACE('',(#733),#597,.T.);
#3463=ADVANCED_FACE('',(#734),#598,.T.);
#3464=ADVANCED_FACE('',(#735),#599,.T.);
#3465=ADVANCED_FACE('',(#736),#600,.T.);
#3466=ADVANCED_FACE('',(#737),#601,.T.);
#3467=ADVANCED_FACE('',(#738),#602,.T.);
#3468=ADVANCED_FACE('',(#739),#603,.T.);
#3469=ADVANCED_FACE('',(#740),#604,.T.);
#3470=ADVANCED_FACE('',(#741),#102,.T.);
#3471=ADVANCED_FACE('',(#742,#41,#42,#43,#44,#45,#46),#103,.T.);
#3472=ADVANCED_FACE('',(#743,#47,#48,#49,#50),#104,.T.);
#3473=ADVANCED_FACE('',(#744,#51),#105,.T.);
#3474=ADVANCED_FACE('',(#745,#52),#106,.T.);
#3475=ADVANCED_FACE('',(#746),#3344,.T.);
#3476=ADVANCED_FACE('',(#747),#3345,.T.);
#3477=ADVANCED_FACE('',(#748),#3346,.T.);
#3478=ADVANCED_FACE('',(#749),#3347,.T.);
#3479=ADVANCED_FACE('',(#750),#107,.F.);
#3480=ADVANCED_FACE('',(#751),#108,.F.);
#3481=ADVANCED_FACE('',(#752),#109,.F.);
#3482=ADVANCED_FACE('',(#753),#110,.F.);
#3483=ADVANCED_FACE('',(#754),#3348,.T.);
#3484=ADVANCED_FACE('',(#755),#111,.F.);
#3485=ADVANCED_FACE('',(#756),#3349,.T.);
#3486=ADVANCED_FACE('',(#757),#112,.F.);
#3487=ADVANCED_FACE('',(#758),#3350,.T.);
#3488=ADVANCED_FACE('',(#759),#113,.F.);
#3489=ADVANCED_FACE('',(#760),#3351,.T.);
#3490=ADVANCED_FACE('',(#761),#114,.F.);
#3491=ADVANCED_FACE('',(#762),#3352,.T.);
#3492=ADVANCED_FACE('',(#763),#3353,.T.);
#3493=ADVANCED_FACE('',(#764),#3354,.T.);
#3494=ADVANCED_FACE('',(#765),#3355,.T.);
#3495=ADVANCED_FACE('',(#766),#3356,.T.);
#3496=ADVANCED_FACE('',(#767),#3357,.T.);
#3497=ADVANCED_FACE('',(#768),#3358,.T.);
#3498=ADVANCED_FACE('',(#769),#3359,.T.);
#3499=ADVANCED_FACE('',(#770),#605,.F.);
#3500=ADVANCED_FACE('',(#771,#53),#115,.T.);
#3501=ADVANCED_FACE('',(#772),#606,.F.);
#3502=ADVANCED_FACE('',(#773,#54),#116,.T.);
#3503=ADVANCED_FACE('',(#774),#607,.F.);
#3504=ADVANCED_FACE('',(#775),#608,.F.);
#3505=ADVANCED_FACE('',(#776),#117,.T.);
#3506=ADVANCED_FACE('',(#777,#55,#56),#118,.T.);
#3507=ADVANCED_FACE('',(#778),#119,.T.);
#3508=ADVANCED_FACE('',(#779),#120,.T.);
#3509=ADVANCED_FACE('',(#780),#609,.F.);
#3510=ADVANCED_FACE('',(#781),#610,.F.);
#3511=ADVANCED_FACE('',(#782),#611,.F.);
#3512=ADVANCED_FACE('',(#783),#612,.F.);
#3513=ADVANCED_FACE('',(#784),#121,.T.);
#3514=ADVANCED_FACE('',(#785),#613,.T.);
#3515=ADVANCED_FACE('',(#786),#614,.T.);
#3516=ADVANCED_FACE('',(#787),#615,.T.);
#3517=ADVANCED_FACE('',(#788),#616,.T.);
#3518=ADVANCED_FACE('',(#789),#122,.F.);
#3519=ADVANCED_FACE('',(#790),#123,.F.);
#3520=ADVANCED_FACE('',(#791),#617,.T.);
#3521=ADVANCED_FACE('',(#792),#618,.T.);
#3522=ADVANCED_FACE('',(#793),#619,.T.);
#3523=ADVANCED_FACE('',(#794),#620,.T.);
#3524=ADVANCED_FACE('',(#795),#124,.F.);
#3525=ADVANCED_FACE('',(#796),#125,.F.);
#3526=ADVANCED_FACE('',(#797),#126,.F.);
#3527=ADVANCED_FACE('',(#798),#127,.F.);
#3528=ADVANCED_FACE('',(#799),#128,.F.);
#3529=ADVANCED_FACE('',(#800),#129,.F.);
#3530=ADVANCED_FACE('',(#801),#130,.T.);
#3531=ADVANCED_FACE('',(#802),#131,.T.);
#3532=ADVANCED_FACE('',(#803),#132,.T.);
#3533=ADVANCED_FACE('',(#804,#57,#58,#59),#133,.F.);
#3534=ADVANCED_FACE('',(#805,#60,#61,#62,#63),#134,.F.);
#3535=ADVANCED_FACE('',(#806),#621,.T.);
#3536=ADVANCED_FACE('',(#807),#622,.T.);
#3537=ADVANCED_FACE('',(#808),#623,.T.);
#3538=ADVANCED_FACE('',(#809),#624,.T.);
#3539=ADVANCED_FACE('',(#810),#135,.F.);
#3540=ADVANCED_FACE('',(#811),#136,.F.);
#3541=ADVANCED_FACE('',(#812),#137,.F.);
#3542=ADVANCED_FACE('',(#813),#138,.F.);
#3543=ADVANCED_FACE('',(#814),#625,.F.);
#3544=ADVANCED_FACE('',(#815),#626,.F.);
#3545=ADVANCED_FACE('',(#816),#627,.T.);
#3546=ADVANCED_FACE('',(#817,#64),#139,.T.);
#3547=ADVANCED_FACE('',(#818),#628,.T.);
#3548=ADVANCED_FACE('',(#819,#65),#140,.T.);
#3549=ADVANCED_FACE('',(#820),#629,.T.);
#3550=ADVANCED_FACE('',(#821,#66),#141,.T.);
#3551=ADVANCED_FACE('',(#822),#630,.T.);
#3552=ADVANCED_FACE('',(#823,#67),#142,.T.);
#3553=ADVANCED_FACE('',(#824,#68,#69),#143,.F.);
#3554=ADVANCED_FACE('',(#825),#144,.F.);
#3555=CLOSED_SHELL('',(#3360,#3361,#3362,#3363,#3364,#3365,#3366,#3367,
#3368,#3369,#3370,#3371,#3372,#3373,#3374,#3375,#3376,#3377,#3378,#3379,
#3380,#3381,#3382,#3383,#3384,#3385,#3386,#3387,#3388,#3389,#3390,#3391,
#3392,#3393,#3394,#3395,#3396,#3397,#3398,#3399,#3400,#3401,#3402,#3403,
#3404,#3405,#3406,#3407,#3408,#3409,#3410,#3411,#3412,#3413,#3414,#3415,
#3416,#3417,#3418,#3419,#3420,#3421,#3422,#3423,#3424,#3425,#3426,#3427,
#3428,#3429,#3430,#3431,#3432,#3433,#3434,#3435,#3436,#3437,#3438,#3439,
#3440,#3441,#3442,#3443,#3444,#3445,#3446,#3447,#3448,#3449,#3450,#3451,
#3452,#3453,#3454,#3455,#3456,#3457,#3458,#3459,#3460,#3461,#3462,#3463,
#3464,#3465,#3466,#3467,#3468,#3469,#3470,#3471,#3472,#3473,#3474,#3475,
#3476,#3477,#3478,#3479,#3480,#3481,#3482,#3483,#3484,#3485,#3486,#3487,
#3488,#3489,#3490,#3491,#3492,#3493,#3494,#3495,#3496,#3497,#3498,#3499,
#3500,#3501,#3502,#3503,#3504,#3505,#3506,#3507,#3508,#3509,#3510,#3511,
#3512,#3513,#3514,#3515,#3516,#3517,#3518,#3519,#3520,#3521,#3522,#3523,
#3524,#3525,#3526,#3527,#3528,#3529,#3530,#3531,#3532,#3533,#3534,#3535,
#3536,#3537,#3538,#3539,#3540,#3541,#3542,#3543,#3544,#3545,#3546,#3547,
#3548,#3549,#3550,#3551,#3552,#3553,#3554));
#3556=DERIVED_UNIT_ELEMENT(#3558,1.);
#3557=DERIVED_UNIT_ELEMENT(#9566,-3.);
#3558=(
MASS_UNIT()
NAMED_UNIT(*)
SI_UNIT(.KILO.,.GRAM.)
);
#3559=DERIVED_UNIT((#3556,#3557));
#3560=MEASURE_REPRESENTATION_ITEM('density measure',
POSITIVE_RATIO_MEASURE(7850.),#3559);
#3561=PROPERTY_DEFINITION_REPRESENTATION(#3566,#3563);
#3562=PROPERTY_DEFINITION_REPRESENTATION(#3567,#3564);
#3563=REPRESENTATION('material name',(#3565),#9563);
#3564=REPRESENTATION('density',(#3560),#9563);
#3565=DESCRIPTIVE_REPRESENTATION_ITEM('Acier','Acier');
#3566=PROPERTY_DEFINITION('material property','material name',#9573);
#3567=PROPERTY_DEFINITION('material property','density of part',#9573);
#3568=AXIS2_PLACEMENT_3D('',#4593,#3836,#3837);
#3569=AXIS2_PLACEMENT_3D('',#4646,#3838,#3839);
#3570=AXIS2_PLACEMENT_3D('',#4647,#3840,#3841);
#3571=AXIS2_PLACEMENT_3D('',#4692,#3842,#3843);
#3572=AXIS2_PLACEMENT_3D('',#4693,#3844,#3845);
#3573=AXIS2_PLACEMENT_3D('',#4738,#3846,#3847);
#3574=AXIS2_PLACEMENT_3D('',#4739,#3848,#3849);
#3575=AXIS2_PLACEMENT_3D('',#4784,#3850,#3851);
#3576=AXIS2_PLACEMENT_3D('',#4785,#3852,#3853);
#3577=AXIS2_PLACEMENT_3D('',#4830,#3854,#3855);
#3578=AXIS2_PLACEMENT_3D('',#4831,#3856,#3857);
#3579=AXIS2_PLACEMENT_3D('',#4884,#3858,#3859);
#3580=AXIS2_PLACEMENT_3D('',#4885,#3860,#3861);
#3581=AXIS2_PLACEMENT_3D('',#4930,#3862,#3863);
#3582=AXIS2_PLACEMENT_3D('',#4931,#3864,#3865);
#3583=AXIS2_PLACEMENT_3D('',#4987,#3866,#3867);
#3584=AXIS2_PLACEMENT_3D('',#4988,#3868,#3869);
#3585=AXIS2_PLACEMENT_3D('',#5033,#3870,#3871);
#3586=AXIS2_PLACEMENT_3D('',#5035,#3872,#3873);
#3587=AXIS2_PLACEMENT_3D('',#5091,#3874,#3875);
#3588=AXIS2_PLACEMENT_3D('',#5092,#3876,#3877);
#3589=AXIS2_PLACEMENT_3D('',#5145,#3878,#3879);
#3590=AXIS2_PLACEMENT_3D('',#5146,#3880,#3881);
#3591=AXIS2_PLACEMENT_3D('',#5191,#3882,#3883);
#3592=AXIS2_PLACEMENT_3D('',#5192,#3884,#3885);
#3593=AXIS2_PLACEMENT_3D('',#5237,#3886,#3887);
#3594=AXIS2_PLACEMENT_3D('',#5238,#3888,#3889);
#3595=AXIS2_PLACEMENT_3D('',#5283,#3890,#3891);
#3596=AXIS2_PLACEMENT_3D('',#5284,#3892,#3893);
#3597=AXIS2_PLACEMENT_3D('',#5329,#3894,#3895);
#3598=AXIS2_PLACEMENT_3D('',#5330,#3896,#3897);
#3599=AXIS2_PLACEMENT_3D('',#5383,#3898,#3899);
#3600=AXIS2_PLACEMENT_3D('',#5384,#3900,#3901);
#3601=AXIS2_PLACEMENT_3D('',#5429,#3902,#3903);
#3602=AXIS2_PLACEMENT_3D('',#5430,#3904,#3905);
#3603=AXIS2_PLACEMENT_3D('',#5475,#3906,#3907);
#3604=AXIS2_PLACEMENT_3D('',#5476,#3908,#3909);
#3605=AXIS2_PLACEMENT_3D('',#5521,#3910,#3911);
#3606=AXIS2_PLACEMENT_3D('',#5522,#3912,#3913);
#3607=AXIS2_PLACEMENT_3D('',#5567,#3914,#3915);
#3608=AXIS2_PLACEMENT_3D('',#5568,#3916,#3917);
#3609=AXIS2_PLACEMENT_3D('',#5621,#3918,#3919);
#3610=AXIS2_PLACEMENT_3D('',#5622,#3920,#3921);
#3611=AXIS2_PLACEMENT_3D('',#5667,#3922,#3923);
#3612=AXIS2_PLACEMENT_3D('',#5668,#3924,#3925);
#3613=AXIS2_PLACEMENT_3D('',#5713,#3926,#3927);
#3614=AXIS2_PLACEMENT_3D('',#5714,#3928,#3929);
#3615=AXIS2_PLACEMENT_3D('',#5759,#3930,#3931);
#3616=AXIS2_PLACEMENT_3D('',#5760,#3932,#3933);
#3617=AXIS2_PLACEMENT_3D('',#5805,#3934,#3935);
#3618=AXIS2_PLACEMENT_3D('',#5806,#3936,#3937);
#3619=AXIS2_PLACEMENT_3D('',#5859,#3938,#3939);
#3620=AXIS2_PLACEMENT_3D('',#5860,#3940,#3941);
#3621=AXIS2_PLACEMENT_3D('',#5905,#3942,#3943);
#3622=AXIS2_PLACEMENT_3D('',#5906,#3944,#3945);
#3623=AXIS2_PLACEMENT_3D('',#5951,#3946,#3947);
#3624=AXIS2_PLACEMENT_3D('',#5952,#3948,#3949);
#3625=AXIS2_PLACEMENT_3D('',#5997,#3950,#3951);
#3626=AXIS2_PLACEMENT_3D('',#5998,#3952,#3953);
#3627=AXIS2_PLACEMENT_3D('',#6043,#3954,#3955);
#3628=AXIS2_PLACEMENT_3D('',#6044,#3956,#3957);
#3629=AXIS2_PLACEMENT_3D('',#6097,#3958,#3959);
#3630=AXIS2_PLACEMENT_3D('',#6098,#3960,#3961);
#3631=AXIS2_PLACEMENT_3D('',#6143,#3962,#3963);
#3632=AXIS2_PLACEMENT_3D('',#6144,#3964,#3965);
#3633=AXIS2_PLACEMENT_3D('',#6189,#3966,#3967);
#3634=AXIS2_PLACEMENT_3D('',#6190,#3968,#3969);
#3635=AXIS2_PLACEMENT_3D('',#6235,#3970,#3971);
#3636=AXIS2_PLACEMENT_3D('',#6236,#3972,#3973);
#3637=AXIS2_PLACEMENT_3D('',#6281,#3974,#3975);
#3638=AXIS2_PLACEMENT_3D('',#6282,#3976,#3977);
#3639=AXIS2_PLACEMENT_3D('',#6335,#3978,#3979);
#3640=AXIS2_PLACEMENT_3D('',#6336,#3980,#3981);
#3641=AXIS2_PLACEMENT_3D('',#6381,#3982,#3983);
#3642=AXIS2_PLACEMENT_3D('',#6382,#3984,#3985);
#3643=AXIS2_PLACEMENT_3D('',#6427,#3986,#3987);
#3644=AXIS2_PLACEMENT_3D('',#6428,#3988,#3989);
#3645=AXIS2_PLACEMENT_3D('',#6473,#3990,#3991);
#3646=AXIS2_PLACEMENT_3D('',#6474,#3992,#3993);
#3647=AXIS2_PLACEMENT_3D('',#6519,#3994,#3995);
#3648=AXIS2_PLACEMENT_3D('',#6520,#3996,#3997);
#3649=AXIS2_PLACEMENT_3D('',#6521,#3998,#3999);
#3650=AXIS2_PLACEMENT_3D('',#6524,#4000,#4001);
#3651=AXIS2_PLACEMENT_3D('',#6548,#4004,#4005);
#3652=AXIS2_PLACEMENT_3D('',#6549,#4006,#4007);
#3653=AXIS2_PLACEMENT_3D('',#6677,#4010,#4011);
#3654=AXIS2_PLACEMENT_3D('',#6691,#4015,#4016);
#3655=AXIS2_PLACEMENT_3D('',#6736,#4019,#4020);
#3656=AXIS2_PLACEMENT_3D('',#6738,#4021,#4022);
#3657=AXIS2_PLACEMENT_3D('',#6868,#4027,#4028);
#3658=AXIS2_PLACEMENT_3D('',#7114,#4032,#4033);
#3659=AXIS2_PLACEMENT_3D('',#7120,#4037,#4038);
#3660=AXIS2_PLACEMENT_3D('',#7124,#4041,#4042);
#3661=AXIS2_PLACEMENT_3D('',#7190,#4045,#4046);
#3662=AXIS2_PLACEMENT_3D('',#7268,#4048,#4049);
#3663=AXIS2_PLACEMENT_3D('',#7349,#4053,#4054);
#3664=AXIS2_PLACEMENT_3D('',#7581,#4060,#4061);
#3665=AXIS2_PLACEMENT_3D('',#7585,#4064,#4065);
#3666=AXIS2_PLACEMENT_3D('',#7589,#4068,#4069);
#3667=AXIS2_PLACEMENT_3D('',#7593,#4072,#4073);
#3668=AXIS2_PLACEMENT_3D('',#7595,#4075,#4076);
#3669=AXIS2_PLACEMENT_3D('',#7601,#4080,#4081);
#3670=AXIS2_PLACEMENT_3D('',#7603,#4083,#4084);
#3671=AXIS2_PLACEMENT_3D('',#7605,#4086,#4087);
#3672=AXIS2_PLACEMENT_3D('',#7607,#4088,#4089);
#3673=AXIS2_PLACEMENT_3D('',#7610,#4091,#4092);
#3674=AXIS2_PLACEMENT_3D('',#7611,#4093,#4094);
#3675=AXIS2_PLACEMENT_3D('',#7613,#4095,#4096);
#3676=AXIS2_PLACEMENT_3D('',#7614,#4097,#4098);
#3677=AXIS2_PLACEMENT_3D('',#7616,#4099,#4100);
#3678=AXIS2_PLACEMENT_3D('',#7619,#4102,#4103);
#3679=AXIS2_PLACEMENT_3D('',#7620,#4104,#4105);
#3680=AXIS2_PLACEMENT_3D('',#7622,#4106,#4107);
#3681=AXIS2_PLACEMENT_3D('',#7623,#4108,#4109);
#3682=AXIS2_PLACEMENT_3D('',#7625,#4110,#4111);
#3683=AXIS2_PLACEMENT_3D('',#7628,#4113,#4114);
#3684=AXIS2_PLACEMENT_3D('',#7629,#4115,#4116);
#3685=AXIS2_PLACEMENT_3D('',#7631,#4117,#4118);
#3686=AXIS2_PLACEMENT_3D('',#7632,#4119,#4120);
#3687=AXIS2_PLACEMENT_3D('',#7634,#4121,#4122);
#3688=AXIS2_PLACEMENT_3D('',#7637,#4124,#4125);
#3689=AXIS2_PLACEMENT_3D('',#7638,#4126,#4127);
#3690=AXIS2_PLACEMENT_3D('',#7640,#4128,#4129);
#3691=AXIS2_PLACEMENT_3D('',#7641,#4130,#4131);
#3692=AXIS2_PLACEMENT_3D('',#7654,#4138,#4139);
#3693=AXIS2_PLACEMENT_3D('',#7660,#4143,#4144);
#3694=AXIS2_PLACEMENT_3D('',#7666,#4148,#4149);
#3695=AXIS2_PLACEMENT_3D('',#7670,#4152,#4153);
#3696=AXIS2_PLACEMENT_3D('',#7672,#4155,#4156);
#3697=AXIS2_PLACEMENT_3D('',#7678,#4161,#4162);
#3698=AXIS2_PLACEMENT_3D('',#7728,#4188,#4189);
#3699=AXIS2_PLACEMENT_3D('',#7738,#4195,#4196);
#3700=AXIS2_PLACEMENT_3D('',#7744,#4200,#4201);
#3701=AXIS2_PLACEMENT_3D('',#7748,#4204,#4205);
#3702=AXIS2_PLACEMENT_3D('',#7752,#4208,#4209);
#3703=AXIS2_PLACEMENT_3D('',#7754,#4211,#4212);
#3704=AXIS2_PLACEMENT_3D('',#7793,#4214,#4215);
#3705=AXIS2_PLACEMENT_3D('',#7794,#4216,#4217);
#3706=AXIS2_PLACEMENT_3D('',#7832,#4218,#4219);
#3707=AXIS2_PLACEMENT_3D('',#7833,#4220,#4221);
#3708=AXIS2_PLACEMENT_3D('',#7870,#4222,#4223);
#3709=AXIS2_PLACEMENT_3D('',#7871,#4224,#4225);
#3710=AXIS2_PLACEMENT_3D('',#7910,#4227,#4228);
#3711=AXIS2_PLACEMENT_3D('',#7911,#4229,#4230);
#3712=AXIS2_PLACEMENT_3D('',#7949,#4231,#4232);
#3713=AXIS2_PLACEMENT_3D('',#7950,#4233,#4234);
#3714=AXIS2_PLACEMENT_3D('',#7951,#4235,#4236);
#3715=AXIS2_PLACEMENT_3D('',#7991,#4239,#4240);
#3716=AXIS2_PLACEMENT_3D('',#7992,#4241,#4242);
#3717=AXIS2_PLACEMENT_3D('',#8030,#4243,#4244);
#3718=AXIS2_PLACEMENT_3D('',#8031,#4245,#4246);
#3719=AXIS2_PLACEMENT_3D('',#8032,#4247,#4248);
#3720=AXIS2_PLACEMENT_3D('',#8034,#4250,#4251);
#3721=AXIS2_PLACEMENT_3D('',#8073,#4253,#4254);
#3722=AXIS2_PLACEMENT_3D('',#8074,#4255,#4256);
#3723=AXIS2_PLACEMENT_3D('',#8075,#4257,#4258);
#3724=AXIS2_PLACEMENT_3D('',#8078,#4261,#4262);
#3725=AXIS2_PLACEMENT_3D('',#8081,#4265,#4266);
#3726=AXIS2_PLACEMENT_3D('',#8084,#4269,#4270);
#3727=AXIS2_PLACEMENT_3D('',#8087,#4273,#4274);
#3728=AXIS2_PLACEMENT_3D('',#8090,#4277,#4278);
#3729=AXIS2_PLACEMENT_3D('',#8093,#4281,#4282);
#3730=AXIS2_PLACEMENT_3D('',#8095,#4284,#4285);
#3731=AXIS2_PLACEMENT_3D('',#8098,#4288,#4289);
#3732=AXIS2_PLACEMENT_3D('',#8099,#4290,#4291);
#3733=AXIS2_PLACEMENT_3D('',#8101,#4292,#4293);
#3734=AXIS2_PLACEMENT_3D('',#8103,#4294,#4295);
#3735=AXIS2_PLACEMENT_3D('',#8104,#4296,#4297);
#3736=AXIS2_PLACEMENT_3D('',#8225,#4298,#4299);
#3737=AXIS2_PLACEMENT_3D('',#8242,#4308,#4309);
#3738=AXIS2_PLACEMENT_3D('',#8508,#4313,#4314);
#3739=AXIS2_PLACEMENT_3D('',#8511,#4317,#4318);
#3740=AXIS2_PLACEMENT_3D('',#8513,#4320,#4321);
#3741=AXIS2_PLACEMENT_3D('',#8515,#4323,#4324);
#3742=AXIS2_PLACEMENT_3D('',#8598,#4325,#4326);
#3743=AXIS2_PLACEMENT_3D('',#8701,#4327,#4328);
#3744=AXIS2_PLACEMENT_3D('',#8804,#4329,#4330);
#3745=AXIS2_PLACEMENT_3D('',#8907,#4331,#4332);
#3746=AXIS2_PLACEMENT_3D('',#9328,#4333,#4334);
#3747=AXIS2_PLACEMENT_3D('',#9331,#4336,#4337);
#3748=AXIS2_PLACEMENT_3D('',#9332,#4338,#4339);
#3749=AXIS2_PLACEMENT_3D('',#9334,#4340,#4341);
#3750=AXIS2_PLACEMENT_3D('',#9335,#4342,#4343);
#3751=AXIS2_PLACEMENT_3D('',#9338,#4345,#4346);
#3752=AXIS2_PLACEMENT_3D('',#9339,#4347,#4348);
#3753=AXIS2_PLACEMENT_3D('',#9341,#4349,#4350);
#3754=AXIS2_PLACEMENT_3D('',#9342,#4351,#4352);
#3755=AXIS2_PLACEMENT_3D('',#9344,#4353,#4354);
#3756=AXIS2_PLACEMENT_3D('',#9346,#4356,#4357);
#3757=AXIS2_PLACEMENT_3D('',#9348,#4358,#4359);
#3758=AXIS2_PLACEMENT_3D('',#9350,#4361,#4362);
#3759=AXIS2_PLACEMENT_3D('',#9359,#4367,#4368);
#3760=AXIS2_PLACEMENT_3D('',#9365,#4372,#4373);
#3761=AXIS2_PLACEMENT_3D('',#9371,#4377,#4378);
#3762=AXIS2_PLACEMENT_3D('',#9379,#4383,#4384);
#3763=AXIS2_PLACEMENT_3D('',#9382,#4386,#4387);
#3764=AXIS2_PLACEMENT_3D('',#9383,#4388,#4389);
#3765=AXIS2_PLACEMENT_3D('',#9385,#4390,#4391);
#3766=AXIS2_PLACEMENT_3D('',#9387,#4393,#4394);
#3767=AXIS2_PLACEMENT_3D('',#9389,#4395,#4396);
#3768=AXIS2_PLACEMENT_3D('',#9391,#4398,#4399);
#3769=AXIS2_PLACEMENT_3D('',#9393,#4400,#4401);
#3770=AXIS2_PLACEMENT_3D('',#9395,#4403,#4404);
#3771=AXIS2_PLACEMENT_3D('',#9397,#4406,#4407);
#3772=AXIS2_PLACEMENT_3D('',#9399,#4408,#4409);
#3773=AXIS2_PLACEMENT_3D('',#9402,#4411,#4412);
#3774=AXIS2_PLACEMENT_3D('',#9403,#4413,#4414);
#3775=AXIS2_PLACEMENT_3D('',#9405,#4415,#4416);
#3776=AXIS2_PLACEMENT_3D('',#9407,#4417,#4418);
#3777=AXIS2_PLACEMENT_3D('',#9409,#4420,#4421);
#3778=AXIS2_PLACEMENT_3D('',#9411,#4422,#4423);
#3779=AXIS2_PLACEMENT_3D('',#9413,#4424,#4425);
#3780=AXIS2_PLACEMENT_3D('',#9416,#4428,#4429);
#3781=AXIS2_PLACEMENT_3D('',#9418,#4431,#4432);
#3782=AXIS2_PLACEMENT_3D('',#9424,#4436,#4437);
#3783=AXIS2_PLACEMENT_3D('',#9428,#4440,#4441);
#3784=AXIS2_PLACEMENT_3D('',#9430,#4442,#4443);
#3785=AXIS2_PLACEMENT_3D('',#9433,#4445,#4446);
#3786=AXIS2_PLACEMENT_3D('',#9434,#4447,#4448);
#3787=AXIS2_PLACEMENT_3D('',#9436,#4449,#4450);
#3788=AXIS2_PLACEMENT_3D('',#9438,#4452,#4453);
#3789=AXIS2_PLACEMENT_3D('',#9441,#4455,#4456);
#3790=AXIS2_PLACEMENT_3D('',#9442,#4457,#4458);
#3791=AXIS2_PLACEMENT_3D('',#9444,#4460,#4461);
#3792=AXIS2_PLACEMENT_3D('',#9450,#4465,#4466);
#3793=AXIS2_PLACEMENT_3D('',#9454,#4469,#4470);
#3794=AXIS2_PLACEMENT_3D('',#9458,#4473,#4474);
#3795=AXIS2_PLACEMENT_3D('',#9460,#4476,#4477);
#3796=AXIS2_PLACEMENT_3D('',#9464,#4480,#4481);
#3797=AXIS2_PLACEMENT_3D('',#9466,#4483,#4484);
#3798=AXIS2_PLACEMENT_3D('',#9475,#4489,#4490);
#3799=AXIS2_PLACEMENT_3D('',#9481,#4494,#4495);
#3800=AXIS2_PLACEMENT_3D('',#9486,#4499,#4500);
#3801=AXIS2_PLACEMENT_3D('',#9495,#4506,#4507);
#3802=AXIS2_PLACEMENT_3D('',#9497,#4508,#4509);
#3803=AXIS2_PLACEMENT_3D('',#9498,#4510,#4511);
#3804=AXIS2_PLACEMENT_3D('',#9503,#4514,#4515);
#3805=AXIS2_PLACEMENT_3D('',#9505,#4516,#4517);
#3806=AXIS2_PLACEMENT_3D('',#9507,#4518,#4519);
#3807=AXIS2_PLACEMENT_3D('',#9509,#4520,#4521);
#3808=AXIS2_PLACEMENT_3D('',#9510,#4522,#4523);
#3809=AXIS2_PLACEMENT_3D('',#9512,#4524,#4525);
#3810=AXIS2_PLACEMENT_3D('',#9515,#4527,#4528);
#3811=AXIS2_PLACEMENT_3D('',#9516,#4529,#4530);
#3812=AXIS2_PLACEMENT_3D('',#9518,#4531,#4532);
#3813=AXIS2_PLACEMENT_3D('',#9521,#4534,#4535);
#3814=AXIS2_PLACEMENT_3D('',#9522,#4536,#4537);
#3815=AXIS2_PLACEMENT_3D('',#9524,#4539,#4540);
#3816=AXIS2_PLACEMENT_3D('',#9526,#4542,#4543);
#3817=AXIS2_PLACEMENT_3D('',#9529,#4546,#4547);
#3818=AXIS2_PLACEMENT_3D('',#9531,#4549,#4550);
#3819=AXIS2_PLACEMENT_3D('',#9533,#4552,#4553);
#3820=AXIS2_PLACEMENT_3D('',#9534,#4554,#4555);
#3821=AXIS2_PLACEMENT_3D('',#9536,#4557,#4558);
#3822=AXIS2_PLACEMENT_3D('',#9538,#4560,#4561);
#3823=AXIS2_PLACEMENT_3D('',#9541,#4563,#4564);
#3824=AXIS2_PLACEMENT_3D('',#9542,#4565,#4566);
#3825=AXIS2_PLACEMENT_3D('',#9543,#4567,#4568);
#3826=AXIS2_PLACEMENT_3D('',#9546,#4570,#4571);
#3827=AXIS2_PLACEMENT_3D('',#9547,#4572,#4573);
#3828=AXIS2_PLACEMENT_3D('',#9548,#4574,#4575);
#3829=AXIS2_PLACEMENT_3D('',#9551,#4577,#4578);
#3830=AXIS2_PLACEMENT_3D('',#9552,#4579,#4580);
#3831=AXIS2_PLACEMENT_3D('',#9553,#4581,#4582);
#3832=AXIS2_PLACEMENT_3D('',#9556,#4584,#4585);
#3833=AXIS2_PLACEMENT_3D('',#9557,#4586,#4587);
#3834=AXIS2_PLACEMENT_3D('',#9558,#4588,#4589);
#3835=AXIS2_PLACEMENT_3D('',#9560,#4591,#4592);
#3836=DIRECTION('axis',(0.,0.,1.));
#3837=DIRECTION('refdir',(1.,0.,0.));
#3838=DIRECTION('center_axis',(-1.,0.,0.));
#3839=DIRECTION('ref_axis',(0.,0.707106781186549,0.707106781186546));
#3840=DIRECTION('center_axis',(0.,0.,-1.));
#3841=DIRECTION('ref_axis',(0.,1.,0.));
#3842=DIRECTION('center_axis',(0.,-1.,0.));
#3843=DIRECTION('ref_axis',(1.,0.,0.));
#3844=DIRECTION('center_axis',(-1.,0.,0.));
#3845=DIRECTION('ref_axis',(0.,0.707106781186549,0.707106781186546));
#3846=DIRECTION('center_axis',(0.,0.,-1.));
#3847=DIRECTION('ref_axis',(0.707106781186546,0.707106781186549,0.));
#3848=DIRECTION('center_axis',(0.,-1.,0.));
#3849=DIRECTION('ref_axis',(1.,0.,0.));
#3850=DIRECTION('center_axis',(-1.,0.,0.));
#3851=DIRECTION('ref_axis',(0.,0.,1.));
#3852=DIRECTION('center_axis',(0.,0.,-1.));
#3853=DIRECTION('ref_axis',(0.707106781186546,0.707106781186549,0.));
#3854=DIRECTION('center_axis',(0.,-1.,0.));
#3855=DIRECTION('ref_axis',(0.70710678118655,0.,0.707106781186545));
#3856=DIRECTION('center_axis',(-1.,0.,0.));
#3857=DIRECTION('ref_axis',(0.,0.,1.));
#3858=DIRECTION('center_axis',(0.,-1.,0.));
#3859=DIRECTION('ref_axis',(0.707106781186547,0.,-0.707106781186547));
#3860=DIRECTION('center_axis',(0.,0.,1.));
#3861=DIRECTION('ref_axis',(1.,0.,0.));
#3862=DIRECTION('center_axis',(-1.,0.,0.));
#3863=DIRECTION('ref_axis',(0.,1.,0.));
#3864=DIRECTION('center_axis',(0.,-1.,0.));
#3865=DIRECTION('ref_axis',(0.707106781186547,0.,-0.707106781186547));
#3866=DIRECTION('center_axis',(0.,0.,1.));
#3867=DIRECTION('ref_axis',(0.707106781186549,0.707106781186546,0.));
#3868=DIRECTION('center_axis',(-1.,0.,0.));
#3869=DIRECTION('ref_axis',(0.,1.,0.));
#3870=DIRECTION('center_axis',(0.,-1.,0.));
#3871=DIRECTION('ref_axis',(0.,0.,-1.));
#3872=DIRECTION('center_axis',(0.,0.,1.));
#3873=DIRECTION('ref_axis',(0.707106781186549,0.707106781186546,0.));
#3874=DIRECTION('center_axis',(-1.,0.,0.));
#3875=DIRECTION('ref_axis',(0.,0.707106781186546,-0.707106781186549));
#3876=DIRECTION('center_axis',(0.,-1.,0.));
#3877=DIRECTION('ref_axis',(0.,0.,-1.));
#3878=DIRECTION('center_axis',(0.,0.,-1.));
#3879=DIRECTION('ref_axis',(0.707106781186547,-0.707106781186548,0.));
#3880=DIRECTION('center_axis',(-1.,0.,0.));
#3881=DIRECTION('ref_axis',(0.,-1.,0.));
#3882=DIRECTION('center_axis',(0.,1.,0.));
#3883=DIRECTION('ref_axis',(0.,0.,1.));
#3884=DIRECTION('center_axis',(0.,0.,-1.));
#3885=DIRECTION('ref_axis',(0.707106781186547,-0.707106781186548,0.));
#3886=DIRECTION('center_axis',(-1.,0.,0.));
#3887=DIRECTION('ref_axis',(0.,-0.707106781186548,0.707106781186547));
#3888=DIRECTION('center_axis',(0.,1.,0.));
#3889=DIRECTION('ref_axis',(0.,0.,1.));
#3890=DIRECTION('center_axis',(0.,0.,-1.));
#3891=DIRECTION('ref_axis',(1.,0.,0.));
#3892=DIRECTION('center_axis',(-1.,0.,0.));
#3893=DIRECTION('ref_axis',(0.,-0.707106781186548,0.707106781186547));
#3894=DIRECTION('center_axis',(0.,1.,0.));
#3895=DIRECTION('ref_axis',(0.70710678118655,0.,0.707106781186545));
#3896=DIRECTION('center_axis',(0.,0.,-1.));
#3897=DIRECTION('ref_axis',(1.,0.,0.));
#3898=DIRECTION('center_axis',(0.,-1.,0.));
#3899=DIRECTION('ref_axis',(-0.707106781186547,0.,0.707106781186547));
#3900=DIRECTION('center_axis',(0.,0.,-1.));
#3901=DIRECTION('ref_axis',(-1.,0.,0.));
#3902=DIRECTION('center_axis',(1.,0.,0.));
#3903=DIRECTION('ref_axis',(0.,1.,0.));
#3904=DIRECTION('center_axis',(0.,-1.,0.));
#3905=DIRECTION('ref_axis',(-0.707106781186547,0.,0.707106781186547));
#3906=DIRECTION('center_axis',(0.,0.,-1.));
#3907=DIRECTION('ref_axis',(-0.707106781186548,0.707106781186547,0.));
#3908=DIRECTION('center_axis',(1.,0.,0.));
#3909=DIRECTION('ref_axis',(0.,1.,0.));
#3910=DIRECTION('center_axis',(0.,-1.,0.));
#3911=DIRECTION('ref_axis',(0.,0.,1.));
#3912=DIRECTION('center_axis',(0.,0.,-1.));
#3913=DIRECTION('ref_axis',(-0.707106781186548,0.707106781186547,0.));
#3914=DIRECTION('center_axis',(1.,0.,-1.36432628199527E-16));
#3915=DIRECTION('ref_axis',(0.,0.707106781186547,0.707106781186548));
#3916=DIRECTION('center_axis',(0.,-1.,0.));
#3917=DIRECTION('ref_axis',(0.,0.,1.));
#3918=DIRECTION('center_axis',(-1.,0.,0.));
#3919=DIRECTION('ref_axis',(0.,-0.707106781186546,-0.707106781186549));
#3920=DIRECTION('center_axis',(0.,0.,1.));
#3921=DIRECTION('ref_axis',(0.,-1.,0.));
#3922=DIRECTION('center_axis',(0.,1.,0.));
#3923=DIRECTION('ref_axis',(1.,0.,0.));
#3924=DIRECTION('center_axis',(-1.,0.,0.));
#3925=DIRECTION('ref_axis',(0.,-0.707106781186546,-0.707106781186549));
#3926=DIRECTION('center_axis',(0.,0.,1.));
#3927=DIRECTION('ref_axis',(0.707106781186546,-0.707106781186549,0.));
#3928=DIRECTION('center_axis',(0.,1.,0.));
#3929=DIRECTION('ref_axis',(1.,0.,0.));
#3930=DIRECTION('center_axis',(-1.,0.,0.));
#3931=DIRECTION('ref_axis',(0.,0.,-1.));
#3932=DIRECTION('center_axis',(0.,0.,1.));
#3933=DIRECTION('ref_axis',(0.707106781186546,-0.707106781186549,0.));
#3934=DIRECTION('center_axis',(0.,1.,0.));
#3935=DIRECTION('ref_axis',(0.707106781186545,0.,-0.70710678118655));
#3936=DIRECTION('center_axis',(-1.,0.,0.));
#3937=DIRECTION('ref_axis',(0.,0.,-1.));
#3938=DIRECTION('center_axis',(0.,-1.,0.));
#3939=DIRECTION('ref_axis',(-0.707106781186548,0.,-0.707106781186548));
#3940=DIRECTION('center_axis',(1.,0.,0.));
#3941=DIRECTION('ref_axis',(0.,0.,-1.));
#3942=DIRECTION('center_axis',(0.,0.,1.));
#3943=DIRECTION('ref_axis',(0.,1.,0.));
#3944=DIRECTION('center_axis',(0.,-1.,0.));
#3945=DIRECTION('ref_axis',(-0.707106781186548,0.,-0.707106781186548));
#3946=DIRECTION('center_axis',(1.,0.,-1.36432628199527E-16));
#3947=DIRECTION('ref_axis',(0.,0.707106781186545,-0.70710678118655));
#3948=DIRECTION('center_axis',(0.,0.,1.));
#3949=DIRECTION('ref_axis',(0.,1.,0.));
#3950=DIRECTION('center_axis',(0.,-1.,0.));
#3951=DIRECTION('ref_axis',(-1.,0.,0.));
#3952=DIRECTION('center_axis',(1.,0.,-1.36432628199527E-16));
#3953=DIRECTION('ref_axis',(0.,0.707106781186545,-0.70710678118655));
#3954=DIRECTION('center_axis',(0.,0.,1.));
#3955=DIRECTION('ref_axis',(-0.707106781186548,0.707106781186547,0.));
#3956=DIRECTION('center_axis',(0.,-1.,0.));
#3957=DIRECTION('ref_axis',(-1.,0.,0.));
#3958=DIRECTION('center_axis',(0.,0.,-1.));
#3959=DIRECTION('ref_axis',(-0.707106781186548,-0.707106781186547,0.));
#3960=DIRECTION('center_axis',(0.,1.,0.));
#3961=DIRECTION('ref_axis',(-1.,0.,0.));
#3962=DIRECTION('center_axis',(1.,0.,0.));
#3963=DIRECTION('ref_axis',(0.,0.,1.));
#3964=DIRECTION('center_axis',(0.,0.,-1.));
#3965=DIRECTION('ref_axis',(-0.707106781186548,-0.707106781186547,0.));
#3966=DIRECTION('center_axis',(0.,1.,0.));
#3967=DIRECTION('ref_axis',(-0.707106781186548,0.,0.707106781186548));
#3968=DIRECTION('center_axis',(1.,0.,0.));
#3969=DIRECTION('ref_axis',(0.,0.,1.));
#3970=DIRECTION('center_axis',(0.,0.,-1.));
#3971=DIRECTION('ref_axis',(0.,-1.,0.));
#3972=DIRECTION('center_axis',(0.,1.,0.));
#3973=DIRECTION('ref_axis',(-0.707106781186548,0.,0.707106781186548));
#3974=DIRECTION('center_axis',(1.,0.,-1.36432628199527E-16));
#3975=DIRECTION('ref_axis',(0.,-0.707106781186547,0.707106781186548));
#3976=DIRECTION('center_axis',(0.,0.,-1.));
#3977=DIRECTION('ref_axis',(0.,-1.,0.));
#3978=DIRECTION('center_axis',(0.,0.,1.));
#3979=DIRECTION('ref_axis',(-0.707106781186548,-0.707106781186547,0.));
#3980=DIRECTION('center_axis',(1.,0.,0.));
#3981=DIRECTION('ref_axis',(0.,-1.,0.));
#3982=DIRECTION('center_axis',(0.,1.,0.));
#3983=DIRECTION('ref_axis',(0.,0.,-1.));
#3984=DIRECTION('center_axis',(0.,0.,1.));
#3985=DIRECTION('ref_axis',(-0.707106781186548,-0.707106781186547,0.));
#3986=DIRECTION('center_axis',(1.,0.,-1.36432628199527E-16));
#3987=DIRECTION('ref_axis',(0.,-0.707106781186549,-0.707106781186546));
#3988=DIRECTION('center_axis',(0.,1.,0.));
#3989=DIRECTION('ref_axis',(0.,0.,-1.));
#3990=DIRECTION('center_axis',(0.,0.,1.));
#3991=DIRECTION('ref_axis',(-1.,0.,0.));
#3992=DIRECTION('center_axis',(1.,0.,-1.36432628199527E-16));
#3993=DIRECTION('ref_axis',(0.,-0.707106781186549,-0.707106781186546));
#3994=DIRECTION('center_axis',(0.,1.,0.));
#3995=DIRECTION('ref_axis',(-0.70710678118655,0.,-0.707106781186545));
#3996=DIRECTION('center_axis',(0.,0.,1.));
#3997=DIRECTION('ref_axis',(-1.,0.,0.));
#3998=DIRECTION('center_axis',(1.,0.,0.));
#3999=DIRECTION('ref_axis',(0.,0.707106781186547,-0.707106781186548));
#4000=DIRECTION('center_axis',(1.,0.,0.));
#4001=DIRECTION('ref_axis',(0.,0.,-1.));
#4002=DIRECTION('',(1.,0.,0.));
#4003=DIRECTION('',(-1.,0.,0.));
#4004=DIRECTION('center_axis',(1.,0.,0.));
#4005=DIRECTION('ref_axis',(0.,0.,-1.));
#4006=DIRECTION('center_axis',(1.,0.,0.));
#4007=DIRECTION('ref_axis',(0.,0.707106781186547,-0.707106781186548));
#4008=DIRECTION('',(-1.,0.,0.));
#4009=DIRECTION('',(0.,-1.,0.));
#4010=DIRECTION('center_axis',(0.,0.,-1.));
#4011=DIRECTION('ref_axis',(1.,0.,0.));
#4012=DIRECTION('',(0.,1.,0.));
#4013=DIRECTION('',(1.,0.,0.));
#4014=DIRECTION('',(0.,-1.,0.));
#4015=DIRECTION('center_axis',(0.,0.,1.));
#4016=DIRECTION('ref_axis',(-0.707106781186548,0.707106781186547,0.));
#4017=DIRECTION('',(-1.,0.,0.));
#4018=DIRECTION('',(0.,1.,0.));
#4019=DIRECTION('center_axis',(0.,0.,1.));
#4020=DIRECTION('ref_axis',(-1.,0.,0.));
#4021=DIRECTION('center_axis',(0.,0.,1.));
#4022=DIRECTION('ref_axis',(-1.,0.,0.));
#4023=DIRECTION('',(0.,1.,0.));
#4024=DIRECTION('',(-1.,0.,0.));
#4025=DIRECTION('',(0.,-1.,0.));
#4026=DIRECTION('',(1.,0.,0.));
#4027=DIRECTION('center_axis',(0.,-1.,0.));
#4028=DIRECTION('ref_axis',(1.,0.,0.));
#4029=DIRECTION('',(0.,0.,1.));
#4030=DIRECTION('',(-1.,0.,-6.73164240568397E-17));
#4031=DIRECTION('',(0.,0.,1.));
#4032=DIRECTION('center_axis',(0.,-1.,0.));
#4033=DIRECTION('ref_axis',(1.,0.,0.));
#4034=DIRECTION('',(0.,0.,1.));
#4035=DIRECTION('',(-1.,0.,-6.73164240568397E-17));
#4036=DIRECTION('',(0.,0.,1.));
#4037=DIRECTION('center_axis',(-1.,0.,0.));
#4038=DIRECTION('ref_axis',(0.,-1.,0.));
#4039=DIRECTION('',(0.,0.,1.));
#4040=DIRECTION('',(0.,1.,0.));
#4041=DIRECTION('center_axis',(1.31372449723228E-16,1.,0.));
#4042=DIRECTION('ref_axis',(-1.,1.31372449723228E-16,0.));
#4043=DIRECTION('',(0.,0.,1.));
#4044=DIRECTION('',(1.,-1.31372449723228E-16,6.73164240568397E-17));
#4045=DIRECTION('center_axis',(1.,3.82822602761409E-17,0.));
#4046=DIRECTION('ref_axis',(-3.82822602761409E-17,1.,0.));
#4047=DIRECTION('',(3.82822602761409E-17,-1.,2.57702486660301E-33));
#4048=DIRECTION('center_axis',(-1.,0.,0.));
#4049=DIRECTION('ref_axis',(0.,-1.,0.));
#4050=DIRECTION('',(0.,0.,1.));
#4051=DIRECTION('',(0.,-1.,0.));
#4052=DIRECTION('',(0.,1.,0.));
#4053=DIRECTION('center_axis',(1.,0.,0.));
#4054=DIRECTION('ref_axis',(0.,1.,0.));
#4055=DIRECTION('',(0.,0.,1.));
#4056=DIRECTION('',(0.,-1.,0.));
#4057=DIRECTION('',(0.,1.,0.));
#4058=DIRECTION('',(0.,0.,-1.));
#4059=DIRECTION('',(0.,1.,0.));
#4060=DIRECTION('center_axis',(0.,1.,0.));
#4061=DIRECTION('ref_axis',(-1.,0.,0.));
#4062=DIRECTION('',(1.,0.,0.));
#4063=DIRECTION('',(0.,0.,1.));
#4064=DIRECTION('center_axis',(0.,-1.,0.));
#4065=DIRECTION('ref_axis',(1.,0.,0.));
#4066=DIRECTION('',(0.,0.,1.));
#4067=DIRECTION('',(-1.,0.,-6.73164240568397E-17));
#4068=DIRECTION('center_axis',(-1.,0.,0.));
#4069=DIRECTION('ref_axis',(0.,-1.,0.));
#4070=DIRECTION('',(0.,-1.,0.));
#4071=DIRECTION('',(0.,1.,0.));
#4072=DIRECTION('center_axis',(0.,0.,1.));
#4073=DIRECTION('ref_axis',(1.,0.,0.));
#4074=DIRECTION('',(-1.,0.,-6.73164240568397E-17));
#4075=DIRECTION('center_axis',(0.,0.,1.));
#4076=DIRECTION('ref_axis',(1.,0.,0.));
#4077=DIRECTION('',(-1.,0.,-6.73164240568397E-17));
#4078=DIRECTION('',(-1.,0.,0.));
#4079=DIRECTION('',(0.,1.,0.));
#4080=DIRECTION('center_axis',(0.,1.,0.));
#4081=DIRECTION('ref_axis',(-1.,0.,0.));
#4082=DIRECTION('',(0.,0.,1.));
#4083=DIRECTION('center_axis',(1.,0.,0.));
#4084=DIRECTION('ref_axis',(0.,1.,0.));
#4085=DIRECTION('',(0.,-1.,0.));
#4086=DIRECTION('center_axis',(0.,1.,0.));
#4087=DIRECTION('ref_axis',(0.,0.,-1.));
#4088=DIRECTION('center_axis',(0.,1.,0.));
#4089=DIRECTION('ref_axis',(0.,0.,-1.));
#4090=DIRECTION('',(0.,1.,0.));
#4091=DIRECTION('center_axis',(0.,1.,0.));
#4092=DIRECTION('ref_axis',(0.,0.,-1.));
#4093=DIRECTION('center_axis',(0.,1.,0.));
#4094=DIRECTION('ref_axis',(0.,0.,-1.));
#4095=DIRECTION('center_axis',(0.,-1.,0.));
#4096=DIRECTION('ref_axis',(0.,0.,1.));
#4097=DIRECTION('center_axis',(0.,1.,0.));
#4098=DIRECTION('ref_axis',(0.,0.,-1.));
#4099=DIRECTION('center_axis',(0.,1.,0.));
#4100=DIRECTION('ref_axis',(0.,0.,-1.));
#4101=DIRECTION('',(0.,1.,0.));
#4102=DIRECTION('center_axis',(0.,1.,0.));
#4103=DIRECTION('ref_axis',(0.,0.,-1.));
#4104=DIRECTION('center_axis',(0.,1.,0.));
#4105=DIRECTION('ref_axis',(0.,0.,-1.));
#4106=DIRECTION('center_axis',(0.,-1.,0.));
#4107=DIRECTION('ref_axis',(0.,0.,1.));
#4108=DIRECTION('center_axis',(0.,1.,0.));
#4109=DIRECTION('ref_axis',(0.,0.,-1.));
#4110=DIRECTION('center_axis',(0.,1.,0.));
#4111=DIRECTION('ref_axis',(0.,0.,-1.));
#4112=DIRECTION('',(0.,1.,0.));
#4113=DIRECTION('center_axis',(0.,1.,0.));
#4114=DIRECTION('ref_axis',(0.,0.,-1.));
#4115=DIRECTION('center_axis',(0.,1.,0.));
#4116=DIRECTION('ref_axis',(0.,0.,-1.));
#4117=DIRECTION('center_axis',(0.,-1.,0.));
#4118=DIRECTION('ref_axis',(0.,0.,-1.));
#4119=DIRECTION('center_axis',(0.,1.,0.));
#4120=DIRECTION('ref_axis',(0.,0.,-1.));
#4121=DIRECTION('center_axis',(0.,1.,0.));
#4122=DIRECTION('ref_axis',(0.,0.,-1.));
#4123=DIRECTION('',(0.,1.,0.));
#4124=DIRECTION('center_axis',(0.,1.,0.));
#4125=DIRECTION('ref_axis',(0.,0.,-1.));
#4126=DIRECTION('center_axis',(0.,1.,0.));
#4127=DIRECTION('ref_axis',(0.,0.,-1.));
#4128=DIRECTION('center_axis',(0.,-1.,0.));
#4129=DIRECTION('ref_axis',(0.,0.,1.));
#4130=DIRECTION('center_axis',(0.,1.,0.));
#4131=DIRECTION('ref_axis',(-1.,0.,0.));
#4132=DIRECTION('',(7.38915343051536E-17,0.,1.));
#4133=DIRECTION('',(1.,0.,6.73164240568397E-17));
#4134=DIRECTION('',(0.,0.,-1.));
#4135=DIRECTION('',(-1.,0.,0.));
#4136=DIRECTION('',(0.,0.,1.));
#4137=DIRECTION('',(1.,0.,0.));
#4138=DIRECTION('center_axis',(0.,0.,1.));
#4139=DIRECTION('ref_axis',(-1.,0.,0.));
#4140=DIRECTION('',(0.,-1.,0.));
#4141=DIRECTION('',(0.,-1.,0.));
#4142=DIRECTION('',(-1.,0.,0.));
#4143=DIRECTION('center_axis',(-1.,0.,0.));
#4144=DIRECTION('ref_axis',(0.,0.,-1.));
#4145=DIRECTION('',(0.,1.,0.));
#4146=DIRECTION('',(0.,0.,-1.));
#4147=DIRECTION('',(0.,-1.,0.));
#4148=DIRECTION('center_axis',(0.,0.,1.));
#4149=DIRECTION('ref_axis',(-1.,0.,0.));
#4150=DIRECTION('',(-1.,0.,0.));
#4151=DIRECTION('',(0.,-1.,0.));
#4152=DIRECTION('center_axis',(-1.,0.,0.));
#4153=DIRECTION('ref_axis',(0.,0.,-1.));
#4154=DIRECTION('',(0.,0.,-1.));
#4155=DIRECTION('center_axis',(0.,-1.,0.));
#4156=DIRECTION('ref_axis',(0.,0.,-1.));
#4157=DIRECTION('',(-7.38915343051536E-17,0.,-1.));
#4158=DIRECTION('',(-1.,0.,-6.73164240568397E-17));
#4159=DIRECTION('',(-1.,0.,-6.73164240568397E-17));
#4160=DIRECTION('',(-1.,0.,-6.73164240568397E-17));
#4161=DIRECTION('center_axis',(1.,0.,-7.38915343051536E-17));
#4162=DIRECTION('ref_axis',(7.38915343051536E-17,0.,1.));
#4163=DIRECTION('',(0.,-1.,0.));
#4164=DIRECTION('',(7.38915343051536E-17,0.,1.));
#4165=DIRECTION('',(0.,-1.,0.));
#4166=DIRECTION('',(-7.38915343051536E-17,0.,-1.));
#4167=DIRECTION('',(0.,1.,0.));
#4168=DIRECTION('',(7.38915343051536E-17,0.,1.));
#4169=DIRECTION('',(0.,-1.,0.));
#4170=DIRECTION('',(7.38915343051536E-17,0.,1.));
#4171=DIRECTION('',(0.,-1.,0.));
#4172=DIRECTION('',(-7.38915343051536E-17,0.,-1.));
#4173=DIRECTION('',(0.,1.,0.));
#4174=DIRECTION('',(7.38915343051536E-17,0.,1.));
#4175=DIRECTION('',(0.,-1.,0.));
#4176=DIRECTION('',(0.,-1.,0.));
#4177=DIRECTION('',(-7.38915343051536E-17,0.,-1.));
#4178=DIRECTION('',(0.,1.,0.));
#4179=DIRECTION('',(7.38915343051536E-17,0.,1.));
#4180=DIRECTION('',(-2.10402851343504E-32,-1.,-2.84745544022124E-16));
#4181=DIRECTION('',(-7.38915343051536E-17,0.,-1.));
#4182=DIRECTION('',(0.,1.,0.));
#4183=DIRECTION('',(7.38915343051536E-17,0.,1.));
#4184=DIRECTION('',(0.,-1.,0.));
#4185=DIRECTION('',(-7.38915343051536E-17,0.,-1.));
#4186=DIRECTION('',(0.,1.,0.));
#4187=DIRECTION('',(7.38915343051536E-17,0.,1.));
#4188=DIRECTION('center_axis',(0.,-1.,0.));
#4189=DIRECTION('ref_axis',(0.,0.,-1.));
#4190=DIRECTION('',(1.,0.,0.));
#4191=DIRECTION('',(0.,0.,-1.));
#4192=DIRECTION('',(1.,0.,0.));
#4193=DIRECTION('',(0.,0.,-1.));
#4194=DIRECTION('',(1.,0.,0.));
#4195=DIRECTION('center_axis',(-1.,0.,0.));
#4196=DIRECTION('ref_axis',(0.,0.,-1.));
#4197=DIRECTION('',(0.,-1.,0.));
#4198=DIRECTION('',(0.,0.,1.));
#4199=DIRECTION('',(0.,-1.,0.));
#4200=DIRECTION('center_axis',(0.,0.,-1.));
#4201=DIRECTION('ref_axis',(1.,0.,0.));
#4202=DIRECTION('',(0.,-1.,0.));
#4203=DIRECTION('',(-1.,0.,0.));
#4204=DIRECTION('center_axis',(-1.,0.,0.));
#4205=DIRECTION('ref_axis',(0.,0.,-1.));
#4206=DIRECTION('',(0.,0.,1.));
#4207=DIRECTION('',(0.,-1.,0.));
#4208=DIRECTION('center_axis',(0.,0.,-1.));
#4209=DIRECTION('ref_axis',(1.,0.,0.));
#4210=DIRECTION('',(-1.,0.,0.));
#4211=DIRECTION('center_axis',(0.,1.,0.));
#4212=DIRECTION('ref_axis',(-1.,0.,0.));
#4213=DIRECTION('',(-1.,0.,0.));
#4214=DIRECTION('center_axis',(1.,0.,0.));
#4215=DIRECTION('ref_axis',(0.,-1.,0.));
#4216=DIRECTION('center_axis',(0.,1.,0.));
#4217=DIRECTION('ref_axis',(-0.70710678118655,0.,-0.707106781186545));
#4218=DIRECTION('center_axis',(0.,1.,0.));
#4219=DIRECTION('ref_axis',(-1.,0.,0.));
#4220=DIRECTION('center_axis',(1.,0.,-1.36432628199527E-16));
#4221=DIRECTION('ref_axis',(0.,-0.707106781186547,0.707106781186548));
#4222=DIRECTION('center_axis',(1.,0.,0.));
#4223=DIRECTION('ref_axis',(0.,0.,-1.));
#4224=DIRECTION('center_axis',(0.,1.,0.));
#4225=DIRECTION('ref_axis',(-0.70710678118655,0.,-0.707106781186545));
#4226=DIRECTION('',(0.,1.,0.));
#4227=DIRECTION('center_axis',(0.,0.,1.));
#4228=DIRECTION('ref_axis',(0.,-1.,0.));
#4229=DIRECTION('center_axis',(0.,1.,0.));
#4230=DIRECTION('ref_axis',(0.707106781186545,0.,-0.70710678118655));
#4231=DIRECTION('center_axis',(0.,0.,-1.));
#4232=DIRECTION('ref_axis',(-1.,0.,0.));
#4233=DIRECTION('center_axis',(1.,0.,-1.36432628199527E-16));
#4234=DIRECTION('ref_axis',(0.,0.707106781186547,0.707106781186548));
#4235=DIRECTION('center_axis',(0.,1.,0.));
#4236=DIRECTION('ref_axis',(-0.70710678118655,0.,0.707106781186545));
#4237=DIRECTION('',(0.,-1.,0.));
#4238=DIRECTION('',(0.,1.,0.));
#4239=DIRECTION('center_axis',(-1.,0.,0.));
#4240=DIRECTION('ref_axis',(0.,-1.,0.));
#4241=DIRECTION('center_axis',(0.,1.,0.));
#4242=DIRECTION('ref_axis',(0.70710678118655,0.,0.707106781186545));
#4243=DIRECTION('center_axis',(0.,0.,1.));
#4244=DIRECTION('ref_axis',(1.,0.,0.));
#4245=DIRECTION('center_axis',(-1.,0.,0.));
#4246=DIRECTION('ref_axis',(0.,0.707106781186546,-0.707106781186549));
#4247=DIRECTION('center_axis',(0.,1.,0.));
#4248=DIRECTION('ref_axis',(0.70710678118655,0.,-0.707106781186545));
#4249=DIRECTION('',(0.,-1.,0.));
#4250=DIRECTION('center_axis',(-1.,0.,0.));
#4251=DIRECTION('ref_axis',(0.,0.70710678118655,-0.707106781186545));
#4252=DIRECTION('',(1.,0.,0.));
#4253=DIRECTION('center_axis',(0.,0.,-1.));
#4254=DIRECTION('ref_axis',(0.,1.,0.));
#4255=DIRECTION('center_axis',(0.,-1.,0.));
#4256=DIRECTION('ref_axis',(0.70710678118655,0.,0.707106781186545));
#4257=DIRECTION('center_axis',(0.,-1.,0.));
#4258=DIRECTION('ref_axis',(0.707106781186548,0.,0.707106781186548));
#4259=DIRECTION('',(0.,1.,0.));
#4260=DIRECTION('',(0.,-1.,0.));
#4261=DIRECTION('center_axis',(0.,0.,-1.));
#4262=DIRECTION('ref_axis',(0.707106781186548,0.707106781186548,0.));
#4263=DIRECTION('',(0.,0.,1.));
#4264=DIRECTION('',(0.,0.,-1.));
#4265=DIRECTION('center_axis',(1.,0.,0.));
#4266=DIRECTION('ref_axis',(0.,0.70710678118655,0.707106781186545));
#4267=DIRECTION('',(-1.,0.,0.));
#4268=DIRECTION('',(1.,0.,0.));
#4269=DIRECTION('center_axis',(-1.,0.,0.));
#4270=DIRECTION('ref_axis',(0.,-0.707106781186549,0.707106781186546));
#4271=DIRECTION('',(1.,0.,0.));
#4272=DIRECTION('',(-1.,0.,0.));
#4273=DIRECTION('center_axis',(0.,0.,1.));
#4274=DIRECTION('ref_axis',(0.707106781186548,-0.707106781186547,0.));
#4275=DIRECTION('',(0.,0.,-1.));
#4276=DIRECTION('',(0.,0.,1.));
#4277=DIRECTION('center_axis',(1.36432628199527E-16,0.,1.));
#4278=DIRECTION('ref_axis',(-0.707106781186548,0.707106781186548,0.));
#4279=DIRECTION('',(-1.36432628199527E-16,0.,-1.));
#4280=DIRECTION('',(1.36432628199527E-16,0.,1.));
#4281=DIRECTION('center_axis',(1.,0.,0.));
#4282=DIRECTION('ref_axis',(0.,-0.707106781186549,-0.707106781186546));
#4283=DIRECTION('',(-1.,0.,0.));
#4284=DIRECTION('center_axis',(-1.36432628199527E-16,0.,-1.));
#4285=DIRECTION('ref_axis',(-0.707106781186548,-0.707106781186547,0.));
#4286=DIRECTION('',(1.36432628199527E-16,0.,1.));
#4287=DIRECTION('',(-1.36432628199527E-16,0.,-1.));
#4288=DIRECTION('center_axis',(-1.,0.,1.36432628199527E-16));
#4289=DIRECTION('ref_axis',(-1.36432628199527E-16,0.,-1.));
#4290=DIRECTION('center_axis',(0.,-1.,0.));
#4291=DIRECTION('ref_axis',(0.,0.,-1.));
#4292=DIRECTION('center_axis',(0.,1.,0.));
#4293=DIRECTION('ref_axis',(1.,0.,0.));
#4294=DIRECTION('center_axis',(0.,1.,0.));
#4295=DIRECTION('ref_axis',(1.,0.,0.));
#4296=DIRECTION('center_axis',(1.,0.,0.));
#4297=DIRECTION('ref_axis',(0.,0.,1.));
#4298=DIRECTION('center_axis',(0.,0.,1.));
#4299=DIRECTION('ref_axis',(-1.,0.,0.));
#4300=DIRECTION('',(-1.,0.,0.));
#4301=DIRECTION('',(0.,1.,0.));
#4302=DIRECTION('',(1.,0.,0.));
#4303=DIRECTION('',(0.,-1.,0.));
#4304=DIRECTION('',(1.,0.,0.));
#4305=DIRECTION('',(0.,-1.,0.));
#4306=DIRECTION('',(-1.,0.,0.));
#4307=DIRECTION('',(0.,1.,0.));
#4308=DIRECTION('center_axis',(0.,1.,0.));
#4309=DIRECTION('ref_axis',(0.,0.,1.));
#4310=DIRECTION('',(0.,0.,-1.));
#4311=DIRECTION('',(1.,0.,6.73164240568397E-17));
#4312=DIRECTION('',(-1.,0.,0.));
#4313=DIRECTION('center_axis',(0.,0.,-1.));
#4314=DIRECTION('ref_axis',(-1.,0.,0.));
#4315=DIRECTION('',(1.,0.,0.));
#4316=DIRECTION('',(-1.,0.,0.));
#4317=DIRECTION('center_axis',(0.,1.,0.));
#4318=DIRECTION('ref_axis',(0.,0.,1.));
#4319=DIRECTION('',(-1.,0.,0.));
#4320=DIRECTION('center_axis',(0.,0.,1.));
#4321=DIRECTION('ref_axis',(1.,0.,0.));
#4322=DIRECTION('',(1.,0.,0.));
#4323=DIRECTION('center_axis',(0.,-1.,0.));
#4324=DIRECTION('ref_axis',(0.,0.,-1.));
#4325=DIRECTION('center_axis',(0.,0.,1.));
#4326=DIRECTION('ref_axis',(0.,1.,0.));
#4327=DIRECTION('center_axis',(0.,0.,-1.));
#4328=DIRECTION('ref_axis',(0.,-1.,0.));
#4329=DIRECTION('center_axis',(0.,0.,-1.));
#4330=DIRECTION('ref_axis',(0.,-1.,0.));
#4331=DIRECTION('center_axis',(0.,-2.84745544022124E-16,1.));
#4332=DIRECTION('ref_axis',(0.,1.,2.84745544022124E-16));
#4333=DIRECTION('center_axis',(0.,1.,0.));
#4334=DIRECTION('ref_axis',(1.,0.,0.));
#4335=DIRECTION('',(0.,1.,0.));
#4336=DIRECTION('center_axis',(0.,1.,0.));
#4337=DIRECTION('ref_axis',(1.,0.,0.));
#4338=DIRECTION('center_axis',(0.,-1.,0.));
#4339=DIRECTION('ref_axis',(1.,0.,0.));
#4340=DIRECTION('center_axis',(0.,-1.,0.));
#4341=DIRECTION('ref_axis',(-1.,0.,0.));
#4342=DIRECTION('center_axis',(0.,1.,0.));
#4343=DIRECTION('ref_axis',(1.,0.,0.));
#4344=DIRECTION('',(0.,1.,0.));
#4345=DIRECTION('center_axis',(0.,1.,0.));
#4346=DIRECTION('ref_axis',(1.,0.,0.));
#4347=DIRECTION('center_axis',(0.,-1.,0.));
#4348=DIRECTION('ref_axis',(1.,0.,0.));
#4349=DIRECTION('center_axis',(0.,-1.,0.));
#4350=DIRECTION('ref_axis',(-1.,0.,0.));
#4351=DIRECTION('center_axis',(0.,-1.,0.));
#4352=DIRECTION('ref_axis',(-1.,0.,0.));
#4353=DIRECTION('center_axis',(0.,-1.,0.));
#4354=DIRECTION('ref_axis',(-1.,0.,0.));
#4355=DIRECTION('',(0.,-1.,0.));
#4356=DIRECTION('center_axis',(0.,-1.,0.));
#4357=DIRECTION('ref_axis',(-1.,0.,0.));
#4358=DIRECTION('center_axis',(0.,-1.,0.));
#4359=DIRECTION('ref_axis',(-1.,0.,0.));
#4360=DIRECTION('',(0.,-1.,0.));
#4361=DIRECTION('center_axis',(1.,0.,0.));
#4362=DIRECTION('ref_axis',(0.,0.,-1.));
#4363=DIRECTION('',(0.,1.,0.));
#4364=DIRECTION('',(0.,0.,1.));
#4365=DIRECTION('',(0.,-1.,0.));
#4366=DIRECTION('',(0.,0.,1.));
#4367=DIRECTION('center_axis',(0.,1.,0.));
#4368=DIRECTION('ref_axis',(0.,0.,1.));
#4369=DIRECTION('',(1.,0.,0.));
#4370=DIRECTION('',(0.,0.,1.));
#4371=DIRECTION('',(1.,0.,0.));
#4372=DIRECTION('center_axis',(0.,0.,-1.));
#4373=DIRECTION('ref_axis',(-1.,0.,0.));
#4374=DIRECTION('',(1.,0.,0.));
#4375=DIRECTION('',(0.,1.,0.));
#4376=DIRECTION('',(0.,1.,0.));
#4377=DIRECTION('center_axis',(0.,0.,1.));
#4378=DIRECTION('ref_axis',(1.,0.,0.));
#4379=DIRECTION('',(0.,1.,0.));
#4380=DIRECTION('',(1.,0.,0.));
#4381=DIRECTION('',(0.,1.,0.));
#4382=DIRECTION('',(-1.,0.,0.));
#4383=DIRECTION('center_axis',(0.,1.,0.));
#4384=DIRECTION('ref_axis',(0.,0.,-1.));
#4385=DIRECTION('',(0.,1.,0.));
#4386=DIRECTION('center_axis',(0.,-1.,0.));
#4387=DIRECTION('ref_axis',(0.,0.,-1.));
#4388=DIRECTION('center_axis',(0.,-1.,0.));
#4389=DIRECTION('ref_axis',(0.,0.,1.));
#4390=DIRECTION('center_axis',(0.,-1.,0.));
#4391=DIRECTION('ref_axis',(0.,0.,1.));
#4392=DIRECTION('',(0.,-1.,0.));
#4393=DIRECTION('center_axis',(0.,-1.,0.));
#4394=DIRECTION('ref_axis',(0.,0.,1.));
#4395=DIRECTION('center_axis',(0.,-1.,0.));
#4396=DIRECTION('ref_axis',(0.,0.,1.));
#4397=DIRECTION('',(0.,-1.,0.));
#4398=DIRECTION('center_axis',(0.,-1.,0.));
#4399=DIRECTION('ref_axis',(0.,0.,1.));
#4400=DIRECTION('center_axis',(0.,-1.,0.));
#4401=DIRECTION('ref_axis',(0.,0.,1.));
#4402=DIRECTION('',(0.,-1.,0.));
#4403=DIRECTION('center_axis',(-1.,0.,0.));
#4404=DIRECTION('ref_axis',(0.,0.,1.));
#4405=DIRECTION('',(0.,0.,1.));
#4406=DIRECTION('center_axis',(0.,-1.,0.));
#4407=DIRECTION('ref_axis',(-0.707106781186546,0.,0.707106781186549));
#4408=DIRECTION('center_axis',(0.707106781186548,-0.707106781186547,0.));
#4409=DIRECTION('ref_axis',(0.707106781186547,0.707106781186548,0.));
#4410=DIRECTION('',(0.,-1.,0.));
#4411=DIRECTION('center_axis',(0.707106781186548,0.707106781186547,0.));
#4412=DIRECTION('ref_axis',(-0.707106781186547,0.707106781186548,0.));
#4413=DIRECTION('center_axis',(1.,0.,0.));
#4414=DIRECTION('ref_axis',(0.,-0.707106781186547,0.707106781186548));
#4415=DIRECTION('center_axis',(0.707106781186548,-0.707106781186547,0.));
#4416=DIRECTION('ref_axis',(-0.707106781186547,-0.707106781186548,0.));
#4417=DIRECTION('center_axis',(0.707106781186548,0.707106781186547,0.));
#4418=DIRECTION('ref_axis',(-0.707106781186547,0.707106781186548,0.));
#4419=DIRECTION('',(1.,0.,0.));
#4420=DIRECTION('center_axis',(0.,1.,0.));
#4421=DIRECTION('ref_axis',(0.707106781186548,0.,0.707106781186548));
#4422=DIRECTION('center_axis',(0.707106781186547,-0.707106781186548,0.));
#4423=DIRECTION('ref_axis',(0.707106781186548,0.707106781186547,0.));
#4424=DIRECTION('center_axis',(-0.707106781186548,0.707106781186547,0.));
#4425=DIRECTION('ref_axis',(-0.707106781186547,-0.707106781186548,0.));
#4426=DIRECTION('',(0.,1.,0.));
#4427=DIRECTION('',(0.,-1.,0.));
#4428=DIRECTION('center_axis',(-1.,0.,0.));
#4429=DIRECTION('ref_axis',(0.,0.707106781186547,0.707106781186548));
#4430=DIRECTION('',(-1.,0.,0.));
#4431=DIRECTION('center_axis',(0.,-1.,0.));
#4432=DIRECTION('ref_axis',(-1.,0.,0.));
#4433=DIRECTION('',(0.,0.,-1.));
#4434=DIRECTION('',(1.,0.,0.));
#4435=DIRECTION('',(0.,0.,-1.));
#4436=DIRECTION('center_axis',(1.,0.,0.));
#4437=DIRECTION('ref_axis',(0.,-1.,0.));
#4438=DIRECTION('',(0.,0.,-1.));
#4439=DIRECTION('',(0.,1.,0.));
#4440=DIRECTION('center_axis',(-1.,0.,0.));
#4441=DIRECTION('ref_axis',(0.,0.707106781186547,0.707106781186548));
#4442=DIRECTION('center_axis',(-0.707106781186549,-0.707106781186546,0.));
#4443=DIRECTION('ref_axis',(0.707106781186546,-0.707106781186549,0.));
#4444=DIRECTION('',(-1.,0.,0.));
#4445=DIRECTION('center_axis',(-0.707106781186547,0.707106781186548,0.));
#4446=DIRECTION('ref_axis',(-0.707106781186548,-0.707106781186547,0.));
#4447=DIRECTION('center_axis',(0.,-1.,0.));
#4448=DIRECTION('ref_axis',(-0.707106781186545,0.,0.70710678118655));
#4449=DIRECTION('center_axis',(0.707106781186549,-0.707106781186547,0.));
#4450=DIRECTION('ref_axis',(0.707106781186547,0.707106781186548,0.));
#4451=DIRECTION('',(0.,-1.,0.));
#4452=DIRECTION('center_axis',(0.,1.,0.));
#4453=DIRECTION('ref_axis',(0.707106781186548,0.,0.707106781186548));
#4454=DIRECTION('',(0.,1.,0.));
#4455=DIRECTION('center_axis',(-0.707106781186546,-0.707106781186549,0.));
#4456=DIRECTION('ref_axis',(0.707106781186549,-0.707106781186546,0.));
#4457=DIRECTION('center_axis',(1.,0.,0.));
#4458=DIRECTION('ref_axis',(0.,-0.707106781186546,0.707106781186549));
#4459=DIRECTION('',(1.,0.,0.));
#4460=DIRECTION('center_axis',(-1.,0.,0.));
#4461=DIRECTION('ref_axis',(0.,1.,0.));
#4462=DIRECTION('',(0.,0.,-1.));
#4463=DIRECTION('',(0.,-1.,0.));
#4464=DIRECTION('',(0.,0.,-1.));
#4465=DIRECTION('center_axis',(0.,-1.,0.));
#4466=DIRECTION('ref_axis',(-1.,0.,0.));
#4467=DIRECTION('',(0.,0.,-1.));
#4468=DIRECTION('',(1.,0.,0.));
#4469=DIRECTION('center_axis',(1.,0.,0.));
#4470=DIRECTION('ref_axis',(0.,-1.,0.));
#4471=DIRECTION('',(0.,0.,-1.));
#4472=DIRECTION('',(0.,1.,0.));
#4473=DIRECTION('center_axis',(0.,1.,0.));
#4474=DIRECTION('ref_axis',(1.,0.,0.));
#4475=DIRECTION('',(-1.,0.,0.));
#4476=DIRECTION('center_axis',(0.,1.,0.));
#4477=DIRECTION('ref_axis',(1.,0.,0.));
#4478=DIRECTION('',(0.,0.,-1.));
#4479=DIRECTION('',(-1.,0.,0.));
#4480=DIRECTION('center_axis',(-1.,0.,0.));
#4481=DIRECTION('ref_axis',(0.,1.,0.));
#4482=DIRECTION('',(0.,-1.,0.));
#4483=DIRECTION('center_axis',(0.,0.,-1.));
#4484=DIRECTION('ref_axis',(-1.,0.,0.));
#4485=DIRECTION('',(0.,-1.,0.));
#4486=DIRECTION('',(-1.,0.,-6.73164240568397E-17));
#4487=DIRECTION('',(0.,1.,0.));
#4488=DIRECTION('',(-1.,0.,0.));
#4489=DIRECTION('center_axis',(1.,0.,0.));
#4490=DIRECTION('ref_axis',(0.,0.,-1.));
#4491=DIRECTION('',(0.,0.,1.));
#4492=DIRECTION('',(0.,-1.,0.));
#4493=DIRECTION('',(0.,0.,-1.));
#4494=DIRECTION('center_axis',(0.,1.,0.));
#4495=DIRECTION('ref_axis',(0.,0.,1.));
#4496=DIRECTION('',(1.,0.,6.73164240568397E-17));
#4497=DIRECTION('',(1.,0.,6.73164240568397E-17));
#4498=DIRECTION('',(0.,0.,-1.));
#4499=DIRECTION('center_axis',(6.73164240568397E-17,0.,-1.));
#4500=DIRECTION('ref_axis',(1.,0.,6.73164240568397E-17));
#4501=DIRECTION('',(0.,-1.,0.));
#4502=DIRECTION('',(0.,1.,0.));
#4503=DIRECTION('',(1.,0.,6.73164240568397E-17));
#4504=DIRECTION('',(0.,-1.,0.));
#4505=DIRECTION('',(1.,0.,6.73164240568397E-17));
#4506=DIRECTION('center_axis',(6.73164240568397E-17,0.,-1.));
#4507=DIRECTION('ref_axis',(-1.,0.,0.));
#4508=DIRECTION('center_axis',(6.73164240568397E-17,0.,-1.));
#4509=DIRECTION('ref_axis',(-1.,0.,0.));
#4510=DIRECTION('center_axis',(0.,-1.,0.));
#4511=DIRECTION('ref_axis',(0.,0.,-1.));
#4512=DIRECTION('',(0.,0.,-1.));
#4513=DIRECTION('',(-1.,0.,0.));
#4514=DIRECTION('center_axis',(0.,-1.,0.));
#4515=DIRECTION('ref_axis',(1.,0.,0.));
#4516=DIRECTION('center_axis',(0.,-1.,0.));
#4517=DIRECTION('ref_axis',(1.,0.,0.));
#4518=DIRECTION('center_axis',(0.,-1.,0.));
#4519=DIRECTION('ref_axis',(1.,0.,0.));
#4520=DIRECTION('center_axis',(0.,-1.,0.));
#4521=DIRECTION('ref_axis',(1.,0.,0.));
#4522=DIRECTION('center_axis',(0.,1.,0.));
#4523=DIRECTION('ref_axis',(-0.707106781186546,0.,-0.707106781186549));
#4524=DIRECTION('center_axis',(0.707106781186548,0.707106781186547,0.));
#4525=DIRECTION('ref_axis',(0.707106781186547,-0.707106781186548,0.));
#4526=DIRECTION('',(0.,1.,0.));
#4527=DIRECTION('center_axis',(-0.707106781186548,0.707106781186547,0.));
#4528=DIRECTION('ref_axis',(0.707106781186547,0.707106781186548,0.));
#4529=DIRECTION('center_axis',(0.,-1.,0.));
#4530=DIRECTION('ref_axis',(0.707106781186548,0.,-0.707106781186548));
#4531=DIRECTION('center_axis',(-0.707106781186548,-0.707106781186547,0.));
#4532=DIRECTION('ref_axis',(-0.707106781186547,0.707106781186548,0.));
#4533=DIRECTION('',(0.,-1.,0.));
#4534=DIRECTION('center_axis',(-0.707106781186548,0.707106781186547,0.));
#4535=DIRECTION('ref_axis',(0.707106781186547,0.707106781186548,0.));
#4536=DIRECTION('center_axis',(-1.,0.,0.));
#4537=DIRECTION('ref_axis',(0.,-0.707106781186547,-0.707106781186548));
#4538=DIRECTION('',(-1.,0.,0.));
#4539=DIRECTION('center_axis',(1.,0.,0.));
#4540=DIRECTION('ref_axis',(0.,0.707106781186547,-0.707106781186548));
#4541=DIRECTION('',(1.,0.,0.));
#4542=DIRECTION('center_axis',(0.,-1.,0.));
#4543=DIRECTION('ref_axis',(1.,0.,0.));
#4544=DIRECTION('',(0.,0.,1.));
#4545=DIRECTION('',(0.,0.,1.));
#4546=DIRECTION('center_axis',(-1.,0.,0.));
#4547=DIRECTION('ref_axis',(0.,-1.,0.));
#4548=DIRECTION('',(0.,0.,1.));
#4549=DIRECTION('center_axis',(0.,1.,0.));
#4550=DIRECTION('ref_axis',(-1.,0.,0.));
#4551=DIRECTION('',(0.,0.,1.));
#4552=DIRECTION('center_axis',(1.,0.,0.));
#4553=DIRECTION('ref_axis',(0.,1.,0.));
#4554=DIRECTION('center_axis',(0.,0.,1.));
#4555=DIRECTION('ref_axis',(-1.,0.,0.));
#4556=DIRECTION('',(0.,0.,1.));
#4557=DIRECTION('center_axis',(0.,0.,1.));
#4558=DIRECTION('ref_axis',(-1.,0.,0.));
#4559=DIRECTION('',(0.,0.,1.));
#4560=DIRECTION('center_axis',(0.,-1.,0.));
#4561=DIRECTION('ref_axis',(1.,0.,0.));
#4562=DIRECTION('',(0.,1.,0.));
#4563=DIRECTION('center_axis',(0.,1.,0.));
#4564=DIRECTION('ref_axis',(1.,0.,0.));
#4565=DIRECTION('center_axis',(0.,1.,0.));
#4566=DIRECTION('ref_axis',(1.,0.,0.));
#4567=DIRECTION('center_axis',(0.,-1.,0.));
#4568=DIRECTION('ref_axis',(1.,0.,0.));
#4569=DIRECTION('',(0.,1.,0.));
#4570=DIRECTION('center_axis',(0.,1.,0.));
#4571=DIRECTION('ref_axis',(1.,0.,0.));
#4572=DIRECTION('center_axis',(0.,1.,0.));
#4573=DIRECTION('ref_axis',(1.,0.,0.));
#4574=DIRECTION('center_axis',(0.,-1.,0.));
#4575=DIRECTION('ref_axis',(1.,0.,0.));
#4576=DIRECTION('',(0.,1.,0.));
#4577=DIRECTION('center_axis',(0.,1.,0.));
#4578=DIRECTION('ref_axis',(1.,0.,0.));
#4579=DIRECTION('center_axis',(0.,1.,0.));
#4580=DIRECTION('ref_axis',(1.,0.,0.));
#4581=DIRECTION('center_axis',(0.,-1.,0.));
#4582=DIRECTION('ref_axis',(1.,0.,0.));
#4583=DIRECTION('',(0.,1.,0.));
#4584=DIRECTION('center_axis',(0.,1.,0.));
#4585=DIRECTION('ref_axis',(1.,0.,0.));
#4586=DIRECTION('center_axis',(0.,1.,0.));
#4587=DIRECTION('ref_axis',(1.,0.,0.));
#4588=DIRECTION('center_axis',(0.,0.,1.));
#4589=DIRECTION('ref_axis',(-1.,0.,0.));
#4590=DIRECTION('',(0.,1.,0.));
#4591=DIRECTION('center_axis',(-1.,0.,0.));
#4592=DIRECTION('ref_axis',(0.,0.,-1.));
#4593=CARTESIAN_POINT('',(0.,0.,0.));
#4594=CARTESIAN_POINT('Ctrl Pts',(44.51162663804,23.9987759451833,80.9537685952341));
#4595=CARTESIAN_POINT('Ctrl Pts',(44.653729994956,24.1408793020993,80.6695618814022));
#4596=CARTESIAN_POINT('Ctrl Pts',(44.8895602861548,24.3767095932981,80.0548254977623));
#4597=CARTESIAN_POINT('Ctrl Pts',(45.2094269996326,24.6965763067759,78.4389846017076));
#4598=CARTESIAN_POINT('Ctrl Pts',(45.2794710364163,24.7666203435596,77.1830745372908));
#4599=CARTESIAN_POINT('Ctrl Pts',(45.2794710364163,24.7666203435596,76.6007456842574));
#4600=CARTESIAN_POINT('Ctrl Pts',(44.7958333518719,23.8566725882674,80.8116652383181));
#4601=CARTESIAN_POINT('Ctrl Pts',(44.9088323780024,23.9970167725444,80.52993271746));
#4602=CARTESIAN_POINT('Ctrl Pts',(45.1037413007649,24.2336375452247,79.9154846206048));
#4603=CARTESIAN_POINT('Ctrl Pts',(45.3926312620682,24.5369002376203,78.3172774793828));
#4604=CARTESIAN_POINT('Ctrl Pts',(45.4543067075939,24.5917846723821,77.1507229343445));
#4605=CARTESIAN_POINT('Ctrl Pts',(45.4645911588396,24.5815002211364,76.6007456842574));
#4606=CARTESIAN_POINT('Ctrl Pts',(45.2801796112444,23.5429622728747,80.4979549229255));
#4607=CARTESIAN_POINT('Ctrl Pts',(45.3546212136321,23.6819517934782,80.2162899996876));
#4608=CARTESIAN_POINT('Ctrl Pts',(45.4972452925385,23.9142995856226,79.5863366066812));
#4609=CARTESIAN_POINT('Ctrl Pts',(45.7320704746622,24.1628549353434,78.0321652496252));
#4610=CARTESIAN_POINT('Ctrl Pts',(45.7677379207488,24.1917148720069,77.0802446710237));
#4611=CARTESIAN_POINT('Ctrl Pts',(45.7860727478617,24.1625360096789,76.6007456842574));
#4612=CARTESIAN_POINT('Ctrl Pts',(45.9526561169261,22.7186471081862,79.6736397582369));
#4613=CARTESIAN_POINT('Ctrl Pts',(45.9808343375985,22.871844045996,79.3940785202849));
#4614=CARTESIAN_POINT('Ctrl Pts',(46.0437288081636,23.125790958767,78.7575165878083));
#4615=CARTESIAN_POINT('Ctrl Pts',(46.0839983940766,23.4200232191461,77.6437338357509));
#4616=CARTESIAN_POINT('Ctrl Pts',(46.0815521786487,23.4642708864222,76.9666931608147));
#4617=CARTESIAN_POINT('Ctrl Pts',(46.0892200694848,23.4306736344194,76.6007456842574));
#4618=CARTESIAN_POINT('Ctrl Pts',(46.1581506928567,22.0579438171852,79.0129364672359));
#4619=CARTESIAN_POINT('Ctrl Pts',(46.1581506928567,22.2419869299032,78.7965388230757));
#4620=CARTESIAN_POINT('Ctrl Pts',(46.1581506928567,22.5634741372962,78.3179445797689));
#4621=CARTESIAN_POINT('Ctrl Pts',(46.1581506928567,22.8716752195951,77.4826233302114));
#4622=CARTESIAN_POINT('Ctrl Pts',(46.1581506928567,22.9216437982324,76.8964907277219));
#4623=CARTESIAN_POINT('Ctrl Pts',(46.1581506928567,22.9070993877991,76.6007456842574));
#4624=CARTESIAN_POINT('Ctrl Pts',(46.1581506928567,21.7667530342067,78.7217456842574));
#4625=CARTESIAN_POINT('Ctrl Pts',(46.1581506928567,21.9518452013806,78.5366535170834));
#4626=CARTESIAN_POINT('Ctrl Pts',(46.1581506928567,22.2732782430172,78.1177525739989));
#4627=CARTESIAN_POINT('Ctrl Pts',(46.1581506928567,22.5763797859381,77.3860007183029));
#4628=CARTESIAN_POINT('Ctrl Pts',(46.1581506928567,22.6453,76.8625055373639));
#4629=CARTESIAN_POINT('Ctrl Pts',(46.1581506928567,22.6453,76.6007456842574));
#4630=CARTESIAN_POINT('',(44.51162663804,23.9987759451833,80.9537685952341));
#4631=CARTESIAN_POINT('',(45.2794710364164,24.7666203435596,76.6007456842574));
#4632=CARTESIAN_POINT('Ctrl Pts',(44.51162663804,23.9987759451833,80.9537685952341));
#4633=CARTESIAN_POINT('Ctrl Pts',(44.653729994956,24.1408793020993,80.6695618814022));
#4634=CARTESIAN_POINT('Ctrl Pts',(44.8895602861548,24.3767095932981,80.0548254977623));
#4635=CARTESIAN_POINT('Ctrl Pts',(45.2094269996326,24.6965763067759,78.4389846017076));
#4636=CARTESIAN_POINT('Ctrl Pts',(45.2794710364163,24.7666203435596,77.1830745372908));
#4637=CARTESIAN_POINT('Ctrl Pts',(45.2794710364163,24.7666203435596,76.6007456842574));
#4638=CARTESIAN_POINT('',(46.1581506928567,21.7667530342067,78.7217456842574));
#4639=CARTESIAN_POINT('Ctrl Pts',(44.51162663804,23.9987759451833,80.9537685952341));
#4640=CARTESIAN_POINT('Ctrl Pts',(44.7958333518719,23.8566725882674,80.8116652383181));
#4641=CARTESIAN_POINT('Ctrl Pts',(45.2801796112444,23.5429622728747,80.4979549229255));
#4642=CARTESIAN_POINT('Ctrl Pts',(45.9526561169261,22.7186471081862,79.6736397582369));
#4643=CARTESIAN_POINT('Ctrl Pts',(46.1581506928567,22.0579438171852,79.0129364672359));
#4644=CARTESIAN_POINT('Ctrl Pts',(46.1581506928567,21.7667530342067,78.7217456842574));
#4645=CARTESIAN_POINT('',(46.1581506928567,22.6453,76.6007456842574));
#4646=CARTESIAN_POINT('Origin',(46.1581506928567,19.6457530342067,76.6007456842574));
#4647=CARTESIAN_POINT('Origin',(43.1581506928567,22.6453,76.6007456842574));
#4648=CARTESIAN_POINT('Ctrl Pts',(44.51162663804,23.9987759451833,80.9537685952341));
#4649=CARTESIAN_POINT('Ctrl Pts',(44.7958333518719,23.8566725882674,80.8116652383181));
#4650=CARTESIAN_POINT('Ctrl Pts',(45.2801796112444,23.5429622728747,80.4979549229255));
#4651=CARTESIAN_POINT('Ctrl Pts',(45.9526561169261,22.7186471081862,79.6736397582369));
#4652=CARTESIAN_POINT('Ctrl Pts',(46.1581506928567,22.0579438171852,79.0129364672359));
#4653=CARTESIAN_POINT('Ctrl Pts',(46.1581506928567,21.7667530342067,78.7217456842574));
#4654=CARTESIAN_POINT('Ctrl Pts',(44.653729994956,23.7145692313515,81.09587195215));
#4655=CARTESIAN_POINT('Ctrl Pts',(44.9088323780024,23.5749400674093,80.9520094225951));
#4656=CARTESIAN_POINT('Ctrl Pts',(45.3546212136321,23.2612973496369,80.636944443529));
#4657=CARTESIAN_POINT('Ctrl Pts',(45.9808343375985,22.4390858702342,79.8268366960467));
#4658=CARTESIAN_POINT('Ctrl Pts',(46.1581506928567,21.841546173025,79.1969795799539));
#4659=CARTESIAN_POINT('Ctrl Pts',(46.1581506928567,21.5816608670326,78.9068378514314));
#4660=CARTESIAN_POINT('Ctrl Pts',(44.8895602861548,23.0998328477116,81.3317022433488));
#4661=CARTESIAN_POINT('Ctrl Pts',(45.1037413007649,22.960491970554,81.1886301952754));
#4662=CARTESIAN_POINT('Ctrl Pts',(45.4972452925385,22.6313439566305,80.8692922356733));
#4663=CARTESIAN_POINT('Ctrl Pts',(46.0437288081637,21.8025239377576,80.0807836088177));
#4664=CARTESIAN_POINT('Ctrl Pts',(46.1581506928567,21.3629519297182,79.5184667873469));
#4665=CARTESIAN_POINT('Ctrl Pts',(46.1581506928567,21.1627599239482,79.2282708930679));
#4666=CARTESIAN_POINT('Ctrl Pts',(45.2094269996326,21.4839919516569,81.6515689568266));
#4667=CARTESIAN_POINT('Ctrl Pts',(45.3926312620681,21.3622848293321,81.4918928876709));
#4668=CARTESIAN_POINT('Ctrl Pts',(45.7320704746623,21.0771725995745,81.1178475853942));
#4669=CARTESIAN_POINT('Ctrl Pts',(46.0839983940765,20.6887411857002,80.3750158691968));
#4670=CARTESIAN_POINT('Ctrl Pts',(46.1581506928567,20.5276306801607,79.8266678696458));
#4671=CARTESIAN_POINT('Ctrl Pts',(46.1581506928567,20.4310080682522,79.5313724359889));
#4672=CARTESIAN_POINT('Ctrl Pts',(45.2794710364164,20.2280818872401,81.7216129936103));
#4673=CARTESIAN_POINT('Ctrl Pts',(45.4543067075939,20.1957302842938,81.5467773224328));
#4674=CARTESIAN_POINT('Ctrl Pts',(45.7677379207488,20.1252520209729,81.1467075220576));
#4675=CARTESIAN_POINT('Ctrl Pts',(46.0815521786487,20.011700510764,80.4192635364729));
#4676=CARTESIAN_POINT('Ctrl Pts',(46.1581506928567,19.9414980776711,79.8766364482832));
#4677=CARTESIAN_POINT('Ctrl Pts',(46.1581506928567,19.9075128873132,79.6002926500507));
#4678=CARTESIAN_POINT('Ctrl Pts',(45.2794710364164,19.6457530342067,81.7216129936103));
#4679=CARTESIAN_POINT('Ctrl Pts',(45.4645911588396,19.6457530342067,81.5364928711871));
#4680=CARTESIAN_POINT('Ctrl Pts',(45.7860727478617,19.6457530342067,81.1175286597296));
#4681=CARTESIAN_POINT('Ctrl Pts',(46.0892200694848,19.6457530342067,80.3856662844701));
#4682=CARTESIAN_POINT('Ctrl Pts',(46.1581506928567,19.6457530342067,79.8620920378499));
#4683=CARTESIAN_POINT('Ctrl Pts',(46.1581506928567,19.6457530342067,79.6002926500507));
#4684=CARTESIAN_POINT('',(45.2794710364164,19.6457530342067,81.7216129936103));
#4685=CARTESIAN_POINT('Ctrl Pts',(44.51162663804,23.9987759451833,80.9537685952341));
#4686=CARTESIAN_POINT('Ctrl Pts',(44.653729994956,23.7145692313515,81.09587195215));
#4687=CARTESIAN_POINT('Ctrl Pts',(44.8895602861548,23.0998328477116,81.3317022433488));
#4688=CARTESIAN_POINT('Ctrl Pts',(45.2094269996326,21.4839919516569,81.6515689568266));
#4689=CARTESIAN_POINT('Ctrl Pts',(45.2794710364164,20.2280818872401,81.7216129936103));
#4690=CARTESIAN_POINT('Ctrl Pts',(45.2794710364164,19.6457530342067,81.7216129936103));
#4691=CARTESIAN_POINT('',(46.1581506928567,19.6457530342067,79.6002926500507));
#4692=CARTESIAN_POINT('Origin',(43.1581506928567,19.6457530342067,79.6002926500507));
#4693=CARTESIAN_POINT('Origin',(46.1581506928567,19.6457530342067,76.6007456842574));
#4694=CARTESIAN_POINT('Ctrl Pts',(44.51162663804,23.9987759451833,80.9537685952341));
#4695=CARTESIAN_POINT('Ctrl Pts',(44.653729994956,23.7145692313515,81.09587195215));
#4696=CARTESIAN_POINT('Ctrl Pts',(44.8895602861548,23.0998328477116,81.3317022433488));
#4697=CARTESIAN_POINT('Ctrl Pts',(45.2094269996326,21.4839919516569,81.6515689568266));
#4698=CARTESIAN_POINT('Ctrl Pts',(45.2794710364164,20.2280818872401,81.7216129936103));
#4699=CARTESIAN_POINT('Ctrl Pts',(45.2794710364164,19.6457530342067,81.7216129936103));
#4700=CARTESIAN_POINT('Ctrl Pts',(44.3695232811241,23.8566725882674,81.2379753090659));
#4701=CARTESIAN_POINT('Ctrl Pts',(44.5098674654011,23.5749400674093,81.3509743351965));
#4702=CARTESIAN_POINT('Ctrl Pts',(44.7464882380813,22.960491970554,81.5458832579589));
#4703=CARTESIAN_POINT('Ctrl Pts',(45.049750930477,21.3622848293321,81.8347732192622));
#4704=CARTESIAN_POINT('Ctrl Pts',(45.1046353652388,20.1957302842938,81.8964486647879));
#4705=CARTESIAN_POINT('Ctrl Pts',(45.0943509139931,19.6457530342067,81.9067331160336));
#4706=CARTESIAN_POINT('Ctrl Pts',(44.0558129657314,23.5429622728747,81.7223215684384));
#4707=CARTESIAN_POINT('Ctrl Pts',(44.194802486335,23.2612973496369,81.796763170826));
#4708=CARTESIAN_POINT('Ctrl Pts',(44.4271502784793,22.6313439566305,81.9393872497326));
#4709=CARTESIAN_POINT('Ctrl Pts',(44.6757056282001,21.0771725995745,82.1742124318561));
#4710=CARTESIAN_POINT('Ctrl Pts',(44.7045655648636,20.1252520209729,82.2098798779429));
#4711=CARTESIAN_POINT('Ctrl Pts',(44.6753867025356,19.6457530342067,82.2282147050557));
#4712=CARTESIAN_POINT('Ctrl Pts',(43.231497801043,22.7186471081862,82.3947980741201));
#4713=CARTESIAN_POINT('Ctrl Pts',(43.3846947388527,22.4390858702342,82.4229762947925));
#4714=CARTESIAN_POINT('Ctrl Pts',(43.6386416516237,21.8025239377576,82.4858707653576));
#4715=CARTESIAN_POINT('Ctrl Pts',(43.9328739120028,20.6887411857002,82.5261403512706));
#4716=CARTESIAN_POINT('Ctrl Pts',(43.9771215792789,20.011700510764,82.5236941358427));
#4717=CARTESIAN_POINT('Ctrl Pts',(43.9435243272761,19.6457530342067,82.5313620266788));
#4718=CARTESIAN_POINT('Ctrl Pts',(42.5707945100419,22.0579438171852,82.6002926500507));
#4719=CARTESIAN_POINT('Ctrl Pts',(42.75483762276,21.841546173025,82.6002926500507));
#4720=CARTESIAN_POINT('Ctrl Pts',(43.0763248301529,21.3629519297182,82.6002926500507));
#4721=CARTESIAN_POINT('Ctrl Pts',(43.3845259124518,20.5276306801607,82.6002926500507));
#4722=CARTESIAN_POINT('Ctrl Pts',(43.4344944910892,19.9414980776711,82.6002926500507));
#4723=CARTESIAN_POINT('Ctrl Pts',(43.4199500806559,19.6457530342067,82.6002926500507));
#4724=CARTESIAN_POINT('Ctrl Pts',(42.2796037270634,21.7667530342067,82.6002926500507));
#4725=CARTESIAN_POINT('Ctrl Pts',(42.4646958942374,21.5816608670327,82.6002926500507));
#4726=CARTESIAN_POINT('Ctrl Pts',(42.7861289358739,21.1627599239482,82.6002926500507));
#4727=CARTESIAN_POINT('Ctrl Pts',(43.0892304787949,20.4310080682522,82.6002926500507));
#4728=CARTESIAN_POINT('Ctrl Pts',(43.1581506928567,19.9075128873132,82.6002926500507));
#4729=CARTESIAN_POINT('Ctrl Pts',(43.1581506928567,19.6457530342067,82.6002926500507));
#4730=CARTESIAN_POINT('',(42.2796037270634,21.7667530342067,82.6002926500507));
#4731=CARTESIAN_POINT('Ctrl Pts',(44.51162663804,23.9987759451833,80.9537685952341));
#4732=CARTESIAN_POINT('Ctrl Pts',(44.3695232811241,23.8566725882674,81.2379753090659));
#4733=CARTESIAN_POINT('Ctrl Pts',(44.0558129657314,23.5429622728747,81.7223215684384));
#4734=CARTESIAN_POINT('Ctrl Pts',(43.231497801043,22.7186471081862,82.3947980741201));
#4735=CARTESIAN_POINT('Ctrl Pts',(42.5707945100419,22.0579438171852,82.6002926500507));
#4736=CARTESIAN_POINT('Ctrl Pts',(42.2796037270634,21.7667530342067,82.6002926500507));
#4737=CARTESIAN_POINT('',(43.1581506928567,19.6457530342067,82.6002926500507));
#4738=CARTESIAN_POINT('Origin',(40.1586037270634,19.6457530342067,82.6002926500507));
#4739=CARTESIAN_POINT('Origin',(43.1581506928567,19.6457530342067,79.6002926500507));
#4740=CARTESIAN_POINT('Ctrl Pts',(44.51162663804,23.9987759451833,80.9537685952341));
#4741=CARTESIAN_POINT('Ctrl Pts',(44.3695232811241,23.8566725882674,81.2379753090659));
#4742=CARTESIAN_POINT('Ctrl Pts',(44.0558129657314,23.5429622728747,81.7223215684384));
#4743=CARTESIAN_POINT('Ctrl Pts',(43.231497801043,22.7186471081862,82.3947980741201));
#4744=CARTESIAN_POINT('Ctrl Pts',(42.5707945100419,22.0579438171852,82.6002926500507));
#4745=CARTESIAN_POINT('Ctrl Pts',(42.2796037270634,21.7667530342067,82.6002926500507));
#4746=CARTESIAN_POINT('Ctrl Pts',(44.2274199242082,24.1408793020993,81.09587195215));
#4747=CARTESIAN_POINT('Ctrl Pts',(44.087790760266,23.9970167725444,81.3509743351965));
#4748=CARTESIAN_POINT('Ctrl Pts',(43.7741480424936,23.6819517934782,81.796763170826));
#4749=CARTESIAN_POINT('Ctrl Pts',(42.9519365630909,22.871844045996,82.4229762947925));
#4750=CARTESIAN_POINT('Ctrl Pts',(42.3543968658817,22.2419869299032,82.6002926500507));
#4751=CARTESIAN_POINT('Ctrl Pts',(42.0945115598894,21.9518452013807,82.6002926500507));
#4752=CARTESIAN_POINT('Ctrl Pts',(43.6126835405683,24.3767095932981,81.3317022433488));
#4753=CARTESIAN_POINT('Ctrl Pts',(43.4733426634107,24.2336375452247,81.5458832579589));
#4754=CARTESIAN_POINT('Ctrl Pts',(43.1441946494872,23.9142995856226,81.9393872497325));
#4755=CARTESIAN_POINT('Ctrl Pts',(42.3153746306143,23.125790958767,82.4858707653576));
#4756=CARTESIAN_POINT('Ctrl Pts',(41.8758026225749,22.5634741372962,82.6002926500507));
#4757=CARTESIAN_POINT('Ctrl Pts',(41.6756106168049,22.2732782430172,82.6002926500507));
#4758=CARTESIAN_POINT('Ctrl Pts',(41.9968426445136,24.6965763067759,81.6515689568266));
#4759=CARTESIAN_POINT('Ctrl Pts',(41.8751355221888,24.5369002376203,81.8347732192621));
#4760=CARTESIAN_POINT('Ctrl Pts',(41.5900232924312,24.1628549353434,82.1742124318562));
#4761=CARTESIAN_POINT('Ctrl Pts',(41.2015918785569,23.4200232191461,82.5261403512706));
#4762=CARTESIAN_POINT('Ctrl Pts',(41.0404813730174,22.8716752195951,82.6002926500507));
#4763=CARTESIAN_POINT('Ctrl Pts',(40.9438587611089,22.5763797859382,82.6002926500507));
#4764=CARTESIAN_POINT('Ctrl Pts',(40.7409325800969,24.7666203435596,81.7216129936104));
#4765=CARTESIAN_POINT('Ctrl Pts',(40.7085809771505,24.5917846723821,81.8964486647879));
#4766=CARTESIAN_POINT('Ctrl Pts',(40.6381027138297,24.1917148720069,82.2098798779428));
#4767=CARTESIAN_POINT('Ctrl Pts',(40.5245512036207,23.4642708864222,82.5236941358427));
#4768=CARTESIAN_POINT('Ctrl Pts',(40.4543487705279,22.9216437982324,82.6002926500507));
#4769=CARTESIAN_POINT('Ctrl Pts',(40.4203635801699,22.6453,82.6002926500507));
#4770=CARTESIAN_POINT('Ctrl Pts',(40.1586037270634,24.7666203435596,81.7216129936104));
#4771=CARTESIAN_POINT('Ctrl Pts',(40.1586037270634,24.5815002211364,81.9067331160336));
#4772=CARTESIAN_POINT('Ctrl Pts',(40.1586037270634,24.1625360096789,82.2282147050557));
#4773=CARTESIAN_POINT('Ctrl Pts',(40.1586037270634,23.4306736344194,82.5313620266787));
#4774=CARTESIAN_POINT('Ctrl Pts',(40.1586037270634,22.9070993877991,82.6002926500507));
#4775=CARTESIAN_POINT('Ctrl Pts',(40.1586037270634,22.6453,82.6002926500507));
#4776=CARTESIAN_POINT('',(40.1586037270634,24.7666203435596,81.7216129936104));
#4777=CARTESIAN_POINT('Ctrl Pts',(44.51162663804,23.9987759451833,80.9537685952341));
#4778=CARTESIAN_POINT('Ctrl Pts',(44.2274199242082,24.1408793020993,81.09587195215));
#4779=CARTESIAN_POINT('Ctrl Pts',(43.6126835405683,24.3767095932981,81.3317022433488));
#4780=CARTESIAN_POINT('Ctrl Pts',(41.9968426445136,24.6965763067759,81.6515689568266));
#4781=CARTESIAN_POINT('Ctrl Pts',(40.7409325800969,24.7666203435596,81.7216129936104));
#4782=CARTESIAN_POINT('Ctrl Pts',(40.1586037270634,24.7666203435596,81.7216129936104));
#4783=CARTESIAN_POINT('',(40.1586037270634,22.6453,82.6002926500507));
#4784=CARTESIAN_POINT('Origin',(40.1586037270634,22.6453,79.6002926500507));
#4785=CARTESIAN_POINT('Origin',(40.1586037270634,19.6457530342067,82.6002926500507));
#4786=CARTESIAN_POINT('Ctrl Pts',(44.51162663804,23.9987759451833,80.9537685952341));
#4787=CARTESIAN_POINT('Ctrl Pts',(44.2274199242082,24.1408793020993,81.09587195215));
#4788=CARTESIAN_POINT('Ctrl Pts',(43.6126835405683,24.3767095932981,81.3317022433488));
#4789=CARTESIAN_POINT('Ctrl Pts',(41.9968426445136,24.6965763067759,81.6515689568266));
#4790=CARTESIAN_POINT('Ctrl Pts',(40.7409325800969,24.7666203435596,81.7216129936104));
#4791=CARTESIAN_POINT('Ctrl Pts',(40.1586037270634,24.7666203435596,81.7216129936104));
#4792=CARTESIAN_POINT('Ctrl Pts',(44.3695232811241,24.2829826590152,80.8116652383181));
#4793=CARTESIAN_POINT('Ctrl Pts',(44.087790760266,24.3959816851457,80.9520094225951));
#4794=CARTESIAN_POINT('Ctrl Pts',(43.4733426634107,24.5908906079082,81.1886301952754));
#4795=CARTESIAN_POINT('Ctrl Pts',(41.8751355221888,24.8797805692114,81.491892887671));
#4796=CARTESIAN_POINT('Ctrl Pts',(40.7085809771505,24.9414560147372,81.5467773224328));
#4797=CARTESIAN_POINT('Ctrl Pts',(40.1586037270634,24.9517404659829,81.5364928711871));
#4798=CARTESIAN_POINT('Ctrl Pts',(44.0558129657314,24.7673289183877,80.4979549229254));
#4799=CARTESIAN_POINT('Ctrl Pts',(43.7741480424936,24.8417705207753,80.636944443529));
#4800=CARTESIAN_POINT('Ctrl Pts',(43.1441946494872,24.9843945996818,80.8692922356732));
#4801=CARTESIAN_POINT('Ctrl Pts',(41.5900232924312,25.2192197818055,81.1178475853941));
#4802=CARTESIAN_POINT('Ctrl Pts',(40.6381027138297,25.2548872278921,81.1467075220576));
#4803=CARTESIAN_POINT('Ctrl Pts',(40.1586037270634,25.273222055005,81.1175286597296));
#4804=CARTESIAN_POINT('Ctrl Pts',(43.2314978010429,25.4398054240694,79.6736397582369));
#4805=CARTESIAN_POINT('Ctrl Pts',(42.9519365630909,25.4679836447418,79.8268366960467));
#4806=CARTESIAN_POINT('Ctrl Pts',(42.3153746306143,25.5308781153069,80.0807836088177));
#4807=CARTESIAN_POINT('Ctrl Pts',(41.2015918785569,25.5711477012199,80.3750158691968));
#4808=CARTESIAN_POINT('Ctrl Pts',(40.5245512036207,25.568701485792,80.4192635364729));
#4809=CARTESIAN_POINT('Ctrl Pts',(40.1586037270634,25.5763693766281,80.38566628447));
#4810=CARTESIAN_POINT('Ctrl Pts',(42.5707945100419,25.6453,79.0129364672359));
#4811=CARTESIAN_POINT('Ctrl Pts',(42.3543968658817,25.6453,79.196979579954));
#4812=CARTESIAN_POINT('Ctrl Pts',(41.8758026225749,25.6453,79.5184667873469));
#4813=CARTESIAN_POINT('Ctrl Pts',(41.0404813730174,25.6453,79.8266678696458));
#4814=CARTESIAN_POINT('Ctrl Pts',(40.4543487705279,25.6453,79.8766364482832));
#4815=CARTESIAN_POINT('Ctrl Pts',(40.1586037270634,25.6453,79.8620920378499));
#4816=CARTESIAN_POINT('Ctrl Pts',(42.2796037270634,25.6453,78.7217456842574));
#4817=CARTESIAN_POINT('Ctrl Pts',(42.0945115598894,25.6453,78.9068378514314));
#4818=CARTESIAN_POINT('Ctrl Pts',(41.6756106168049,25.6453,79.2282708930679));
#4819=CARTESIAN_POINT('Ctrl Pts',(40.9438587611089,25.6453,79.5313724359889));
#4820=CARTESIAN_POINT('Ctrl Pts',(40.4203635801699,25.6453,79.6002926500507));
#4821=CARTESIAN_POINT('Ctrl Pts',(40.1586037270634,25.6453,79.6002926500507));
#4822=CARTESIAN_POINT('',(42.2796037270634,25.6453,78.7217456842574));
#4823=CARTESIAN_POINT('Ctrl Pts',(44.51162663804,23.9987759451833,80.9537685952341));
#4824=CARTESIAN_POINT('Ctrl Pts',(44.3695232811241,24.2829826590152,80.8116652383181));
#4825=CARTESIAN_POINT('Ctrl Pts',(44.0558129657314,24.7673289183877,80.4979549229254));
#4826=CARTESIAN_POINT('Ctrl Pts',(43.2314978010429,25.4398054240694,79.6736397582369));
#4827=CARTESIAN_POINT('Ctrl Pts',(42.5707945100419,25.6453,79.0129364672359));
#4828=CARTESIAN_POINT('Ctrl Pts',(42.2796037270634,25.6453,78.7217456842574));
#4829=CARTESIAN_POINT('',(40.1586037270634,25.6453,79.6002926500507));
#4830=CARTESIAN_POINT('Origin',(40.1586037270634,25.6453,76.6007456842574));
#4831=CARTESIAN_POINT('Origin',(40.1586037270634,22.6453,79.6002926500507));
#4832=CARTESIAN_POINT('Ctrl Pts',(44.51162663804,23.9987759451833,-45.953477963825));
#4833=CARTESIAN_POINT('Ctrl Pts',(44.653729994956,24.1408793020993,-45.6692712499932));
#4834=CARTESIAN_POINT('Ctrl Pts',(44.8895602861548,24.3767095932981,-45.0545348663533));
#4835=CARTESIAN_POINT('Ctrl Pts',(45.2094269996326,24.6965763067759,-43.4386939702986));
#4836=CARTESIAN_POINT('Ctrl Pts',(45.2794710364164,24.7666203435596,-42.1827839058818));
#4837=CARTESIAN_POINT('Ctrl Pts',(45.2794710364164,24.7666203435596,-41.6004550528483));
#4838=CARTESIAN_POINT('Ctrl Pts',(44.3695232811241,24.2829826590152,-45.8113746069091));
#4839=CARTESIAN_POINT('Ctrl Pts',(44.5098674654011,24.3959816851457,-45.529642086051));
#4840=CARTESIAN_POINT('Ctrl Pts',(44.7464882380814,24.5908906079082,-44.9151939891957));
#4841=CARTESIAN_POINT('Ctrl Pts',(45.049750930477,24.8797805692114,-43.3169868479738));
#4842=CARTESIAN_POINT('Ctrl Pts',(45.1046353652388,24.9414560147372,-42.1504323029355));
#4843=CARTESIAN_POINT('Ctrl Pts',(45.0943509139931,24.9517404659829,-41.6004550528483));
#4844=CARTESIAN_POINT('Ctrl Pts',(44.0558129657314,24.7673289183877,-45.4976642915164));
#4845=CARTESIAN_POINT('Ctrl Pts',(44.194802486335,24.8417705207754,-45.2159993682786));
#4846=CARTESIAN_POINT('Ctrl Pts',(44.4271502784793,24.9843945996818,-44.5860459752722));
#4847=CARTESIAN_POINT('Ctrl Pts',(44.6757056282001,25.2192197818055,-43.0318746182162));
#4848=CARTESIAN_POINT('Ctrl Pts',(44.7045655648636,25.2548872278921,-42.0799540396146));
#4849=CARTESIAN_POINT('Ctrl Pts',(44.6753867025356,25.273222055005,-41.6004550528484));
#4850=CARTESIAN_POINT('Ctrl Pts',(43.2314978010429,25.4398054240694,-44.6733491268279));
#4851=CARTESIAN_POINT('Ctrl Pts',(43.3846947388527,25.4679836447418,-44.3937878888759));
#4852=CARTESIAN_POINT('Ctrl Pts',(43.6386416516237,25.5308781153069,-43.7572259563993));
#4853=CARTESIAN_POINT('Ctrl Pts',(43.9328739120028,25.5711477012199,-42.6434432043419));
#4854=CARTESIAN_POINT('Ctrl Pts',(43.9771215792789,25.568701485792,-41.9664025294057));
#4855=CARTESIAN_POINT('Ctrl Pts',(43.9435243272761,25.5763693766281,-41.6004550528483));
#4856=CARTESIAN_POINT('Ctrl Pts',(42.5707945100419,25.6453,-44.0126458358268));
#4857=CARTESIAN_POINT('Ctrl Pts',(42.75483762276,25.6453,-43.7962481916667));
#4858=CARTESIAN_POINT('Ctrl Pts',(43.0763248301529,25.6453,-43.3176539483599));
#4859=CARTESIAN_POINT('Ctrl Pts',(43.3845259124518,25.6453,-42.4823326988024));
#4860=CARTESIAN_POINT('Ctrl Pts',(43.4344944910891,25.6453,-41.8962000963128));
#4861=CARTESIAN_POINT('Ctrl Pts',(43.4199500806559,25.6453,-41.6004550528483));
#4862=CARTESIAN_POINT('Ctrl Pts',(42.2796037270634,25.6453,-43.7214550528483));
#4863=CARTESIAN_POINT('Ctrl Pts',(42.4646958942374,25.6453,-43.5363628856744));
#4864=CARTESIAN_POINT('Ctrl Pts',(42.7861289358739,25.6453,-43.1174619425899));
#4865=CARTESIAN_POINT('Ctrl Pts',(43.0892304787949,25.6453,-42.3857100868939));
#4866=CARTESIAN_POINT('Ctrl Pts',(43.1581506928567,25.6453,-41.8622149059548));
#4867=CARTESIAN_POINT('Ctrl Pts',(43.1581506928567,25.6453,-41.6004550528483));
#4868=CARTESIAN_POINT('',(44.51162663804,23.9987759451833,-45.953477963825));
#4869=CARTESIAN_POINT('',(45.2794710364163,24.7666203435596,-41.6004550528483));
#4870=CARTESIAN_POINT('Ctrl Pts',(44.51162663804,23.9987759451833,-45.953477963825));
#4871=CARTESIAN_POINT('Ctrl Pts',(44.653729994956,24.1408793020993,-45.6692712499932));
#4872=CARTESIAN_POINT('Ctrl Pts',(44.8895602861548,24.3767095932981,-45.0545348663533));
#4873=CARTESIAN_POINT('Ctrl Pts',(45.2094269996326,24.6965763067759,-43.4386939702986));
#4874=CARTESIAN_POINT('Ctrl Pts',(45.2794710364164,24.7666203435596,-42.1827839058818));
#4875=CARTESIAN_POINT('Ctrl Pts',(45.2794710364164,24.7666203435596,-41.6004550528483));
#4876=CARTESIAN_POINT('',(42.2796037270634,25.6453,-43.7214550528483));
#4877=CARTESIAN_POINT('Ctrl Pts',(44.51162663804,23.9987759451833,-45.953477963825));
#4878=CARTESIAN_POINT('Ctrl Pts',(44.3695232811241,24.2829826590152,-45.8113746069091));
#4879=CARTESIAN_POINT('Ctrl Pts',(44.0558129657314,24.7673289183877,-45.4976642915164));
#4880=CARTESIAN_POINT('Ctrl Pts',(43.2314978010429,25.4398054240694,-44.6733491268279));
#4881=CARTESIAN_POINT('Ctrl Pts',(42.5707945100419,25.6453,-44.0126458358268));
#4882=CARTESIAN_POINT('Ctrl Pts',(42.2796037270634,25.6453,-43.7214550528483));
#4883=CARTESIAN_POINT('',(43.1581506928567,25.6453,-41.6004550528483));
#4884=CARTESIAN_POINT('Origin',(40.1586037270634,25.6453,-41.6004550528483));
#4885=CARTESIAN_POINT('Origin',(43.1581506928567,22.6453,-41.6004550528483));
#4886=CARTESIAN_POINT('Ctrl Pts',(44.51162663804,23.9987759451833,-45.953477963825));
#4887=CARTESIAN_POINT('Ctrl Pts',(44.3695232811241,24.2829826590152,-45.8113746069091));
#4888=CARTESIAN_POINT('Ctrl Pts',(44.0558129657314,24.7673289183877,-45.4976642915164));
#4889=CARTESIAN_POINT('Ctrl Pts',(43.2314978010429,25.4398054240694,-44.6733491268279));
#4890=CARTESIAN_POINT('Ctrl Pts',(42.5707945100419,25.6453,-44.0126458358268));
#4891=CARTESIAN_POINT('Ctrl Pts',(42.2796037270634,25.6453,-43.7214550528483));
#4892=CARTESIAN_POINT('Ctrl Pts',(44.2274199242082,24.1408793020993,-46.0955813207409));
#4893=CARTESIAN_POINT('Ctrl Pts',(44.087790760266,24.3959816851457,-45.9517187911861));
#4894=CARTESIAN_POINT('Ctrl Pts',(43.7741480424936,24.8417705207754,-45.6366538121199));
#4895=CARTESIAN_POINT('Ctrl Pts',(42.9519365630909,25.4679836447418,-44.8265460646377));
#4896=CARTESIAN_POINT('Ctrl Pts',(42.3543968658817,25.6453,-44.1966889485449));
#4897=CARTESIAN_POINT('Ctrl Pts',(42.0945115598894,25.6453,-43.9065472200223));
#4898=CARTESIAN_POINT('Ctrl Pts',(43.6126835405683,24.3767095932981,-46.3314116119398));
#4899=CARTESIAN_POINT('Ctrl Pts',(43.4733426634107,24.5908906079082,-46.1883395638663));
#4900=CARTESIAN_POINT('Ctrl Pts',(43.1441946494872,24.9843945996818,-45.8690016042643));
#4901=CARTESIAN_POINT('Ctrl Pts',(42.3153746306143,25.530878115307,-45.0804929774086));
#4902=CARTESIAN_POINT('Ctrl Pts',(41.8758026225749,25.6453,-44.5181761559379));
#4903=CARTESIAN_POINT('Ctrl Pts',(41.6756106168049,25.6453,-44.2279802616589));
#4904=CARTESIAN_POINT('Ctrl Pts',(41.9968426445136,24.6965763067759,-46.6512783254175));
#4905=CARTESIAN_POINT('Ctrl Pts',(41.8751355221888,24.8797805692114,-46.4916022562619));
#4906=CARTESIAN_POINT('Ctrl Pts',(41.5900232924312,25.2192197818056,-46.1175569539851));
#4907=CARTESIAN_POINT('Ctrl Pts',(41.2015918785569,25.5711477012199,-45.3747252377878));
#4908=CARTESIAN_POINT('Ctrl Pts',(41.0404813730174,25.6453,-44.8263772382368));
#4909=CARTESIAN_POINT('Ctrl Pts',(40.9438587611089,25.6453,-44.5310818045798));
#4910=CARTESIAN_POINT('Ctrl Pts',(40.7409325800968,24.7666203435596,-46.7213223622013));
#4911=CARTESIAN_POINT('Ctrl Pts',(40.7085809771505,24.9414560147372,-46.5464866910238));
#4912=CARTESIAN_POINT('Ctrl Pts',(40.6381027138297,25.2548872278921,-46.1464168906486));
#4913=CARTESIAN_POINT('Ctrl Pts',(40.5245512036207,25.568701485792,-45.4189729050639));
#4914=CARTESIAN_POINT('Ctrl Pts',(40.4543487705278,25.6453,-44.8763458168741));
#4915=CARTESIAN_POINT('Ctrl Pts',(40.4203635801699,25.6453,-44.6000020186417));
#4916=CARTESIAN_POINT('Ctrl Pts',(40.1586037270634,24.7666203435596,-46.7213223622013));
#4917=CARTESIAN_POINT('Ctrl Pts',(40.1586037270634,24.9517404659829,-46.5362022397781));
#4918=CARTESIAN_POINT('Ctrl Pts',(40.1586037270634,25.273222055005,-46.1172380283206));
#4919=CARTESIAN_POINT('Ctrl Pts',(40.1586037270634,25.5763693766281,-45.385375653061));
#4920=CARTESIAN_POINT('Ctrl Pts',(40.1586037270634,25.6453,-44.8618014064408));
#4921=CARTESIAN_POINT('Ctrl Pts',(40.1586037270634,25.6453,-44.6000020186417));
#4922=CARTESIAN_POINT('',(40.1586037270634,24.7666203435596,-46.7213223622013));
#4923=CARTESIAN_POINT('Ctrl Pts',(44.51162663804,23.9987759451833,-45.953477963825));
#4924=CARTESIAN_POINT('Ctrl Pts',(44.2274199242082,24.1408793020993,-46.0955813207409));
#4925=CARTESIAN_POINT('Ctrl Pts',(43.6126835405683,24.3767095932981,-46.3314116119398));
#4926=CARTESIAN_POINT('Ctrl Pts',(41.9968426445136,24.6965763067759,-46.6512783254176));
#4927=CARTESIAN_POINT('Ctrl Pts',(40.7409325800968,24.7666203435596,-46.7213223622013));
#4928=CARTESIAN_POINT('Ctrl Pts',(40.1586037270634,24.7666203435596,-46.7213223622013));
#4929=CARTESIAN_POINT('',(40.1586037270634,25.6453,-44.6000020186417));
#4930=CARTESIAN_POINT('Origin',(40.1586037270634,22.6453,-44.6000020186417));
#4931=CARTESIAN_POINT('Origin',(40.1586037270634,25.6453,-41.6004550528483));
#4932=CARTESIAN_POINT('Ctrl Pts',(44.51162663804,23.9987759451833,-45.953477963825));
#4933=CARTESIAN_POINT('Ctrl Pts',(44.2274199242082,24.1408793020993,-46.0955813207409));
#4934=CARTESIAN_POINT('Ctrl Pts',(43.6126835405683,24.3767095932981,-46.3314116119398));
#4935=CARTESIAN_POINT('Ctrl Pts',(41.9968426445136,24.6965763067759,-46.6512783254176));
#4936=CARTESIAN_POINT('Ctrl Pts',(40.7409325800968,24.7666203435596,-46.7213223622013));
#4937=CARTESIAN_POINT('Ctrl Pts',(40.1586037270634,24.7666203435596,-46.7213223622013));
#4938=CARTESIAN_POINT('Ctrl Pts',(44.3695232811241,23.8566725882674,-46.2376846776569));
#4939=CARTESIAN_POINT('Ctrl Pts',(44.087790760266,23.9970167725444,-46.3506837037874));
#4940=CARTESIAN_POINT('Ctrl Pts',(43.4733426634107,24.2336375452247,-46.5455926265499));
#4941=CARTESIAN_POINT('Ctrl Pts',(41.8751355221888,24.5369002376202,-46.8344825878531));
#4942=CARTESIAN_POINT('Ctrl Pts',(40.7085809771505,24.5917846723821,-46.8961580333789));
#4943=CARTESIAN_POINT('Ctrl Pts',(40.1586037270634,24.5815002211364,-46.9064424846246));
#4944=CARTESIAN_POINT('Ctrl Pts',(44.0558129657314,23.5429622728747,-46.7220309370294));
#4945=CARTESIAN_POINT('Ctrl Pts',(43.7741480424936,23.6819517934783,-46.796472539417));
#4946=CARTESIAN_POINT('Ctrl Pts',(43.1441946494872,23.9142995856226,-46.9390966183234));
#4947=CARTESIAN_POINT('Ctrl Pts',(41.5900232924311,24.1628549353434,-47.1739218004472));
#4948=CARTESIAN_POINT('Ctrl Pts',(40.6381027138297,24.1917148720069,-47.2095892465338));
#4949=CARTESIAN_POINT('Ctrl Pts',(40.1586037270634,24.1625360096789,-47.2279240736467));
#4950=CARTESIAN_POINT('Ctrl Pts',(43.2314978010429,22.7186471081862,-47.3945074427111));
#4951=CARTESIAN_POINT('Ctrl Pts',(42.9519365630909,22.871844045996,-47.4226856633835));
#4952=CARTESIAN_POINT('Ctrl Pts',(42.3153746306143,23.125790958767,-47.4855801339486));
#4953=CARTESIAN_POINT('Ctrl Pts',(41.2015918785569,23.4200232191461,-47.5258497198615));
#4954=CARTESIAN_POINT('Ctrl Pts',(40.5245512036207,23.4642708864222,-47.5234035044337));
#4955=CARTESIAN_POINT('Ctrl Pts',(40.1586037270634,23.4306736344194,-47.5310713952698));
#4956=CARTESIAN_POINT('Ctrl Pts',(42.5707945100419,22.0579438171852,-47.6000020186417));
#4957=CARTESIAN_POINT('Ctrl Pts',(42.3543968658817,22.2419869299032,-47.6000020186417));
#4958=CARTESIAN_POINT('Ctrl Pts',(41.8758026225749,22.5634741372962,-47.6000020186417));
#4959=CARTESIAN_POINT('Ctrl Pts',(41.0404813730174,22.8716752195951,-47.6000020186417));
#4960=CARTESIAN_POINT('Ctrl Pts',(40.4543487705279,22.9216437982324,-47.6000020186417));
#4961=CARTESIAN_POINT('Ctrl Pts',(40.1586037270634,22.9070993877992,-47.6000020186417));
#4962=CARTESIAN_POINT('Ctrl Pts',(42.2796037270634,21.7667530342067,-47.6000020186417));
#4963=CARTESIAN_POINT('Ctrl Pts',(42.0945115598894,21.9518452013807,-47.6000020186417));
#4964=CARTESIAN_POINT('Ctrl Pts',(41.6756106168049,22.2732782430172,-47.6000020186417));
#4965=CARTESIAN_POINT('Ctrl Pts',(40.9438587611089,22.5763797859382,-47.6000020186417));
#4966=CARTESIAN_POINT('Ctrl Pts',(40.4203635801699,22.6453,-47.6000020186417));
#4967=CARTESIAN_POINT('Ctrl Pts',(40.1586037270634,22.6453,-47.6000020186417));
#4968=CARTESIAN_POINT('',(42.3124126205722,21.7995619277155,-47.5997323964501));
#4969=CARTESIAN_POINT('Ctrl Pts',(44.51162663804,23.9987759451833,-45.953477963825));
#4970=CARTESIAN_POINT('Ctrl Pts',(44.3695232811241,23.8566725882674,-46.2376846776569));
#4971=CARTESIAN_POINT('Ctrl Pts',(44.2126681234278,23.6998174305711,-46.4798578073431));
#4972=CARTESIAN_POINT('Ctrl Pts',(43.9968546837982,23.4840039909415,-46.7130237897999));
#4973=CARTESIAN_POINT('Ctrl Pts',(43.7810412441686,23.2681905513119,-46.9461897722566));
#4974=CARTESIAN_POINT('Ctrl Pts',(43.5062695226058,22.9934188297491,-47.1703486074839));
#4975=CARTESIAN_POINT('Ctrl Pts',(43.2037078390741,22.6908571462174,-47.3338016690801));
#4976=CARTESIAN_POINT('Ctrl Pts',(42.9124531827638,22.3996024899071,-47.4911463292578));
#4977=CARTESIAN_POINT('Ctrl Pts',(42.5954468296291,22.0825961367724,-47.5922377034545));
#4978=CARTESIAN_POINT('Ctrl Pts',(42.312410564316,21.7995598714593,-47.5995737252751));
#4979=CARTESIAN_POINT('',(42.2418454612503,21.8038507791992,-47.6000020186417));
#4980=CARTESIAN_POINT('Ctrl Pts',(42.2418454612503,21.8038507791992,-47.6000020186417));
#4981=CARTESIAN_POINT('Ctrl Pts',(42.2462362960722,21.8036070841359,-47.6000020186417));
#4982=CARTESIAN_POINT('Ctrl Pts',(42.2505751648771,21.803362310792,-47.5999990984821));
#4983=CARTESIAN_POINT('Ctrl Pts',(42.2733720546374,21.802053474208,-47.5999679284931));
#4984=CARTESIAN_POINT('Ctrl Pts',(42.2925277031007,21.8008782855161,-47.5998882193817));
#4985=CARTESIAN_POINT('Ctrl Pts',(42.3124126205722,21.7995619277154,-47.5997323964501));
#4986=CARTESIAN_POINT('',(40.1586037270634,22.6453,-47.6000020186417));
#4987=CARTESIAN_POINT('Origin',(40.1586037270634,19.6457530342067,-47.6000020186417));
#4988=CARTESIAN_POINT('Origin',(40.1586037270634,22.6453,-44.6000020186417));
#4989=CARTESIAN_POINT('Ctrl Pts',(44.51162663804,23.9987759451833,-45.953477963825));
#4990=CARTESIAN_POINT('Ctrl Pts',(44.3695232811241,23.8566725882674,-46.2376846776569));
#4991=CARTESIAN_POINT('Ctrl Pts',(44.0558129657314,23.5429622728747,-46.7220309370294));
#4992=CARTESIAN_POINT('Ctrl Pts',(43.2314978010429,22.7186471081862,-47.3945074427111));
#4993=CARTESIAN_POINT('Ctrl Pts',(42.5707945100419,22.0579438171852,-47.6000020186417));
#4994=CARTESIAN_POINT('Ctrl Pts',(42.2796037270634,21.7667530342067,-47.6000020186417));
#4995=CARTESIAN_POINT('Ctrl Pts',(44.653729994956,23.7145692313515,-46.0955813207409));
#4996=CARTESIAN_POINT('Ctrl Pts',(44.5098674654011,23.5749400674093,-46.3506837037874));
#4997=CARTESIAN_POINT('Ctrl Pts',(44.194802486335,23.2612973496369,-46.796472539417));
#4998=CARTESIAN_POINT('Ctrl Pts',(43.3846947388527,22.4390858702342,-47.4226856633835));
#4999=CARTESIAN_POINT('Ctrl Pts',(42.75483762276,21.841546173025,-47.6000020186417));
#5000=CARTESIAN_POINT('Ctrl Pts',(42.4646958942374,21.5816608670327,-47.6000020186417));
#5001=CARTESIAN_POINT('Ctrl Pts',(44.8895602861548,23.0998328477116,-46.3314116119398));
#5002=CARTESIAN_POINT('Ctrl Pts',(44.7464882380814,22.960491970554,-46.5455926265499));
#5003=CARTESIAN_POINT('Ctrl Pts',(44.4271502784793,22.6313439566305,-46.9390966183235));
#5004=CARTESIAN_POINT('Ctrl Pts',(43.6386416516237,21.8025239377576,-47.4855801339486));
#5005=CARTESIAN_POINT('Ctrl Pts',(43.0763248301529,21.3629519297182,-47.6000020186417));
#5006=CARTESIAN_POINT('Ctrl Pts',(42.7861289358739,21.1627599239482,-47.6000020186417));
#5007=CARTESIAN_POINT('Ctrl Pts',(45.2094269996326,21.4839919516569,-46.6512783254176));
#5008=CARTESIAN_POINT('Ctrl Pts',(45.0497509304769,21.3622848293321,-46.8344825878531));
#5009=CARTESIAN_POINT('Ctrl Pts',(44.6757056282001,21.0771725995745,-47.1739218004472));
#5010=CARTESIAN_POINT('Ctrl Pts',(43.9328739120028,20.6887411857002,-47.5258497198615));
#5011=CARTESIAN_POINT('Ctrl Pts',(43.3845259124518,20.5276306801607,-47.6000020186417));
#5012=CARTESIAN_POINT('Ctrl Pts',(43.0892304787949,20.4310080682522,-47.6000020186417));
#5013=CARTESIAN_POINT('Ctrl Pts',(45.2794710364164,20.2280818872401,-46.7213223622013));
#5014=CARTESIAN_POINT('Ctrl Pts',(45.1046353652388,20.1957302842938,-46.8961580333789));
#5015=CARTESIAN_POINT('Ctrl Pts',(44.7045655648636,20.1252520209729,-47.2095892465338));
#5016=CARTESIAN_POINT('Ctrl Pts',(43.9771215792789,20.011700510764,-47.5234035044337));
#5017=CARTESIAN_POINT('Ctrl Pts',(43.4344944910892,19.9414980776711,-47.6000020186417));
#5018=CARTESIAN_POINT('Ctrl Pts',(43.1581506928567,19.9075128873132,-47.6000020186417));
#5019=CARTESIAN_POINT('Ctrl Pts',(45.2794710364164,19.6457530342067,-46.7213223622013));
#5020=CARTESIAN_POINT('Ctrl Pts',(45.0943509139931,19.6457530342067,-46.9064424846246));
#5021=CARTESIAN_POINT('Ctrl Pts',(44.6753867025356,19.6457530342067,-47.2279240736467));
#5022=CARTESIAN_POINT('Ctrl Pts',(43.9435243272761,19.6457530342067,-47.5310713952698));
#5023=CARTESIAN_POINT('Ctrl Pts',(43.4199500806559,19.6457530342067,-47.6000020186417));
#5024=CARTESIAN_POINT('Ctrl Pts',(43.1581506928567,19.6457530342067,-47.6000020186417));
#5025=CARTESIAN_POINT('',(45.2794710364164,19.6457530342067,-46.7213223622013));
#5026=CARTESIAN_POINT('Ctrl Pts',(44.51162663804,23.9987759451833,-45.953477963825));
#5027=CARTESIAN_POINT('Ctrl Pts',(44.653729994956,23.7145692313515,-46.0955813207409));
#5028=CARTESIAN_POINT('Ctrl Pts',(44.8895602861548,23.0998328477116,-46.3314116119398));
#5029=CARTESIAN_POINT('Ctrl Pts',(45.2094269996326,21.4839919516569,-46.6512783254176));
#5030=CARTESIAN_POINT('Ctrl Pts',(45.2794710364164,20.2280818872401,-46.7213223622013));
#5031=CARTESIAN_POINT('Ctrl Pts',(45.2794710364164,19.6457530342067,-46.7213223622013));
#5032=CARTESIAN_POINT('',(43.1581506928567,19.6457530342067,-47.6000020186417));
#5033=CARTESIAN_POINT('Origin',(43.1581506928567,19.6457530342067,-44.6000020186417));
#5034=CARTESIAN_POINT('',(43.0082099127639,20.5822500103991,-47.6000020186417));
#5035=CARTESIAN_POINT('Origin',(40.1586037270634,19.6457530342067,-47.6000020186417));
#5036=CARTESIAN_POINT('',(42.9305252853582,21.7261661517935,-47.5665406283767));
#5037=CARTESIAN_POINT('Ctrl Pts',(42.9305252853582,21.7261661517935,-47.5665406283766));
#5038=CARTESIAN_POINT('Ctrl Pts',(42.9772895290952,21.3572279936146,-47.5949111743218));
#5039=CARTESIAN_POINT('Ctrl Pts',(42.9964027202868,20.99737435393,-47.5997389858272));
#5040=CARTESIAN_POINT('Ctrl Pts',(43.0077394618336,20.5992913418217,-47.5999993090874));
#5041=CARTESIAN_POINT('Ctrl Pts',(43.0079771270053,20.5907708887265,-47.6000020186417));
#5042=CARTESIAN_POINT('Ctrl Pts',(43.0082099127639,20.5822500103991,-47.6000020186417));
#5043=CARTESIAN_POINT('Ctrl Pts',(42.3124126205722,21.7995619277154,-47.5997323964501));
#5044=CARTESIAN_POINT('Ctrl Pts',(42.4739190196946,21.7888703968783,-47.5984667939845));
#5045=CARTESIAN_POINT('Ctrl Pts',(42.6835258959051,21.7687254243744,-47.5923601370794));
#5046=CARTESIAN_POINT('Ctrl Pts',(42.9305252853582,21.7261661517935,-47.5665406283766));
#5047=CARTESIAN_POINT('Ctrl Pts',(44.51162663804,23.9987759451833,-45.953477963825));
#5048=CARTESIAN_POINT('Ctrl Pts',(44.653729994956,23.7145692313515,-46.0955813207409));
#5049=CARTESIAN_POINT('Ctrl Pts',(44.8895602861548,23.0998328477116,-46.3314116119398));
#5050=CARTESIAN_POINT('Ctrl Pts',(45.2094269996326,21.4839919516569,-46.6512783254176));
#5051=CARTESIAN_POINT('Ctrl Pts',(45.2794710364164,20.2280818872401,-46.7213223622013));
#5052=CARTESIAN_POINT('Ctrl Pts',(45.2794710364164,19.6457530342067,-46.7213223622013));
#5053=CARTESIAN_POINT('Ctrl Pts',(44.7958333518719,23.8566725882674,-45.8113746069091));
#5054=CARTESIAN_POINT('Ctrl Pts',(44.9088323780024,23.5749400674093,-45.9517187911861));
#5055=CARTESIAN_POINT('Ctrl Pts',(45.103741300765,22.960491970554,-46.1883395638663));
#5056=CARTESIAN_POINT('Ctrl Pts',(45.3926312620681,21.3622848293321,-46.4916022562619));
#5057=CARTESIAN_POINT('Ctrl Pts',(45.4543067075939,20.1957302842938,-46.5464866910238));
#5058=CARTESIAN_POINT('Ctrl Pts',(45.4645911588396,19.6457530342067,-46.5362022397781));
#5059=CARTESIAN_POINT('Ctrl Pts',(45.2801796112444,23.5429622728747,-45.4976642915164));
#5060=CARTESIAN_POINT('Ctrl Pts',(45.3546212136321,23.2612973496369,-45.6366538121199));
#5061=CARTESIAN_POINT('Ctrl Pts',(45.4972452925385,22.6313439566305,-45.8690016042643));
#5062=CARTESIAN_POINT('Ctrl Pts',(45.7320704746623,21.0771725995745,-46.1175569539851));
#5063=CARTESIAN_POINT('Ctrl Pts',(45.7677379207488,20.1252520209729,-46.1464168906486));
#5064=CARTESIAN_POINT('Ctrl Pts',(45.7860727478617,19.6457530342067,-46.1172380283205));
#5065=CARTESIAN_POINT('Ctrl Pts',(45.9526561169261,22.7186471081862,-44.6733491268279));
#5066=CARTESIAN_POINT('Ctrl Pts',(45.9808343375985,22.4390858702342,-44.8265460646377));
#5067=CARTESIAN_POINT('Ctrl Pts',(46.0437288081636,21.8025239377576,-45.0804929774086));
#5068=CARTESIAN_POINT('Ctrl Pts',(46.0839983940766,20.6887411857002,-45.3747252377878));
#5069=CARTESIAN_POINT('Ctrl Pts',(46.0815521786487,20.011700510764,-45.4189729050639));
#5070=CARTESIAN_POINT('Ctrl Pts',(46.0892200694848,19.6457530342067,-45.385375653061));
#5071=CARTESIAN_POINT('Ctrl Pts',(46.1581506928567,22.0579438171852,-44.0126458358269));
#5072=CARTESIAN_POINT('Ctrl Pts',(46.1581506928567,21.841546173025,-44.1966889485449));
#5073=CARTESIAN_POINT('Ctrl Pts',(46.1581506928567,21.3629519297182,-44.5181761559379));
#5074=CARTESIAN_POINT('Ctrl Pts',(46.1581506928567,20.5276306801607,-44.8263772382368));
#5075=CARTESIAN_POINT('Ctrl Pts',(46.1581506928567,19.9414980776711,-44.8763458168741));
#5076=CARTESIAN_POINT('Ctrl Pts',(46.1581506928567,19.6457530342067,-44.8618014064408));
#5077=CARTESIAN_POINT('Ctrl Pts',(46.1581506928567,21.7667530342067,-43.7214550528484));
#5078=CARTESIAN_POINT('Ctrl Pts',(46.1581506928567,21.5816608670327,-43.9065472200224));
#5079=CARTESIAN_POINT('Ctrl Pts',(46.1581506928567,21.1627599239482,-44.2279802616589));
#5080=CARTESIAN_POINT('Ctrl Pts',(46.1581506928567,20.4310080682522,-44.5310818045798));
#5081=CARTESIAN_POINT('Ctrl Pts',(46.1581506928567,19.9075128873132,-44.6000020186417));
#5082=CARTESIAN_POINT('Ctrl Pts',(46.1581506928567,19.6457530342067,-44.6000020186417));
#5083=CARTESIAN_POINT('',(46.1581506928567,21.7667530342067,-43.7214550528484));
#5084=CARTESIAN_POINT('Ctrl Pts',(44.51162663804,23.9987759451833,-45.953477963825));
#5085=CARTESIAN_POINT('Ctrl Pts',(44.7958333518719,23.8566725882674,-45.8113746069091));
#5086=CARTESIAN_POINT('Ctrl Pts',(45.2801796112444,23.5429622728747,-45.4976642915164));
#5087=CARTESIAN_POINT('Ctrl Pts',(45.9526561169261,22.7186471081862,-44.6733491268279));
#5088=CARTESIAN_POINT('Ctrl Pts',(46.1581506928567,22.0579438171852,-44.0126458358269));
#5089=CARTESIAN_POINT('Ctrl Pts',(46.1581506928567,21.7667530342067,-43.7214550528484));
#5090=CARTESIAN_POINT('',(46.1581506928567,19.6457530342067,-44.6000020186417));
#5091=CARTESIAN_POINT('Origin',(46.1581506928567,19.6457530342067,-41.6004550528483));
#5092=CARTESIAN_POINT('Origin',(43.1581506928567,19.6457530342067,-44.6000020186417));
#5093=CARTESIAN_POINT('Ctrl Pts',(44.51162663804,-8.35347594518334,80.953768595234));
#5094=CARTESIAN_POINT('Ctrl Pts',(44.2274199242082,-8.49557930209926,81.09587195215));
#5095=CARTESIAN_POINT('Ctrl Pts',(43.6126835405683,-8.73140959329811,81.3317022433488));
#5096=CARTESIAN_POINT('Ctrl Pts',(41.9968426445136,-9.05127630677588,81.6515689568266));
#5097=CARTESIAN_POINT('Ctrl Pts',(40.7409325800968,-9.12132034355965,81.7216129936103));
#5098=CARTESIAN_POINT('Ctrl Pts',(40.1586037270634,-9.12132034355965,81.7216129936103));
#5099=CARTESIAN_POINT('Ctrl Pts',(44.3695232811241,-8.21137258826742,81.2379753090659));
#5100=CARTESIAN_POINT('Ctrl Pts',(44.087790760266,-8.35171677254438,81.3509743351964));
#5101=CARTESIAN_POINT('Ctrl Pts',(43.4733426634107,-8.58833754522467,81.545883257959));
#5102=CARTESIAN_POINT('Ctrl Pts',(41.8751355221888,-8.89160023762026,81.8347732192622));
#5103=CARTESIAN_POINT('Ctrl Pts',(40.7085809771505,-8.94648467238212,81.8964486647879));
#5104=CARTESIAN_POINT('Ctrl Pts',(40.1586037270634,-8.93620022113638,81.9067331160336));
#5105=CARTESIAN_POINT('Ctrl Pts',(44.0558129657315,-7.89766227287473,81.7223215684384));
#5106=CARTESIAN_POINT('Ctrl Pts',(43.7741480424936,-8.03665179347825,81.7967631708261));
#5107=CARTESIAN_POINT('Ctrl Pts',(43.1441946494872,-8.26899958562258,81.9393872497325));
#5108=CARTESIAN_POINT('Ctrl Pts',(41.5900232924311,-8.51755493534342,82.1742124318562));
#5109=CARTESIAN_POINT('Ctrl Pts',(40.6381027138297,-8.5464148720069,82.2098798779429));
#5110=CARTESIAN_POINT('Ctrl Pts',(40.1586037270634,-8.51723600967888,82.2282147050557));
#5111=CARTESIAN_POINT('Ctrl Pts',(43.2314978010429,-7.07334710818623,82.3947980741201));
#5112=CARTESIAN_POINT('Ctrl Pts',(42.9519365630909,-7.22654404599599,82.4229762947925));
#5113=CARTESIAN_POINT('Ctrl Pts',(42.3153746306143,-7.48049095876698,82.4858707653576));
#5114=CARTESIAN_POINT('Ctrl Pts',(41.2015918785569,-7.77472321914608,82.5261403512706));
#5115=CARTESIAN_POINT('Ctrl Pts',(40.5245512036207,-7.81897088642221,82.5236941358427));
#5116=CARTESIAN_POINT('Ctrl Pts',(40.1586037270634,-7.78537363441937,82.5313620266787));
#5117=CARTESIAN_POINT('Ctrl Pts',(42.5707945100419,-6.41264381718516,82.6002926500507));
#5118=CARTESIAN_POINT('Ctrl Pts',(42.3543968658817,-6.59668692990325,82.6002926500507));
#5119=CARTESIAN_POINT('Ctrl Pts',(41.8758026225749,-6.91817413729619,82.6002926500507));
#5120=CARTESIAN_POINT('Ctrl Pts',(41.0404813730174,-7.22637521959508,82.6002926500507));
#5121=CARTESIAN_POINT('Ctrl Pts',(40.4543487705279,-7.27634379823244,82.6002926500507));
#5122=CARTESIAN_POINT('Ctrl Pts',(40.1586037270634,-7.26179938779915,82.6002926500507));
#5123=CARTESIAN_POINT('Ctrl Pts',(42.2796037270634,-6.12145303420666,82.6002926500507));
#5124=CARTESIAN_POINT('Ctrl Pts',(42.0945115598894,-6.30654520138066,82.6002926500507));
#5125=CARTESIAN_POINT('Ctrl Pts',(41.6756106168049,-6.6279782430172,82.6002926500507));
#5126=CARTESIAN_POINT('Ctrl Pts',(40.9438587611089,-6.93107978593816,82.6002926500507));
#5127=CARTESIAN_POINT('Ctrl Pts',(40.4203635801699,-7.,82.6002926500507));
#5128=CARTESIAN_POINT('Ctrl Pts',(40.1586037270634,-7.,82.6002926500507));
#5129=CARTESIAN_POINT('',(44.51162663804,-8.35347594518334,80.953768595234));
#5130=CARTESIAN_POINT('',(40.1586037270634,-9.12132034355964,81.7216129936103));
#5131=CARTESIAN_POINT('Ctrl Pts',(44.51162663804,-8.35347594518334,80.953768595234));
#5132=CARTESIAN_POINT('Ctrl Pts',(44.2274199242082,-8.49557930209926,81.09587195215));
#5133=CARTESIAN_POINT('Ctrl Pts',(43.6126835405683,-8.73140959329811,81.3317022433488));
#5134=CARTESIAN_POINT('Ctrl Pts',(41.9968426445136,-9.05127630677588,81.6515689568266));
#5135=CARTESIAN_POINT('Ctrl Pts',(40.7409325800968,-9.12132034355965,81.7216129936103));
#5136=CARTESIAN_POINT('Ctrl Pts',(40.1586037270634,-9.12132034355965,81.7216129936103));
#5137=CARTESIAN_POINT('',(42.2796037270634,-6.12145303420666,82.6002926500507));
#5138=CARTESIAN_POINT('Ctrl Pts',(44.51162663804,-8.35347594518334,80.953768595234));
#5139=CARTESIAN_POINT('Ctrl Pts',(44.3695232811241,-8.21137258826742,81.2379753090659));
#5140=CARTESIAN_POINT('Ctrl Pts',(44.0558129657315,-7.89766227287473,81.7223215684384));
#5141=CARTESIAN_POINT('Ctrl Pts',(43.2314978010429,-7.07334710818623,82.3947980741201));
#5142=CARTESIAN_POINT('Ctrl Pts',(42.5707945100419,-6.41264381718516,82.6002926500507));
#5143=CARTESIAN_POINT('Ctrl Pts',(42.2796037270634,-6.12145303420666,82.6002926500507));
#5144=CARTESIAN_POINT('',(40.1586037270634,-7.,82.6002926500507));
#5145=CARTESIAN_POINT('Origin',(40.1586037270634,-4.00045303420667,82.6002926500507));
#5146=CARTESIAN_POINT('Origin',(40.1586037270634,-7.,79.6002926500507));
#5147=CARTESIAN_POINT('Ctrl Pts',(44.51162663804,-8.35347594518334,80.953768595234));
#5148=CARTESIAN_POINT('Ctrl Pts',(44.3695232811241,-8.21137258826742,81.2379753090659));
#5149=CARTESIAN_POINT('Ctrl Pts',(44.0558129657315,-7.89766227287473,81.7223215684384));
#5150=CARTESIAN_POINT('Ctrl Pts',(43.2314978010429,-7.07334710818623,82.3947980741201));
#5151=CARTESIAN_POINT('Ctrl Pts',(42.5707945100419,-6.41264381718516,82.6002926500507));
#5152=CARTESIAN_POINT('Ctrl Pts',(42.2796037270634,-6.12145303420666,82.6002926500507));
#5153=CARTESIAN_POINT('Ctrl Pts',(44.653729994956,-8.0692692313515,81.09587195215));
#5154=CARTESIAN_POINT('Ctrl Pts',(44.5098674654011,-7.9296400674093,81.3509743351964));
#5155=CARTESIAN_POINT('Ctrl Pts',(44.194802486335,-7.61599734963689,81.7967631708261));
#5156=CARTESIAN_POINT('Ctrl Pts',(43.3846947388527,-6.79378587023421,82.4229762947925));
#5157=CARTESIAN_POINT('Ctrl Pts',(42.75483762276,-6.19624617302503,82.6002926500507));
#5158=CARTESIAN_POINT('Ctrl Pts',(42.4646958942374,-5.93636086703267,82.6002926500507));
#5159=CARTESIAN_POINT('Ctrl Pts',(44.8895602861548,-7.45453284771157,81.3317022433488));
#5160=CARTESIAN_POINT('Ctrl Pts',(44.7464882380814,-7.31519197055403,81.5458832579589));
#5161=CARTESIAN_POINT('Ctrl Pts',(44.4271502784793,-6.98604395663049,81.9393872497325));
#5162=CARTESIAN_POINT('Ctrl Pts',(43.6386416516237,-6.15722393775761,82.4858707653577));
#5163=CARTESIAN_POINT('Ctrl Pts',(43.0763248301529,-5.71765192971817,82.6002926500507));
#5164=CARTESIAN_POINT('Ctrl Pts',(42.7861289358739,-5.51745992394822,82.6002926500507));
#5165=CARTESIAN_POINT('Ctrl Pts',(45.2094269996326,-5.83869195165686,81.6515689568266));
#5166=CARTESIAN_POINT('Ctrl Pts',(45.049750930477,-5.71698482933207,81.8347732192621));
#5167=CARTESIAN_POINT('Ctrl Pts',(44.6757056282001,-5.43187259957449,82.1742124318563));
#5168=CARTESIAN_POINT('Ctrl Pts',(43.9328739120028,-5.0434411857002,82.5261403512706));
#5169=CARTESIAN_POINT('Ctrl Pts',(43.3845259124518,-4.88233068016071,82.6002926500507));
#5170=CARTESIAN_POINT('Ctrl Pts',(43.0892304787949,-4.78570806825223,82.6002926500507));
#5171=CARTESIAN_POINT('Ctrl Pts',(45.2794710364164,-4.58278188724013,81.7216129936103));
#5172=CARTESIAN_POINT('Ctrl Pts',(45.1046353652388,-4.55043028429383,81.8964486647879));
#5173=CARTESIAN_POINT('Ctrl Pts',(44.7045655648636,-4.47995202097295,82.2098798779428));
#5174=CARTESIAN_POINT('Ctrl Pts',(43.9771215792789,-4.36640051076402,82.5236941358427));
#5175=CARTESIAN_POINT('Ctrl Pts',(43.4344944910892,-4.29619807767115,82.6002926500507));
#5176=CARTESIAN_POINT('Ctrl Pts',(43.1581506928567,-4.26221288731316,82.6002926500507));
#5177=CARTESIAN_POINT('Ctrl Pts',(45.2794710364164,-4.00045303420667,81.7216129936103));
#5178=CARTESIAN_POINT('Ctrl Pts',(45.0943509139931,-4.00045303420667,81.9067331160336));
#5179=CARTESIAN_POINT('Ctrl Pts',(44.6753867025356,-4.00045303420667,82.2282147050557));
#5180=CARTESIAN_POINT('Ctrl Pts',(43.9435243272761,-4.00045303420667,82.5313620266787));
#5181=CARTESIAN_POINT('Ctrl Pts',(43.4199500806559,-4.00045303420667,82.6002926500507));
#5182=CARTESIAN_POINT('Ctrl Pts',(43.1581506928567,-4.00045303420667,82.6002926500507));
#5183=CARTESIAN_POINT('',(45.2794710364164,-4.00045303420667,81.7216129936103));
#5184=CARTESIAN_POINT('Ctrl Pts',(44.51162663804,-8.35347594518334,80.953768595234));
#5185=CARTESIAN_POINT('Ctrl Pts',(44.653729994956,-8.0692692313515,81.09587195215));
#5186=CARTESIAN_POINT('Ctrl Pts',(44.8895602861548,-7.45453284771157,81.3317022433488));
#5187=CARTESIAN_POINT('Ctrl Pts',(45.2094269996326,-5.83869195165687,81.6515689568266));
#5188=CARTESIAN_POINT('Ctrl Pts',(45.2794710364164,-4.58278188724013,81.7216129936103));
#5189=CARTESIAN_POINT('Ctrl Pts',(45.2794710364164,-4.00045303420667,81.7216129936103));
#5190=CARTESIAN_POINT('',(43.1581506928567,-4.00045303420667,82.6002926500507));
#5191=CARTESIAN_POINT('Origin',(43.1581506928567,-4.00045303420667,79.6002926500507));
#5192=CARTESIAN_POINT('Origin',(40.1586037270634,-4.00045303420667,82.6002926500507));
#5193=CARTESIAN_POINT('Ctrl Pts',(44.51162663804,-8.35347594518334,80.953768595234));
#5194=CARTESIAN_POINT('Ctrl Pts',(44.653729994956,-8.0692692313515,81.09587195215));
#5195=CARTESIAN_POINT('Ctrl Pts',(44.8895602861548,-7.45453284771157,81.3317022433488));
#5196=CARTESIAN_POINT('Ctrl Pts',(45.2094269996326,-5.83869195165687,81.6515689568266));
#5197=CARTESIAN_POINT('Ctrl Pts',(45.2794710364164,-4.58278188724013,81.7216129936103));
#5198=CARTESIAN_POINT('Ctrl Pts',(45.2794710364164,-4.00045303420667,81.7216129936103));
#5199=CARTESIAN_POINT('Ctrl Pts',(44.7958333518719,-8.21137258826742,80.8116652383181));
#5200=CARTESIAN_POINT('Ctrl Pts',(44.9088323780024,-7.9296400674093,80.9520094225951));
#5201=CARTESIAN_POINT('Ctrl Pts',(45.1037413007649,-7.31519197055403,81.1886301952754));
#5202=CARTESIAN_POINT('Ctrl Pts',(45.3926312620682,-5.71698482933207,81.491892887671));
#5203=CARTESIAN_POINT('Ctrl Pts',(45.4543067075939,-4.55043028429383,81.5467773224328));
#5204=CARTESIAN_POINT('Ctrl Pts',(45.4645911588396,-4.00045303420667,81.5364928711871));
#5205=CARTESIAN_POINT('Ctrl Pts',(45.2801796112444,-7.89766227287473,80.4979549229254));
#5206=CARTESIAN_POINT('Ctrl Pts',(45.3546212136321,-7.61599734963689,80.6369444435289));
#5207=CARTESIAN_POINT('Ctrl Pts',(45.4972452925385,-6.98604395663049,80.8692922356733));
#5208=CARTESIAN_POINT('Ctrl Pts',(45.7320704746623,-5.43187259957449,81.1178475853941));
#5209=CARTESIAN_POINT('Ctrl Pts',(45.7677379207488,-4.47995202097294,81.1467075220576));
#5210=CARTESIAN_POINT('Ctrl Pts',(45.7860727478617,-4.00045303420667,81.1175286597295));
#5211=CARTESIAN_POINT('Ctrl Pts',(45.9526561169261,-7.07334710818623,79.673639758237));
#5212=CARTESIAN_POINT('Ctrl Pts',(45.9808343375985,-6.79378587023421,79.8268366960467));
#5213=CARTESIAN_POINT('Ctrl Pts',(46.0437288081636,-6.15722393775761,80.0807836088176));
#5214=CARTESIAN_POINT('Ctrl Pts',(46.0839983940766,-5.0434411857002,80.3750158691968));
#5215=CARTESIAN_POINT('Ctrl Pts',(46.0815521786487,-4.36640051076402,80.419263536473));
#5216=CARTESIAN_POINT('Ctrl Pts',(46.0892200694848,-4.00045303420667,80.3856662844701));
#5217=CARTESIAN_POINT('Ctrl Pts',(46.1581506928567,-6.41264381718516,79.0129364672359));
#5218=CARTESIAN_POINT('Ctrl Pts',(46.1581506928567,-6.19624617302503,79.196979579954));
#5219=CARTESIAN_POINT('Ctrl Pts',(46.1581506928567,-5.71765192971817,79.5184667873469));
#5220=CARTESIAN_POINT('Ctrl Pts',(46.1581506928567,-4.88233068016071,79.8266678696458));
#5221=CARTESIAN_POINT('Ctrl Pts',(46.1581506928567,-4.29619807767115,79.8766364482832));
#5222=CARTESIAN_POINT('Ctrl Pts',(46.1581506928567,-4.00045303420667,79.8620920378499));
#5223=CARTESIAN_POINT('Ctrl Pts',(46.1581506928567,-6.12145303420666,78.7217456842574));
#5224=CARTESIAN_POINT('Ctrl Pts',(46.1581506928567,-5.93636086703267,78.9068378514314));
#5225=CARTESIAN_POINT('Ctrl Pts',(46.1581506928567,-5.51745992394822,79.2282708930679));
#5226=CARTESIAN_POINT('Ctrl Pts',(46.1581506928567,-4.78570806825223,79.5313724359889));
#5227=CARTESIAN_POINT('Ctrl Pts',(46.1581506928567,-4.26221288731316,79.6002926500507));
#5228=CARTESIAN_POINT('Ctrl Pts',(46.1581506928567,-4.00045303420667,79.6002926500507));
#5229=CARTESIAN_POINT('',(46.1581506928567,-6.12145303420666,78.7217456842574));
#5230=CARTESIAN_POINT('Ctrl Pts',(44.51162663804,-8.35347594518334,80.953768595234));
#5231=CARTESIAN_POINT('Ctrl Pts',(44.7958333518719,-8.21137258826742,80.8116652383181));
#5232=CARTESIAN_POINT('Ctrl Pts',(45.2801796112444,-7.89766227287473,80.4979549229254));
#5233=CARTESIAN_POINT('Ctrl Pts',(45.9526561169261,-7.07334710818623,79.673639758237));
#5234=CARTESIAN_POINT('Ctrl Pts',(46.1581506928567,-6.41264381718516,79.0129364672359));
#5235=CARTESIAN_POINT('Ctrl Pts',(46.1581506928567,-6.12145303420666,78.7217456842574));
#5236=CARTESIAN_POINT('',(46.1581506928567,-4.00045303420667,79.6002926500507));
#5237=CARTESIAN_POINT('Origin',(46.1581506928567,-4.00045303420667,76.6007456842574));
#5238=CARTESIAN_POINT('Origin',(43.1581506928567,-4.00045303420667,79.6002926500507));
#5239=CARTESIAN_POINT('Ctrl Pts',(44.51162663804,-8.35347594518334,80.953768595234));
#5240=CARTESIAN_POINT('Ctrl Pts',(44.7958333518719,-8.21137258826742,80.8116652383181));
#5241=CARTESIAN_POINT('Ctrl Pts',(45.2801796112444,-7.89766227287473,80.4979549229254));
#5242=CARTESIAN_POINT('Ctrl Pts',(45.9526561169261,-7.07334710818623,79.673639758237));
#5243=CARTESIAN_POINT('Ctrl Pts',(46.1581506928567,-6.41264381718516,79.0129364672359));
#5244=CARTESIAN_POINT('Ctrl Pts',(46.1581506928567,-6.12145303420666,78.7217456842574));
#5245=CARTESIAN_POINT('Ctrl Pts',(44.653729994956,-8.49557930209926,80.6695618814022));
#5246=CARTESIAN_POINT('Ctrl Pts',(44.9088323780024,-8.35171677254438,80.52993271746));
#5247=CARTESIAN_POINT('Ctrl Pts',(45.354621213632,-8.03665179347825,80.2162899996876));
#5248=CARTESIAN_POINT('Ctrl Pts',(45.9808343375985,-7.22654404599599,79.3940785202849));
#5249=CARTESIAN_POINT('Ctrl Pts',(46.1581506928567,-6.59668692990325,78.7965388230757));
#5250=CARTESIAN_POINT('Ctrl Pts',(46.1581506928567,-6.30654520138066,78.5366535170834));
#5251=CARTESIAN_POINT('Ctrl Pts',(44.8895602861548,-8.7314095932981,80.0548254977623));
#5252=CARTESIAN_POINT('Ctrl Pts',(45.1037413007649,-8.58833754522466,79.9154846206048));
#5253=CARTESIAN_POINT('Ctrl Pts',(45.4972452925385,-8.26899958562257,79.5863366066812));
#5254=CARTESIAN_POINT('Ctrl Pts',(46.0437288081636,-7.48049095876698,78.7575165878083));
#5255=CARTESIAN_POINT('Ctrl Pts',(46.1581506928567,-6.91817413729618,78.3179445797689));
#5256=CARTESIAN_POINT('Ctrl Pts',(46.1581506928567,-6.6279782430172,78.1177525739989));
#5257=CARTESIAN_POINT('Ctrl Pts',(45.2094269996326,-9.05127630677587,78.4389846017076));
#5258=CARTESIAN_POINT('Ctrl Pts',(45.3926312620681,-8.89160023762026,78.3172774793828));
#5259=CARTESIAN_POINT('Ctrl Pts',(45.7320704746622,-8.51755493534341,78.0321652496252));
#5260=CARTESIAN_POINT('Ctrl Pts',(46.0839983940765,-7.77472321914608,77.6437338357509));
#5261=CARTESIAN_POINT('Ctrl Pts',(46.1581506928567,-7.22637521959508,77.4826233302114));
#5262=CARTESIAN_POINT('Ctrl Pts',(46.1581506928567,-6.93107978593816,77.3860007183029));
#5263=CARTESIAN_POINT('Ctrl Pts',(45.2794710364164,-9.12132034355964,77.1830745372908));
#5264=CARTESIAN_POINT('Ctrl Pts',(45.4543067075939,-8.94648467238211,77.1507229343446));
#5265=CARTESIAN_POINT('Ctrl Pts',(45.7677379207488,-8.54641487200689,77.0802446710236));
#5266=CARTESIAN_POINT('Ctrl Pts',(46.0815521786487,-7.81897088642221,76.9666931608147));
#5267=CARTESIAN_POINT('Ctrl Pts',(46.1581506928567,-7.27634379823243,76.8964907277219));
#5268=CARTESIAN_POINT('Ctrl Pts',(46.1581506928567,-7.,76.8625055373639));
#5269=CARTESIAN_POINT('Ctrl Pts',(45.2794710364164,-9.12132034355964,76.6007456842574));
#5270=CARTESIAN_POINT('Ctrl Pts',(45.4645911588396,-8.93620022113638,76.6007456842574));
#5271=CARTESIAN_POINT('Ctrl Pts',(45.7860727478617,-8.51723600967888,76.6007456842574));
#5272=CARTESIAN_POINT('Ctrl Pts',(46.0892200694848,-7.78537363441936,76.6007456842574));
#5273=CARTESIAN_POINT('Ctrl Pts',(46.1581506928567,-7.26179938779915,76.6007456842574));
#5274=CARTESIAN_POINT('Ctrl Pts',(46.1581506928567,-7.,76.6007456842574));
#5275=CARTESIAN_POINT('',(45.2794710364164,-9.12132034355964,76.6007456842574));
#5276=CARTESIAN_POINT('Ctrl Pts',(44.51162663804,-8.35347594518334,80.953768595234));
#5277=CARTESIAN_POINT('Ctrl Pts',(44.653729994956,-8.49557930209926,80.6695618814022));
#5278=CARTESIAN_POINT('Ctrl Pts',(44.8895602861548,-8.7314095932981,80.0548254977623));
#5279=CARTESIAN_POINT('Ctrl Pts',(45.2094269996326,-9.05127630677587,78.4389846017076));
#5280=CARTESIAN_POINT('Ctrl Pts',(45.2794710364164,-9.12132034355964,77.1830745372908));
#5281=CARTESIAN_POINT('Ctrl Pts',(45.2794710364164,-9.12132034355964,76.6007456842574));
#5282=CARTESIAN_POINT('',(46.1581506928567,-7.,76.6007456842574));
#5283=CARTESIAN_POINT('Origin',(43.1581506928567,-7.,76.6007456842574));
#5284=CARTESIAN_POINT('Origin',(46.1581506928567,-4.00045303420667,76.6007456842574));
#5285=CARTESIAN_POINT('Ctrl Pts',(44.51162663804,-8.35347594518334,80.953768595234));
#5286=CARTESIAN_POINT('Ctrl Pts',(44.653729994956,-8.49557930209926,80.6695618814022));
#5287=CARTESIAN_POINT('Ctrl Pts',(44.8895602861548,-8.7314095932981,80.0548254977623));
#5288=CARTESIAN_POINT('Ctrl Pts',(45.2094269996326,-9.05127630677587,78.4389846017076));
#5289=CARTESIAN_POINT('Ctrl Pts',(45.2794710364164,-9.12132034355964,77.1830745372908));
#5290=CARTESIAN_POINT('Ctrl Pts',(45.2794710364164,-9.12132034355964,76.6007456842574));
#5291=CARTESIAN_POINT('Ctrl Pts',(44.3695232811241,-8.63768265901518,80.8116652383181));
#5292=CARTESIAN_POINT('Ctrl Pts',(44.5098674654011,-8.75068168514573,80.52993271746));
#5293=CARTESIAN_POINT('Ctrl Pts',(44.7464882380814,-8.94559060790823,79.9154846206047));
#5294=CARTESIAN_POINT('Ctrl Pts',(45.0497509304769,-9.23448056921144,78.3172774793828));
#5295=CARTESIAN_POINT('Ctrl Pts',(45.1046353652388,-9.29615601473717,77.1507229343445));
#5296=CARTESIAN_POINT('Ctrl Pts',(45.0943509139931,-9.30644046598291,76.6007456842574));
#5297=CARTESIAN_POINT('Ctrl Pts',(44.0558129657314,-9.12202891838768,80.4979549229254));
#5298=CARTESIAN_POINT('Ctrl Pts',(44.194802486335,-9.19647052077535,80.2162899996876));
#5299=CARTESIAN_POINT('Ctrl Pts',(44.4271502784793,-9.33909459968179,79.5863366066812));
#5300=CARTESIAN_POINT('Ctrl Pts',(44.6757056282001,-9.57391978180554,78.0321652496252));
#5301=CARTESIAN_POINT('Ctrl Pts',(44.7045655648636,-9.60958722789212,77.0802446710236));
#5302=CARTESIAN_POINT('Ctrl Pts',(44.6753867025356,-9.62792205500499,76.6007456842574));
#5303=CARTESIAN_POINT('Ctrl Pts',(43.2314978010429,-9.79450542406944,79.6736397582369));
#5304=CARTESIAN_POINT('Ctrl Pts',(43.3846947388527,-9.82268364474183,79.3940785202849));
#5305=CARTESIAN_POINT('Ctrl Pts',(43.6386416516237,-9.88557811530693,78.7575165878083));
#5306=CARTESIAN_POINT('Ctrl Pts',(43.9328739120028,-9.92584770121986,77.643733835751));
#5307=CARTESIAN_POINT('Ctrl Pts',(43.9771215792789,-9.92340148579201,76.9666931608147));
#5308=CARTESIAN_POINT('Ctrl Pts',(43.943524327276,-9.93106937662807,76.6007456842574));
#5309=CARTESIAN_POINT('Ctrl Pts',(42.5707945100419,-10.,79.0129364672359));
#5310=CARTESIAN_POINT('Ctrl Pts',(42.75483762276,-10.,78.7965388230757));
#5311=CARTESIAN_POINT('Ctrl Pts',(43.0763248301529,-10.,78.3179445797689));
#5312=CARTESIAN_POINT('Ctrl Pts',(43.3845259124518,-10.,77.4826233302114));
#5313=CARTESIAN_POINT('Ctrl Pts',(43.4344944910891,-10.,76.8964907277219));
#5314=CARTESIAN_POINT('Ctrl Pts',(43.4199500806558,-10.,76.6007456842574));
#5315=CARTESIAN_POINT('Ctrl Pts',(42.2796037270634,-10.,78.7217456842574));
#5316=CARTESIAN_POINT('Ctrl Pts',(42.4646958942374,-10.,78.5366535170834));
#5317=CARTESIAN_POINT('Ctrl Pts',(42.7861289358739,-10.,78.1177525739989));
#5318=CARTESIAN_POINT('Ctrl Pts',(43.0892304787949,-10.,77.3860007183029));
#5319=CARTESIAN_POINT('Ctrl Pts',(43.1581506928567,-10.,76.8625055373639));
#5320=CARTESIAN_POINT('Ctrl Pts',(43.1581506928567,-10.,76.6007456842574));
#5321=CARTESIAN_POINT('',(42.2796037270634,-10.,78.7217456842574));
#5322=CARTESIAN_POINT('Ctrl Pts',(44.51162663804,-8.35347594518334,80.953768595234));
#5323=CARTESIAN_POINT('Ctrl Pts',(44.3695232811241,-8.63768265901518,80.8116652383181));
#5324=CARTESIAN_POINT('Ctrl Pts',(44.0558129657314,-9.12202891838768,80.4979549229254));
#5325=CARTESIAN_POINT('Ctrl Pts',(43.2314978010429,-9.79450542406944,79.6736397582369));
#5326=CARTESIAN_POINT('Ctrl Pts',(42.5707945100419,-10.,79.0129364672359));
#5327=CARTESIAN_POINT('Ctrl Pts',(42.2796037270634,-10.,78.7217456842574));
#5328=CARTESIAN_POINT('',(43.1581506928567,-10.,76.6007456842574));
#5329=CARTESIAN_POINT('Origin',(40.1586037270634,-10.,76.6007456842574));
#5330=CARTESIAN_POINT('Origin',(43.1581506928567,-7.,76.6007456842574));
#5331=CARTESIAN_POINT('Ctrl Pts',(-94.1361453633558,23.9987759451833,80.953768595234));
#5332=CARTESIAN_POINT('Ctrl Pts',(-94.2782487202717,24.1408793020993,80.6695618814022));
#5333=CARTESIAN_POINT('Ctrl Pts',(-94.5140790114706,24.3767095932981,80.0548254977623));
#5334=CARTESIAN_POINT('Ctrl Pts',(-94.8339457249484,24.6965763067759,78.4389846017076));
#5335=CARTESIAN_POINT('Ctrl Pts',(-94.9039897617321,24.7666203435596,77.1830745372908));
#5336=CARTESIAN_POINT('Ctrl Pts',(-94.9039897617321,24.7666203435596,76.6007456842574));
#5337=CARTESIAN_POINT('Ctrl Pts',(-93.9940420064399,24.2829826590152,80.8116652383181));
#5338=CARTESIAN_POINT('Ctrl Pts',(-94.1343861907169,24.3959816851457,80.52993271746));
#5339=CARTESIAN_POINT('Ctrl Pts',(-94.3710069633972,24.5908906079082,79.9154846206048));
#5340=CARTESIAN_POINT('Ctrl Pts',(-94.6742696557928,24.8797805692114,78.3172774793828));
#5341=CARTESIAN_POINT('Ctrl Pts',(-94.7291540905546,24.9414560147372,77.1507229343445));
#5342=CARTESIAN_POINT('Ctrl Pts',(-94.7188696393089,24.9517404659829,76.6007456842574));
#5343=CARTESIAN_POINT('Ctrl Pts',(-93.6803316910473,24.7673289183877,80.4979549229255));
#5344=CARTESIAN_POINT('Ctrl Pts',(-93.8193212116508,24.8417705207754,80.2162899996876));
#5345=CARTESIAN_POINT('Ctrl Pts',(-94.051669003795,24.9843945996818,79.5863366066812));
#5346=CARTESIAN_POINT('Ctrl Pts',(-94.3002243535158,25.2192197818055,78.0321652496252));
#5347=CARTESIAN_POINT('Ctrl Pts',(-94.3290842901794,25.2548872278921,77.0802446710236));
#5348=CARTESIAN_POINT('Ctrl Pts',(-94.2999054278514,25.273222055005,76.6007456842574));
#5349=CARTESIAN_POINT('Ctrl Pts',(-92.8560165263587,25.4398054240694,79.6736397582369));
#5350=CARTESIAN_POINT('Ctrl Pts',(-93.0092134641684,25.4679836447418,79.3940785202849));
#5351=CARTESIAN_POINT('Ctrl Pts',(-93.2631603769395,25.5308781153069,78.7575165878083));
#5352=CARTESIAN_POINT('Ctrl Pts',(-93.5573926373186,25.5711477012199,77.6437338357509));
#5353=CARTESIAN_POINT('Ctrl Pts',(-93.6016403045947,25.568701485792,76.9666931608147));
#5354=CARTESIAN_POINT('Ctrl Pts',(-93.5680430525919,25.5763693766281,76.6007456842574));
#5355=CARTESIAN_POINT('Ctrl Pts',(-92.1953132353576,25.6453,79.0129364672359));
#5356=CARTESIAN_POINT('Ctrl Pts',(-92.3793563480757,25.6453,78.7965388230757));
#5357=CARTESIAN_POINT('Ctrl Pts',(-92.7008435554687,25.6453,78.3179445797689));
#5358=CARTESIAN_POINT('Ctrl Pts',(-93.0090446377676,25.6453,77.4826233302114));
#5359=CARTESIAN_POINT('Ctrl Pts',(-93.0590132164049,25.6453,76.8964907277219));
#5360=CARTESIAN_POINT('Ctrl Pts',(-93.0444688059716,25.6453,76.6007456842574));
#5361=CARTESIAN_POINT('Ctrl Pts',(-91.9041224523791,25.6453,78.7217456842574));
#5362=CARTESIAN_POINT('Ctrl Pts',(-92.0892146195531,25.6453,78.5366535170834));
#5363=CARTESIAN_POINT('Ctrl Pts',(-92.4106476611897,25.6453,78.1177525739989));
#5364=CARTESIAN_POINT('Ctrl Pts',(-92.7137492041106,25.6453,77.3860007183029));
#5365=CARTESIAN_POINT('Ctrl Pts',(-92.7826694181725,25.6453,76.8625055373639));
#5366=CARTESIAN_POINT('Ctrl Pts',(-92.7826694181725,25.6453,76.6007456842574));
#5367=CARTESIAN_POINT('',(-94.1361453633558,23.9987759451833,80.953768595234));
#5368=CARTESIAN_POINT('',(-94.9039897617321,24.7666203435596,76.6007456842574));
#5369=CARTESIAN_POINT('Ctrl Pts',(-94.1361453633558,23.9987759451833,80.953768595234));
#5370=CARTESIAN_POINT('Ctrl Pts',(-94.2782487202717,24.1408793020993,80.6695618814022));
#5371=CARTESIAN_POINT('Ctrl Pts',(-94.5140790114706,24.3767095932981,80.0548254977623));
#5372=CARTESIAN_POINT('Ctrl Pts',(-94.8339457249484,24.6965763067759,78.4389846017076));
#5373=CARTESIAN_POINT('Ctrl Pts',(-94.9039897617321,24.7666203435596,77.1830745372908));
#5374=CARTESIAN_POINT('Ctrl Pts',(-94.9039897617321,24.7666203435596,76.6007456842574));
#5375=CARTESIAN_POINT('',(-91.9041224523791,25.6453,78.7217456842574));
#5376=CARTESIAN_POINT('Ctrl Pts',(-94.1361453633558,23.9987759451833,80.953768595234));
#5377=CARTESIAN_POINT('Ctrl Pts',(-93.9940420064399,24.2829826590152,80.8116652383181));
#5378=CARTESIAN_POINT('Ctrl Pts',(-93.6803316910473,24.7673289183877,80.4979549229255));
#5379=CARTESIAN_POINT('Ctrl Pts',(-92.8560165263587,25.4398054240694,79.6736397582369));
#5380=CARTESIAN_POINT('Ctrl Pts',(-92.1953132353576,25.6453,79.0129364672359));
#5381=CARTESIAN_POINT('Ctrl Pts',(-91.9041224523791,25.6453,78.7217456842574));
#5382=CARTESIAN_POINT('',(-92.7826694181725,25.6453,76.6007456842574));
#5383=CARTESIAN_POINT('Origin',(-89.7831224523791,25.6453,76.6007456842574));
#5384=CARTESIAN_POINT('Origin',(-92.7826694181725,22.6453,76.6007456842574));
#5385=CARTESIAN_POINT('Ctrl Pts',(-94.1361453633558,23.9987759451833,80.953768595234));
#5386=CARTESIAN_POINT('Ctrl Pts',(-93.9940420064399,24.2829826590152,80.8116652383181));
#5387=CARTESIAN_POINT('Ctrl Pts',(-93.6803316910473,24.7673289183877,80.4979549229255));
#5388=CARTESIAN_POINT('Ctrl Pts',(-92.8560165263587,25.4398054240694,79.6736397582369));
#5389=CARTESIAN_POINT('Ctrl Pts',(-92.1953132353576,25.6453,79.0129364672359));
#5390=CARTESIAN_POINT('Ctrl Pts',(-91.9041224523791,25.6453,78.7217456842574));
#5391=CARTESIAN_POINT('Ctrl Pts',(-93.851938649524,24.1408793020993,81.0958719521499));
#5392=CARTESIAN_POINT('Ctrl Pts',(-93.7123094855818,24.3959816851457,80.9520094225951));
#5393=CARTESIAN_POINT('Ctrl Pts',(-93.3986667678094,24.8417705207754,80.636944443529));
#5394=CARTESIAN_POINT('Ctrl Pts',(-92.5764552884066,25.4679836447418,79.8268366960467));
#5395=CARTESIAN_POINT('Ctrl Pts',(-91.9789155911975,25.6453,79.1969795799539));
#5396=CARTESIAN_POINT('Ctrl Pts',(-91.7190302852051,25.6453,78.9068378514314));
#5397=CARTESIAN_POINT('Ctrl Pts',(-93.2372022658841,24.3767095932981,81.3317022433488));
#5398=CARTESIAN_POINT('Ctrl Pts',(-93.0978613887265,24.5908906079082,81.1886301952754));
#5399=CARTESIAN_POINT('Ctrl Pts',(-92.768713374803,24.9843945996818,80.8692922356733));
#5400=CARTESIAN_POINT('Ctrl Pts',(-91.93989335593,25.530878115307,80.0807836088177));
#5401=CARTESIAN_POINT('Ctrl Pts',(-91.5003213478907,25.6453,79.5184667873469));
#5402=CARTESIAN_POINT('Ctrl Pts',(-91.3001293421207,25.6453,79.2282708930679));
#5403=CARTESIAN_POINT('Ctrl Pts',(-91.6213613698293,24.6965763067759,81.6515689568266));
#5404=CARTESIAN_POINT('Ctrl Pts',(-91.4996542475045,24.8797805692114,81.4918928876709));
#5405=CARTESIAN_POINT('Ctrl Pts',(-91.214542017747,25.2192197818056,81.1178475853942));
#5406=CARTESIAN_POINT('Ctrl Pts',(-90.8261106038727,25.5711477012199,80.3750158691968));
#5407=CARTESIAN_POINT('Ctrl Pts',(-90.6650000983332,25.6453,79.8266678696458));
#5408=CARTESIAN_POINT('Ctrl Pts',(-90.5683774864247,25.6453,79.5313724359889));
#5409=CARTESIAN_POINT('Ctrl Pts',(-90.3654513054126,24.7666203435596,81.7216129936103));
#5410=CARTESIAN_POINT('Ctrl Pts',(-90.3330997024663,24.9414560147372,81.5467773224328));
#5411=CARTESIAN_POINT('Ctrl Pts',(-90.2626214391455,25.2548872278921,81.1467075220576));
#5412=CARTESIAN_POINT('Ctrl Pts',(-90.1490699289365,25.568701485792,80.4192635364729));
#5413=CARTESIAN_POINT('Ctrl Pts',(-90.0788674958436,25.6453,79.8766364482831));
#5414=CARTESIAN_POINT('Ctrl Pts',(-90.0448823054856,25.6453,79.6002926500507));
#5415=CARTESIAN_POINT('Ctrl Pts',(-89.7831224523791,24.7666203435596,81.7216129936103));
#5416=CARTESIAN_POINT('Ctrl Pts',(-89.7831224523791,24.9517404659829,81.5364928711871));
#5417=CARTESIAN_POINT('Ctrl Pts',(-89.7831224523792,25.273222055005,81.1175286597296));
#5418=CARTESIAN_POINT('Ctrl Pts',(-89.7831224523791,25.5763693766281,80.38566628447));
#5419=CARTESIAN_POINT('Ctrl Pts',(-89.7831224523791,25.6453,79.8620920378498));
#5420=CARTESIAN_POINT('Ctrl Pts',(-89.7831224523791,25.6453,79.6002926500507));
#5421=CARTESIAN_POINT('',(-89.7831224523791,24.7666203435596,81.7216129936103));
#5422=CARTESIAN_POINT('Ctrl Pts',(-94.1361453633558,23.9987759451833,80.953768595234));
#5423=CARTESIAN_POINT('Ctrl Pts',(-93.851938649524,24.1408793020993,81.0958719521499));
#5424=CARTESIAN_POINT('Ctrl Pts',(-93.2372022658841,24.3767095932981,81.3317022433488));
#5425=CARTESIAN_POINT('Ctrl Pts',(-91.6213613698293,24.6965763067759,81.6515689568266));
#5426=CARTESIAN_POINT('Ctrl Pts',(-90.3654513054126,24.7666203435596,81.7216129936103));
#5427=CARTESIAN_POINT('Ctrl Pts',(-89.7831224523791,24.7666203435596,81.7216129936103));
#5428=CARTESIAN_POINT('',(-89.7831224523791,25.6453,79.6002926500507));
#5429=CARTESIAN_POINT('Origin',(-89.7831224523791,22.6453,79.6002926500507));
#5430=CARTESIAN_POINT('Origin',(-89.7831224523791,25.6453,76.6007456842574));
#5431=CARTESIAN_POINT('Ctrl Pts',(-94.1361453633558,23.9987759451833,80.953768595234));
#5432=CARTESIAN_POINT('Ctrl Pts',(-93.851938649524,24.1408793020993,81.0958719521499));
#5433=CARTESIAN_POINT('Ctrl Pts',(-93.2372022658841,24.3767095932981,81.3317022433488));
#5434=CARTESIAN_POINT('Ctrl Pts',(-91.6213613698293,24.6965763067759,81.6515689568266));
#5435=CARTESIAN_POINT('Ctrl Pts',(-90.3654513054126,24.7666203435596,81.7216129936103));
#5436=CARTESIAN_POINT('Ctrl Pts',(-89.7831224523791,24.7666203435596,81.7216129936103));
#5437=CARTESIAN_POINT('Ctrl Pts',(-93.9940420064399,23.8566725882674,81.2379753090659));
#5438=CARTESIAN_POINT('Ctrl Pts',(-93.7123094855818,23.9970167725444,81.3509743351964));
#5439=CARTESIAN_POINT('Ctrl Pts',(-93.0978613887265,24.2336375452247,81.5458832579589));
#5440=CARTESIAN_POINT('Ctrl Pts',(-91.4996542475045,24.5369002376202,81.8347732192621));
#5441=CARTESIAN_POINT('Ctrl Pts',(-90.3330997024663,24.5917846723821,81.8964486647879));
#5442=CARTESIAN_POINT('Ctrl Pts',(-89.7831224523791,24.5815002211364,81.9067331160336));
#5443=CARTESIAN_POINT('Ctrl Pts',(-93.6803316910472,23.5429622728747,81.7223215684384));
#5444=CARTESIAN_POINT('Ctrl Pts',(-93.3986667678094,23.6819517934783,81.796763170826));
#5445=CARTESIAN_POINT('Ctrl Pts',(-92.7687133748029,23.9142995856226,81.9393872497326));
#5446=CARTESIAN_POINT('Ctrl Pts',(-91.214542017747,24.1628549353434,82.1742124318562));
#5447=CARTESIAN_POINT('Ctrl Pts',(-90.2626214391454,24.1917148720069,82.2098798779428));
#5448=CARTESIAN_POINT('Ctrl Pts',(-89.7831224523791,24.1625360096789,82.2282147050557));
#5449=CARTESIAN_POINT('Ctrl Pts',(-92.8560165263587,22.7186471081862,82.3947980741201));
#5450=CARTESIAN_POINT('Ctrl Pts',(-92.5764552884067,22.871844045996,82.4229762947925));
#5451=CARTESIAN_POINT('Ctrl Pts',(-91.9398933559301,23.125790958767,82.4858707653576));
#5452=CARTESIAN_POINT('Ctrl Pts',(-90.8261106038726,23.4200232191461,82.5261403512706));
#5453=CARTESIAN_POINT('Ctrl Pts',(-90.1490699289365,23.4642708864222,82.5236941358427));
#5454=CARTESIAN_POINT('Ctrl Pts',(-89.7831224523792,23.4306736344194,82.5313620266788));
#5455=CARTESIAN_POINT('Ctrl Pts',(-92.1953132353576,22.0579438171852,82.6002926500507));
#5456=CARTESIAN_POINT('Ctrl Pts',(-91.9789155911975,22.2419869299032,82.6002926500507));
#5457=CARTESIAN_POINT('Ctrl Pts',(-91.5003213478906,22.5634741372962,82.6002926500507));
#5458=CARTESIAN_POINT('Ctrl Pts',(-90.6650000983332,22.8716752195951,82.6002926500507));
#5459=CARTESIAN_POINT('Ctrl Pts',(-90.0788674958436,22.9216437982324,82.6002926500507));
#5460=CARTESIAN_POINT('Ctrl Pts',(-89.7831224523791,22.9070993877992,82.6002926500507));
#5461=CARTESIAN_POINT('Ctrl Pts',(-91.9041224523792,21.7667530342067,82.6002926500507));
#5462=CARTESIAN_POINT('Ctrl Pts',(-91.7190302852052,21.9518452013807,82.6002926500507));
#5463=CARTESIAN_POINT('Ctrl Pts',(-91.3001293421207,22.2732782430172,82.6002926500507));
#5464=CARTESIAN_POINT('Ctrl Pts',(-90.5683774864247,22.5763797859382,82.6002926500507));
#5465=CARTESIAN_POINT('Ctrl Pts',(-90.0448823054856,22.6453,82.6002926500507));
#5466=CARTESIAN_POINT('Ctrl Pts',(-89.7831224523791,22.6453,82.6002926500507));
#5467=CARTESIAN_POINT('',(-91.9041224523792,21.7667530342067,82.6002926500507));
#5468=CARTESIAN_POINT('Ctrl Pts',(-94.1361453633558,23.9987759451833,80.953768595234));
#5469=CARTESIAN_POINT('Ctrl Pts',(-93.9940420064399,23.8566725882674,81.2379753090659));
#5470=CARTESIAN_POINT('Ctrl Pts',(-93.6803316910472,23.5429622728747,81.7223215684384));
#5471=CARTESIAN_POINT('Ctrl Pts',(-92.8560165263587,22.7186471081862,82.3947980741201));
#5472=CARTESIAN_POINT('Ctrl Pts',(-92.1953132353576,22.0579438171852,82.6002926500507));
#5473=CARTESIAN_POINT('Ctrl Pts',(-91.9041224523792,21.7667530342067,82.6002926500507));
#5474=CARTESIAN_POINT('',(-89.7831224523791,22.6453,82.6002926500507));
#5475=CARTESIAN_POINT('Origin',(-89.7831224523791,19.6457530342067,82.6002926500507));
#5476=CARTESIAN_POINT('Origin',(-89.7831224523791,22.6453,79.6002926500507));
#5477=CARTESIAN_POINT('Ctrl Pts',(-94.1361453633558,23.9987759451833,80.953768595234));
#5478=CARTESIAN_POINT('Ctrl Pts',(-93.9940420064399,23.8566725882674,81.2379753090659));
#5479=CARTESIAN_POINT('Ctrl Pts',(-93.6803316910472,23.5429622728747,81.7223215684384));
#5480=CARTESIAN_POINT('Ctrl Pts',(-92.8560165263587,22.7186471081862,82.3947980741201));
#5481=CARTESIAN_POINT('Ctrl Pts',(-92.1953132353576,22.0579438171852,82.6002926500507));
#5482=CARTESIAN_POINT('Ctrl Pts',(-91.9041224523792,21.7667530342067,82.6002926500507));
#5483=CARTESIAN_POINT('Ctrl Pts',(-94.2782487202717,23.7145692313515,81.0958719521499));
#5484=CARTESIAN_POINT('Ctrl Pts',(-94.1343861907169,23.5749400674093,81.3509743351964));
#5485=CARTESIAN_POINT('Ctrl Pts',(-93.8193212116507,23.2612973496369,81.796763170826));
#5486=CARTESIAN_POINT('Ctrl Pts',(-93.0092134641685,22.4390858702342,82.4229762947925));
#5487=CARTESIAN_POINT('Ctrl Pts',(-92.3793563480757,21.841546173025,82.6002926500507));
#5488=CARTESIAN_POINT('Ctrl Pts',(-92.0892146195531,21.5816608670327,82.6002926500507));
#5489=CARTESIAN_POINT('Ctrl Pts',(-94.5140790114706,23.0998328477116,81.3317022433488));
#5490=CARTESIAN_POINT('Ctrl Pts',(-94.3710069633971,22.960491970554,81.545883257959));
#5491=CARTESIAN_POINT('Ctrl Pts',(-94.0516690037951,22.6313439566305,81.9393872497325));
#5492=CARTESIAN_POINT('Ctrl Pts',(-93.2631603769394,21.8025239377576,82.4858707653576));
#5493=CARTESIAN_POINT('Ctrl Pts',(-92.7008435554687,21.3629519297182,82.6002926500507));
#5494=CARTESIAN_POINT('Ctrl Pts',(-92.4106476611897,21.1627599239482,82.6002926500507));
#5495=CARTESIAN_POINT('Ctrl Pts',(-94.8339457249484,21.4839919516569,81.6515689568266));
#5496=CARTESIAN_POINT('Ctrl Pts',(-94.6742696557928,21.3622848293321,81.8347732192621));
#5497=CARTESIAN_POINT('Ctrl Pts',(-94.3002243535159,21.0771725995745,82.1742124318562));
#5498=CARTESIAN_POINT('Ctrl Pts',(-93.5573926373185,20.6887411857002,82.5261403512706));
#5499=CARTESIAN_POINT('Ctrl Pts',(-93.0090446377676,20.5276306801607,82.6002926500507));
#5500=CARTESIAN_POINT('Ctrl Pts',(-92.7137492041106,20.4310080682522,82.6002926500507));
#5501=CARTESIAN_POINT('Ctrl Pts',(-94.9039897617321,20.2280818872401,81.7216129936104));
#5502=CARTESIAN_POINT('Ctrl Pts',(-94.7291540905546,20.1957302842938,81.8964486647879));
#5503=CARTESIAN_POINT('Ctrl Pts',(-94.3290842901794,20.1252520209729,82.2098798779428));
#5504=CARTESIAN_POINT('Ctrl Pts',(-93.6016403045947,20.011700510764,82.5236941358427));
#5505=CARTESIAN_POINT('Ctrl Pts',(-93.0590132164049,19.9414980776711,82.6002926500507));
#5506=CARTESIAN_POINT('Ctrl Pts',(-92.7826694181725,19.9075128873132,82.6002926500507));
#5507=CARTESIAN_POINT('Ctrl Pts',(-94.9039897617321,19.6457530342067,81.7216129936104));
#5508=CARTESIAN_POINT('Ctrl Pts',(-94.7188696393089,19.6457530342067,81.9067331160336));
#5509=CARTESIAN_POINT('Ctrl Pts',(-94.2999054278514,19.6457530342067,82.2282147050557));
#5510=CARTESIAN_POINT('Ctrl Pts',(-93.5680430525919,19.6457530342067,82.5313620266787));
#5511=CARTESIAN_POINT('Ctrl Pts',(-93.0444688059716,19.6457530342067,82.6002926500507));
#5512=CARTESIAN_POINT('Ctrl Pts',(-92.7826694181725,19.6457530342067,82.6002926500507));
#5513=CARTESIAN_POINT('',(-94.9039897617321,19.6457530342067,81.7216129936104));
#5514=CARTESIAN_POINT('Ctrl Pts',(-94.1361453633558,23.9987759451833,80.953768595234));
#5515=CARTESIAN_POINT('Ctrl Pts',(-94.2782487202717,23.7145692313515,81.0958719521499));
#5516=CARTESIAN_POINT('Ctrl Pts',(-94.5140790114706,23.0998328477116,81.3317022433488));
#5517=CARTESIAN_POINT('Ctrl Pts',(-94.8339457249484,21.4839919516569,81.6515689568266));
#5518=CARTESIAN_POINT('Ctrl Pts',(-94.9039897617321,20.2280818872401,81.7216129936104));
#5519=CARTESIAN_POINT('Ctrl Pts',(-94.9039897617321,19.6457530342067,81.7216129936104));
#5520=CARTESIAN_POINT('',(-92.7826694181725,19.6457530342067,82.6002926500507));
#5521=CARTESIAN_POINT('Origin',(-92.7826694181725,19.6457530342067,79.6002926500507));
#5522=CARTESIAN_POINT('Origin',(-89.7831224523791,19.6457530342067,82.6002926500507));
#5523=CARTESIAN_POINT('Ctrl Pts',(-94.1361453633558,23.9987759451833,80.953768595234));
#5524=CARTESIAN_POINT('Ctrl Pts',(-94.2782487202717,23.7145692313515,81.0958719521499));
#5525=CARTESIAN_POINT('Ctrl Pts',(-94.5140790114706,23.0998328477116,81.3317022433488));
#5526=CARTESIAN_POINT('Ctrl Pts',(-94.8339457249484,21.4839919516569,81.6515689568266));
#5527=CARTESIAN_POINT('Ctrl Pts',(-94.9039897617321,20.2280818872401,81.7216129936104));
#5528=CARTESIAN_POINT('Ctrl Pts',(-94.9039897617321,19.6457530342067,81.7216129936104));
#5529=CARTESIAN_POINT('Ctrl Pts',(-94.4203520771877,23.8566725882674,80.8116652383181));
#5530=CARTESIAN_POINT('Ctrl Pts',(-94.5333511033182,23.5749400674093,80.9520094225951));
#5531=CARTESIAN_POINT('Ctrl Pts',(-94.7282600260807,22.960491970554,81.1886301952754));
#5532=CARTESIAN_POINT('Ctrl Pts',(-95.017149987384,21.3622848293321,81.491892887671));
#5533=CARTESIAN_POINT('Ctrl Pts',(-95.0788254329097,20.1957302842938,81.5467773224328));
#5534=CARTESIAN_POINT('Ctrl Pts',(-95.0891098841554,19.6457530342067,81.5364928711871));
#5535=CARTESIAN_POINT('Ctrl Pts',(-94.9046983365602,23.5429622728747,80.4979549229254));
#5536=CARTESIAN_POINT('Ctrl Pts',(-94.9791399389479,23.2612973496369,80.6369444435289));
#5537=CARTESIAN_POINT('Ctrl Pts',(-95.1217640178543,22.6313439566305,80.8692922356732));
#5538=CARTESIAN_POINT('Ctrl Pts',(-95.356589199978,21.0771725995744,81.1178475853941));
#5539=CARTESIAN_POINT('Ctrl Pts',(-95.3922566460646,20.1252520209729,81.1467075220576));
#5540=CARTESIAN_POINT('Ctrl Pts',(-95.4105914731775,19.6457530342067,81.1175286597296));
#5541=CARTESIAN_POINT('Ctrl Pts',(-95.5771748422419,22.7186471081862,79.6736397582369));
#5542=CARTESIAN_POINT('Ctrl Pts',(-95.6053530629143,22.4390858702342,79.8268366960467));
#5543=CARTESIAN_POINT('Ctrl Pts',(-95.6682475334794,21.8025239377576,80.0807836088176));
#5544=CARTESIAN_POINT('Ctrl Pts',(-95.7085171193923,20.6887411857002,80.3750158691968));
#5545=CARTESIAN_POINT('Ctrl Pts',(-95.7060709039645,20.011700510764,80.4192635364729));
#5546=CARTESIAN_POINT('Ctrl Pts',(-95.7137387948006,19.6457530342067,80.38566628447));
#5547=CARTESIAN_POINT('Ctrl Pts',(-95.7826694181725,22.0579438171852,79.0129364672359));
#5548=CARTESIAN_POINT('Ctrl Pts',(-95.7826694181725,21.841546173025,79.196979579954));
#5549=CARTESIAN_POINT('Ctrl Pts',(-95.7826694181725,21.3629519297182,79.5184667873469));
#5550=CARTESIAN_POINT('Ctrl Pts',(-95.7826694181725,20.5276306801607,79.8266678696458));
#5551=CARTESIAN_POINT('Ctrl Pts',(-95.7826694181725,19.9414980776711,79.8766364482831));
#5552=CARTESIAN_POINT('Ctrl Pts',(-95.7826694181725,19.6457530342067,79.8620920378498));
#5553=CARTESIAN_POINT('Ctrl Pts',(-95.7826694181725,21.7667530342067,78.7217456842574));
#5554=CARTESIAN_POINT('Ctrl Pts',(-95.7826694181725,21.5816608670327,78.9068378514314));
#5555=CARTESIAN_POINT('Ctrl Pts',(-95.7826694181725,21.1627599239482,79.2282708930679));
#5556=CARTESIAN_POINT('Ctrl Pts',(-95.7826694181725,20.4310080682522,79.5313724359888));
#5557=CARTESIAN_POINT('Ctrl Pts',(-95.7826694181725,19.9075128873132,79.6002926500507));
#5558=CARTESIAN_POINT('Ctrl Pts',(-95.7826694181725,19.6457530342067,79.6002926500507));
#5559=CARTESIAN_POINT('',(-95.7826694181725,21.7667530342067,78.7217456842574));
#5560=CARTESIAN_POINT('Ctrl Pts',(-94.1361453633558,23.9987759451833,80.953768595234));
#5561=CARTESIAN_POINT('Ctrl Pts',(-94.4203520771877,23.8566725882674,80.8116652383181));
#5562=CARTESIAN_POINT('Ctrl Pts',(-94.9046983365602,23.5429622728747,80.4979549229254));
#5563=CARTESIAN_POINT('Ctrl Pts',(-95.5771748422419,22.7186471081862,79.6736397582369));
#5564=CARTESIAN_POINT('Ctrl Pts',(-95.7826694181725,22.0579438171852,79.0129364672359));
#5565=CARTESIAN_POINT('Ctrl Pts',(-95.7826694181725,21.7667530342067,78.7217456842574));
#5566=CARTESIAN_POINT('',(-95.7826694181725,19.6457530342067,79.6002926500507));
#5567=CARTESIAN_POINT('Origin',(-95.7826694181725,19.6457530342067,76.6007456842574));
#5568=CARTESIAN_POINT('Origin',(-92.7826694181725,19.6457530342067,79.6002926500507));
#5569=CARTESIAN_POINT('Ctrl Pts',(44.5116266380401,-8.35347594518334,-45.953477963825));
#5570=CARTESIAN_POINT('Ctrl Pts',(44.653729994956,-8.49557930209926,-45.6692712499932));
#5571=CARTESIAN_POINT('Ctrl Pts',(44.8895602861548,-8.7314095932981,-45.0545348663532));
#5572=CARTESIAN_POINT('Ctrl Pts',(45.2094269996326,-9.05127630677588,-43.4386939702986));
#5573=CARTESIAN_POINT('Ctrl Pts',(45.2794710364164,-9.12132034355965,-42.1827839058818));
#5574=CARTESIAN_POINT('Ctrl Pts',(45.2794710364164,-9.12132034355965,-41.6004550528483));
#5575=CARTESIAN_POINT('Ctrl Pts',(44.7958333518719,-8.21137258826742,-45.8113746069091));
#5576=CARTESIAN_POINT('Ctrl Pts',(44.9088323780025,-8.35171677254438,-45.529642086051));
#5577=CARTESIAN_POINT('Ctrl Pts',(45.103741300765,-8.58833754522467,-44.9151939891957));
#5578=CARTESIAN_POINT('Ctrl Pts',(45.3926312620682,-8.89160023762027,-43.3169868479738));
#5579=CARTESIAN_POINT('Ctrl Pts',(45.4543067075939,-8.94648467238212,-42.1504323029355));
#5580=CARTESIAN_POINT('Ctrl Pts',(45.4645911588396,-8.93620022113638,-41.6004550528483));
#5581=CARTESIAN_POINT('Ctrl Pts',(45.2801796112444,-7.89766227287473,-45.4976642915164));
#5582=CARTESIAN_POINT('Ctrl Pts',(45.3546212136321,-8.03665179347825,-45.2159993682786));
#5583=CARTESIAN_POINT('Ctrl Pts',(45.4972452925385,-8.26899958562258,-44.5860459752722));
#5584=CARTESIAN_POINT('Ctrl Pts',(45.7320704746622,-8.51755493534341,-43.0318746182162));
#5585=CARTESIAN_POINT('Ctrl Pts',(45.7677379207488,-8.5464148720069,-42.0799540396146));
#5586=CARTESIAN_POINT('Ctrl Pts',(45.7860727478617,-8.51723600967888,-41.6004550528484));
#5587=CARTESIAN_POINT('Ctrl Pts',(45.9526561169261,-7.07334710818623,-44.6733491268279));
#5588=CARTESIAN_POINT('Ctrl Pts',(45.9808343375985,-7.22654404599599,-44.3937878888759));
#5589=CARTESIAN_POINT('Ctrl Pts',(46.0437288081636,-7.48049095876698,-43.7572259563993));
#5590=CARTESIAN_POINT('Ctrl Pts',(46.0839983940766,-7.77472321914608,-42.6434432043419));
#5591=CARTESIAN_POINT('Ctrl Pts',(46.0815521786487,-7.81897088642221,-41.9664025294057));
#5592=CARTESIAN_POINT('Ctrl Pts',(46.0892200694848,-7.78537363441937,-41.6004550528483));
#5593=CARTESIAN_POINT('Ctrl Pts',(46.1581506928567,-6.41264381718516,-44.0126458358268));
#5594=CARTESIAN_POINT('Ctrl Pts',(46.1581506928567,-6.59668692990325,-43.7962481916667));
#5595=CARTESIAN_POINT('Ctrl Pts',(46.1581506928567,-6.91817413729618,-43.3176539483599));
#5596=CARTESIAN_POINT('Ctrl Pts',(46.1581506928567,-7.22637521959508,-42.4823326988024));
#5597=CARTESIAN_POINT('Ctrl Pts',(46.1581506928567,-7.27634379823244,-41.8962000963128));
#5598=CARTESIAN_POINT('Ctrl Pts',(46.1581506928567,-7.26179938779915,-41.6004550528483));
#5599=CARTESIAN_POINT('Ctrl Pts',(46.1581506928567,-6.12145303420666,-43.7214550528483));
#5600=CARTESIAN_POINT('Ctrl Pts',(46.1581506928567,-6.30654520138066,-43.5363628856744));
#5601=CARTESIAN_POINT('Ctrl Pts',(46.1581506928567,-6.6279782430172,-43.1174619425899));
#5602=CARTESIAN_POINT('Ctrl Pts',(46.1581506928567,-6.93107978593816,-42.3857100868939));
#5603=CARTESIAN_POINT('Ctrl Pts',(46.1581506928567,-7.,-41.8622149059548));
#5604=CARTESIAN_POINT('Ctrl Pts',(46.1581506928567,-7.,-41.6004550528483));
#5605=CARTESIAN_POINT('',(44.5116266380401,-8.35347594518334,-45.953477963825));
#5606=CARTESIAN_POINT('',(45.2794710364164,-9.12132034355964,-41.6004550528483));
#5607=CARTESIAN_POINT('Ctrl Pts',(44.5116266380401,-8.35347594518334,-45.953477963825));
#5608=CARTESIAN_POINT('Ctrl Pts',(44.653729994956,-8.49557930209926,-45.6692712499932));
#5609=CARTESIAN_POINT('Ctrl Pts',(44.8895602861548,-8.7314095932981,-45.0545348663532));
#5610=CARTESIAN_POINT('Ctrl Pts',(45.2094269996326,-9.05127630677588,-43.4386939702986));
#5611=CARTESIAN_POINT('Ctrl Pts',(45.2794710364164,-9.12132034355965,-42.1827839058818));
#5612=CARTESIAN_POINT('Ctrl Pts',(45.2794710364164,-9.12132034355965,-41.6004550528483));
#5613=CARTESIAN_POINT('',(46.1581506928567,-6.12145303420666,-43.7214550528483));
#5614=CARTESIAN_POINT('Ctrl Pts',(44.5116266380401,-8.35347594518334,-45.953477963825));
#5615=CARTESIAN_POINT('Ctrl Pts',(44.7958333518719,-8.21137258826742,-45.8113746069091));
#5616=CARTESIAN_POINT('Ctrl Pts',(45.2801796112444,-7.89766227287473,-45.4976642915164));
#5617=CARTESIAN_POINT('Ctrl Pts',(45.9526561169261,-7.07334710818623,-44.6733491268279));
#5618=CARTESIAN_POINT('Ctrl Pts',(46.1581506928567,-6.41264381718516,-44.0126458358268));
#5619=CARTESIAN_POINT('Ctrl Pts',(46.1581506928567,-6.12145303420666,-43.7214550528483));
#5620=CARTESIAN_POINT('',(46.1581506928567,-7.,-41.6004550528483));
#5621=CARTESIAN_POINT('Origin',(46.1581506928567,-4.00045303420667,-41.6004550528483));
#5622=CARTESIAN_POINT('Origin',(43.1581506928567,-7.,-41.6004550528483));
#5623=CARTESIAN_POINT('Ctrl Pts',(44.5116266380401,-8.35347594518334,-45.953477963825));
#5624=CARTESIAN_POINT('Ctrl Pts',(44.7958333518719,-8.21137258826742,-45.8113746069091));
#5625=CARTESIAN_POINT('Ctrl Pts',(45.2801796112444,-7.89766227287473,-45.4976642915164));
#5626=CARTESIAN_POINT('Ctrl Pts',(45.9526561169261,-7.07334710818623,-44.6733491268279));
#5627=CARTESIAN_POINT('Ctrl Pts',(46.1581506928567,-6.41264381718516,-44.0126458358268));
#5628=CARTESIAN_POINT('Ctrl Pts',(46.1581506928567,-6.12145303420666,-43.7214550528483));
#5629=CARTESIAN_POINT('Ctrl Pts',(44.653729994956,-8.0692692313515,-46.0955813207409));
#5630=CARTESIAN_POINT('Ctrl Pts',(44.9088323780024,-7.9296400674093,-45.9517187911861));
#5631=CARTESIAN_POINT('Ctrl Pts',(45.3546212136321,-7.61599734963689,-45.6366538121199));
#5632=CARTESIAN_POINT('Ctrl Pts',(45.9808343375985,-6.79378587023421,-44.8265460646377));
#5633=CARTESIAN_POINT('Ctrl Pts',(46.1581506928567,-6.19624617302502,-44.1966889485449));
#5634=CARTESIAN_POINT('Ctrl Pts',(46.1581506928567,-5.93636086703266,-43.9065472200223));
#5635=CARTESIAN_POINT('Ctrl Pts',(44.8895602861548,-7.45453284771157,-46.3314116119398));
#5636=CARTESIAN_POINT('Ctrl Pts',(45.103741300765,-7.31519197055403,-46.1883395638663));
#5637=CARTESIAN_POINT('Ctrl Pts',(45.4972452925385,-6.98604395663049,-45.8690016042643));
#5638=CARTESIAN_POINT('Ctrl Pts',(46.0437288081637,-6.1572239377576,-45.0804929774087));
#5639=CARTESIAN_POINT('Ctrl Pts',(46.1581506928567,-5.71765192971817,-44.5181761559379));
#5640=CARTESIAN_POINT('Ctrl Pts',(46.1581506928567,-5.51745992394822,-44.2279802616589));
#5641=CARTESIAN_POINT('Ctrl Pts',(45.2094269996326,-5.83869195165686,-46.6512783254175));
#5642=CARTESIAN_POINT('Ctrl Pts',(45.3926312620681,-5.71698482933207,-46.4916022562619));
#5643=CARTESIAN_POINT('Ctrl Pts',(45.7320704746623,-5.43187259957449,-46.1175569539851));
#5644=CARTESIAN_POINT('Ctrl Pts',(46.0839983940765,-5.0434411857002,-45.3747252377877));
#5645=CARTESIAN_POINT('Ctrl Pts',(46.1581506928567,-4.88233068016071,-44.8263772382368));
#5646=CARTESIAN_POINT('Ctrl Pts',(46.1581506928567,-4.78570806825223,-44.5310818045798));
#5647=CARTESIAN_POINT('Ctrl Pts',(45.2794710364164,-4.58278188724013,-46.7213223622013));
#5648=CARTESIAN_POINT('Ctrl Pts',(45.4543067075939,-4.55043028429383,-46.5464866910238));
#5649=CARTESIAN_POINT('Ctrl Pts',(45.7677379207488,-4.47995202097294,-46.1464168906486));
#5650=CARTESIAN_POINT('Ctrl Pts',(46.0815521786487,-4.36640051076402,-45.4189729050639));
#5651=CARTESIAN_POINT('Ctrl Pts',(46.1581506928567,-4.29619807767114,-44.8763458168741));
#5652=CARTESIAN_POINT('Ctrl Pts',(46.1581506928567,-4.26221288731316,-44.6000020186417));
#5653=CARTESIAN_POINT('Ctrl Pts',(45.2794710364164,-4.00045303420667,-46.7213223622013));
#5654=CARTESIAN_POINT('Ctrl Pts',(45.4645911588396,-4.00045303420667,-46.536202239778));
#5655=CARTESIAN_POINT('Ctrl Pts',(45.7860727478617,-4.00045303420667,-46.1172380283206));
#5656=CARTESIAN_POINT('Ctrl Pts',(46.0892200694848,-4.00045303420667,-45.385375653061));
#5657=CARTESIAN_POINT('Ctrl Pts',(46.1581506928567,-4.00045303420666,-44.8618014064408));
#5658=CARTESIAN_POINT('Ctrl Pts',(46.1581506928567,-4.00045303420666,-44.6000020186417));
#5659=CARTESIAN_POINT('',(45.2794710364164,-4.00045303420667,-46.7213223622013));
#5660=CARTESIAN_POINT('Ctrl Pts',(44.5116266380401,-8.35347594518334,-45.953477963825));
#5661=CARTESIAN_POINT('Ctrl Pts',(44.653729994956,-8.0692692313515,-46.0955813207409));
#5662=CARTESIAN_POINT('Ctrl Pts',(44.8895602861548,-7.45453284771157,-46.3314116119398));
#5663=CARTESIAN_POINT('Ctrl Pts',(45.2094269996326,-5.83869195165686,-46.6512783254176));
#5664=CARTESIAN_POINT('Ctrl Pts',(45.2794710364164,-4.58278188724013,-46.7213223622013));
#5665=CARTESIAN_POINT('Ctrl Pts',(45.2794710364164,-4.00045303420667,-46.7213223622013));
#5666=CARTESIAN_POINT('',(46.1581506928567,-4.00045303420667,-44.6000020186417));
#5667=CARTESIAN_POINT('Origin',(43.1581506928567,-4.00045303420667,-44.6000020186417));
#5668=CARTESIAN_POINT('Origin',(46.1581506928567,-4.00045303420667,-41.6004550528483));
#5669=CARTESIAN_POINT('Ctrl Pts',(44.5116266380401,-8.35347594518334,-45.953477963825));
#5670=CARTESIAN_POINT('Ctrl Pts',(44.653729994956,-8.0692692313515,-46.0955813207409));
#5671=CARTESIAN_POINT('Ctrl Pts',(44.8895602861548,-7.45453284771157,-46.3314116119398));
#5672=CARTESIAN_POINT('Ctrl Pts',(45.2094269996326,-5.83869195165686,-46.6512783254176));
#5673=CARTESIAN_POINT('Ctrl Pts',(45.2794710364164,-4.58278188724013,-46.7213223622013));
#5674=CARTESIAN_POINT('Ctrl Pts',(45.2794710364164,-4.00045303420667,-46.7213223622013));
#5675=CARTESIAN_POINT('Ctrl Pts',(44.3695232811241,-8.21137258826742,-46.2376846776569));
#5676=CARTESIAN_POINT('Ctrl Pts',(44.5098674654011,-7.9296400674093,-46.3506837037874));
#5677=CARTESIAN_POINT('Ctrl Pts',(44.7464882380814,-7.31519197055403,-46.5455926265499));
#5678=CARTESIAN_POINT('Ctrl Pts',(45.049750930477,-5.71698482933207,-46.8344825878531));
#5679=CARTESIAN_POINT('Ctrl Pts',(45.1046353652388,-4.55043028429383,-46.8961580333788));
#5680=CARTESIAN_POINT('Ctrl Pts',(45.0943509139931,-4.00045303420667,-46.9064424846246));
#5681=CARTESIAN_POINT('Ctrl Pts',(44.0558129657314,-7.89766227287473,-46.7220309370294));
#5682=CARTESIAN_POINT('Ctrl Pts',(44.194802486335,-7.61599734963689,-46.796472539417));
#5683=CARTESIAN_POINT('Ctrl Pts',(44.4271502784793,-6.98604395663049,-46.9390966183235));
#5684=CARTESIAN_POINT('Ctrl Pts',(44.6757056282001,-5.43187259957449,-47.1739218004472));
#5685=CARTESIAN_POINT('Ctrl Pts',(44.7045655648636,-4.47995202097294,-47.2095892465338));
#5686=CARTESIAN_POINT('Ctrl Pts',(44.6753867025356,-4.00045303420667,-47.2279240736467));
#5687=CARTESIAN_POINT('Ctrl Pts',(43.2314978010429,-7.07334710818623,-47.3945074427111));
#5688=CARTESIAN_POINT('Ctrl Pts',(43.3846947388527,-6.79378587023421,-47.4226856633835));
#5689=CARTESIAN_POINT('Ctrl Pts',(43.6386416516237,-6.1572239377576,-47.4855801339486));
#5690=CARTESIAN_POINT('Ctrl Pts',(43.9328739120028,-5.0434411857002,-47.5258497198615));
#5691=CARTESIAN_POINT('Ctrl Pts',(43.9771215792789,-4.36640051076402,-47.5234035044337));
#5692=CARTESIAN_POINT('Ctrl Pts',(43.9435243272761,-4.00045303420667,-47.5310713952697));
#5693=CARTESIAN_POINT('Ctrl Pts',(42.5707945100419,-6.41264381718516,-47.6000020186417));
#5694=CARTESIAN_POINT('Ctrl Pts',(42.75483762276,-6.19624617302503,-47.6000020186417));
#5695=CARTESIAN_POINT('Ctrl Pts',(43.0763248301529,-5.71765192971816,-47.6000020186417));
#5696=CARTESIAN_POINT('Ctrl Pts',(43.3845259124518,-4.88233068016071,-47.6000020186417));
#5697=CARTESIAN_POINT('Ctrl Pts',(43.4344944910892,-4.29619807767115,-47.6000020186417));
#5698=CARTESIAN_POINT('Ctrl Pts',(43.4199500806559,-4.00045303420667,-47.6000020186417));
#5699=CARTESIAN_POINT('Ctrl Pts',(42.2796037270634,-6.12145303420666,-47.6000020186417));
#5700=CARTESIAN_POINT('Ctrl Pts',(42.4646958942374,-5.93636086703267,-47.6000020186417));
#5701=CARTESIAN_POINT('Ctrl Pts',(42.7861289358739,-5.51745992394822,-47.6000020186417));
#5702=CARTESIAN_POINT('Ctrl Pts',(43.0892304787949,-4.78570806825223,-47.6000020186417));
#5703=CARTESIAN_POINT('Ctrl Pts',(43.1581506928567,-4.26221288731316,-47.6000020186417));
#5704=CARTESIAN_POINT('Ctrl Pts',(43.1581506928567,-4.00045303420667,-47.6000020186417));
#5705=CARTESIAN_POINT('',(42.2796037270634,-6.12145303420666,-47.6000020186417));
#5706=CARTESIAN_POINT('Ctrl Pts',(44.5116266380401,-8.35347594518334,-45.953477963825));
#5707=CARTESIAN_POINT('Ctrl Pts',(44.3695232811241,-8.21137258826742,-46.2376846776569));
#5708=CARTESIAN_POINT('Ctrl Pts',(44.0558129657314,-7.89766227287473,-46.7220309370294));
#5709=CARTESIAN_POINT('Ctrl Pts',(43.2314978010429,-7.07334710818623,-47.3945074427111));
#5710=CARTESIAN_POINT('Ctrl Pts',(42.5707945100419,-6.41264381718516,-47.6000020186417));
#5711=CARTESIAN_POINT('Ctrl Pts',(42.2796037270634,-6.12145303420666,-47.6000020186417));
#5712=CARTESIAN_POINT('',(43.1581506928567,-4.00045303420667,-47.6000020186417));
#5713=CARTESIAN_POINT('Origin',(40.1586037270634,-4.00045303420667,-47.6000020186417));
#5714=CARTESIAN_POINT('Origin',(43.1581506928567,-4.00045303420667,-44.6000020186417));
#5715=CARTESIAN_POINT('Ctrl Pts',(44.5116266380401,-8.35347594518334,-45.953477963825));
#5716=CARTESIAN_POINT('Ctrl Pts',(44.3695232811241,-8.21137258826742,-46.2376846776569));
#5717=CARTESIAN_POINT('Ctrl Pts',(44.0558129657314,-7.89766227287473,-46.7220309370294));
#5718=CARTESIAN_POINT('Ctrl Pts',(43.2314978010429,-7.07334710818623,-47.3945074427111));
#5719=CARTESIAN_POINT('Ctrl Pts',(42.5707945100419,-6.41264381718516,-47.6000020186417));
#5720=CARTESIAN_POINT('Ctrl Pts',(42.2796037270634,-6.12145303420666,-47.6000020186417));
#5721=CARTESIAN_POINT('Ctrl Pts',(44.2274199242082,-8.49557930209926,-46.0955813207409));
#5722=CARTESIAN_POINT('Ctrl Pts',(44.087790760266,-8.35171677254438,-46.3506837037874));
#5723=CARTESIAN_POINT('Ctrl Pts',(43.7741480424936,-8.03665179347825,-46.796472539417));
#5724=CARTESIAN_POINT('Ctrl Pts',(42.9519365630909,-7.22654404599599,-47.4226856633835));
#5725=CARTESIAN_POINT('Ctrl Pts',(42.3543968658817,-6.59668692990325,-47.6000020186417));
#5726=CARTESIAN_POINT('Ctrl Pts',(42.0945115598894,-6.30654520138066,-47.6000020186417));
#5727=CARTESIAN_POINT('Ctrl Pts',(43.6126835405683,-8.7314095932981,-46.3314116119398));
#5728=CARTESIAN_POINT('Ctrl Pts',(43.4733426634107,-8.58833754522466,-46.5455926265499));
#5729=CARTESIAN_POINT('Ctrl Pts',(43.1441946494872,-8.26899958562257,-46.9390966183235));
#5730=CARTESIAN_POINT('Ctrl Pts',(42.3153746306143,-7.48049095876698,-47.4855801339486));
#5731=CARTESIAN_POINT('Ctrl Pts',(41.8758026225749,-6.91817413729618,-47.6000020186417));
#5732=CARTESIAN_POINT('Ctrl Pts',(41.675610616805,-6.6279782430172,-47.6000020186417));
#5733=CARTESIAN_POINT('Ctrl Pts',(41.9968426445136,-9.05127630677587,-46.6512783254175));
#5734=CARTESIAN_POINT('Ctrl Pts',(41.8751355221888,-8.89160023762026,-46.8344825878531));
#5735=CARTESIAN_POINT('Ctrl Pts',(41.5900232924312,-8.51755493534341,-47.1739218004472));
#5736=CARTESIAN_POINT('Ctrl Pts',(41.2015918785569,-7.77472321914608,-47.5258497198615));
#5737=CARTESIAN_POINT('Ctrl Pts',(41.0404813730174,-7.22637521959508,-47.6000020186417));
#5738=CARTESIAN_POINT('Ctrl Pts',(40.9438587611089,-6.93107978593816,-47.6000020186417));
#5739=CARTESIAN_POINT('Ctrl Pts',(40.7409325800969,-9.12132034355964,-46.7213223622013));
#5740=CARTESIAN_POINT('Ctrl Pts',(40.7085809771505,-8.94648467238211,-46.8961580333789));
#5741=CARTESIAN_POINT('Ctrl Pts',(40.6381027138297,-8.54641487200689,-47.2095892465338));
#5742=CARTESIAN_POINT('Ctrl Pts',(40.5245512036207,-7.81897088642221,-47.5234035044337));
#5743=CARTESIAN_POINT('Ctrl Pts',(40.4543487705279,-7.27634379823244,-47.6000020186417));
#5744=CARTESIAN_POINT('Ctrl Pts',(40.4203635801699,-7.,-47.6000020186417));
#5745=CARTESIAN_POINT('Ctrl Pts',(40.1586037270634,-9.12132034355964,-46.7213223622013));
#5746=CARTESIAN_POINT('Ctrl Pts',(40.1586037270634,-8.93620022113638,-46.9064424846246));
#5747=CARTESIAN_POINT('Ctrl Pts',(40.1586037270634,-8.51723600967888,-47.2279240736467));
#5748=CARTESIAN_POINT('Ctrl Pts',(40.1586037270634,-7.78537363441936,-47.5310713952698));
#5749=CARTESIAN_POINT('Ctrl Pts',(40.1586037270634,-7.26179938779915,-47.6000020186417));
#5750=CARTESIAN_POINT('Ctrl Pts',(40.1586037270634,-7.,-47.6000020186417));
#5751=CARTESIAN_POINT('',(40.1586037270634,-9.12132034355964,-46.7213223622013));
#5752=CARTESIAN_POINT('Ctrl Pts',(44.5116266380401,-8.35347594518334,-45.953477963825));
#5753=CARTESIAN_POINT('Ctrl Pts',(44.2274199242082,-8.49557930209926,-46.0955813207409));
#5754=CARTESIAN_POINT('Ctrl Pts',(43.6126835405683,-8.7314095932981,-46.3314116119398));
#5755=CARTESIAN_POINT('Ctrl Pts',(41.9968426445136,-9.05127630677587,-46.6512783254175));
#5756=CARTESIAN_POINT('Ctrl Pts',(40.7409325800969,-9.12132034355964,-46.7213223622013));
#5757=CARTESIAN_POINT('Ctrl Pts',(40.1586037270634,-9.12132034355964,-46.7213223622013));
#5758=CARTESIAN_POINT('',(40.1586037270634,-7.,-47.6000020186417));
#5759=CARTESIAN_POINT('Origin',(40.1586037270634,-7.,-44.6000020186417));
#5760=CARTESIAN_POINT('Origin',(40.1586037270634,-4.00045303420667,-47.6000020186417));
#5761=CARTESIAN_POINT('Ctrl Pts',(44.5116266380401,-8.35347594518334,-45.953477963825));
#5762=CARTESIAN_POINT('Ctrl Pts',(44.2274199242082,-8.49557930209926,-46.0955813207409));
#5763=CARTESIAN_POINT('Ctrl Pts',(43.6126835405683,-8.7314095932981,-46.3314116119398));
#5764=CARTESIAN_POINT('Ctrl Pts',(41.9968426445136,-9.05127630677587,-46.6512783254175));
#5765=CARTESIAN_POINT('Ctrl Pts',(40.7409325800969,-9.12132034355964,-46.7213223622013));
#5766=CARTESIAN_POINT('Ctrl Pts',(40.1586037270634,-9.12132034355964,-46.7213223622013));
#5767=CARTESIAN_POINT('Ctrl Pts',(44.3695232811241,-8.63768265901518,-45.8113746069091));
#5768=CARTESIAN_POINT('Ctrl Pts',(44.087790760266,-8.75068168514573,-45.9517187911861));
#5769=CARTESIAN_POINT('Ctrl Pts',(43.4733426634107,-8.94559060790823,-46.1883395638663));
#5770=CARTESIAN_POINT('Ctrl Pts',(41.8751355221888,-9.23448056921144,-46.4916022562619));
#5771=CARTESIAN_POINT('Ctrl Pts',(40.7085809771505,-9.29615601473717,-46.5464866910238));
#5772=CARTESIAN_POINT('Ctrl Pts',(40.1586037270634,-9.30644046598291,-46.5362022397781));
#5773=CARTESIAN_POINT('Ctrl Pts',(44.0558129657314,-9.12202891838768,-45.4976642915164));
#5774=CARTESIAN_POINT('Ctrl Pts',(43.7741480424936,-9.19647052077535,-45.6366538121199));
#5775=CARTESIAN_POINT('Ctrl Pts',(43.1441946494873,-9.33909459968179,-45.8690016042643));
#5776=CARTESIAN_POINT('Ctrl Pts',(41.5900232924312,-9.57391978180554,-46.1175569539851));
#5777=CARTESIAN_POINT('Ctrl Pts',(40.6381027138297,-9.60958722789212,-46.1464168906486));
#5778=CARTESIAN_POINT('Ctrl Pts',(40.1586037270634,-9.62792205500499,-46.1172380283205));
#5779=CARTESIAN_POINT('Ctrl Pts',(43.2314978010429,-9.79450542406944,-44.6733491268279));
#5780=CARTESIAN_POINT('Ctrl Pts',(42.9519365630909,-9.82268364474183,-44.8265460646377));
#5781=CARTESIAN_POINT('Ctrl Pts',(42.3153746306142,-9.88557811530693,-45.0804929774086));
#5782=CARTESIAN_POINT('Ctrl Pts',(41.201591878557,-9.92584770121986,-45.3747252377878));
#5783=CARTESIAN_POINT('Ctrl Pts',(40.5245512036207,-9.92340148579201,-45.4189729050639));
#5784=CARTESIAN_POINT('Ctrl Pts',(40.1586037270634,-9.93106937662807,-45.385375653061));
#5785=CARTESIAN_POINT('Ctrl Pts',(42.5707945100419,-10.,-44.0126458358268));
#5786=CARTESIAN_POINT('Ctrl Pts',(42.3543968658817,-10.,-44.1966889485449));
#5787=CARTESIAN_POINT('Ctrl Pts',(41.8758026225749,-10.,-44.5181761559379));
#5788=CARTESIAN_POINT('Ctrl Pts',(41.0404813730174,-10.,-44.8263772382368));
#5789=CARTESIAN_POINT('Ctrl Pts',(40.4543487705279,-10.,-44.8763458168741));
#5790=CARTESIAN_POINT('Ctrl Pts',(40.1586037270634,-10.,-44.8618014064408));
#5791=CARTESIAN_POINT('Ctrl Pts',(42.2796037270634,-10.,-43.7214550528483));
#5792=CARTESIAN_POINT('Ctrl Pts',(42.0945115598894,-10.,-43.9065472200223));
#5793=CARTESIAN_POINT('Ctrl Pts',(41.6756106168049,-10.,-44.2279802616589));
#5794=CARTESIAN_POINT('Ctrl Pts',(40.9438587611089,-10.,-44.5310818045798));
#5795=CARTESIAN_POINT('Ctrl Pts',(40.4203635801699,-10.,-44.6000020186417));
#5796=CARTESIAN_POINT('Ctrl Pts',(40.1586037270634,-10.,-44.6000020186417));
#5797=CARTESIAN_POINT('',(42.2796037270634,-10.,-43.7214550528483));
#5798=CARTESIAN_POINT('Ctrl Pts',(44.5116266380401,-8.35347594518334,-45.953477963825));
#5799=CARTESIAN_POINT('Ctrl Pts',(44.3695232811241,-8.63768265901518,-45.8113746069091));
#5800=CARTESIAN_POINT('Ctrl Pts',(44.0558129657314,-9.12202891838768,-45.4976642915164));
#5801=CARTESIAN_POINT('Ctrl Pts',(43.2314978010429,-9.79450542406944,-44.6733491268279));
#5802=CARTESIAN_POINT('Ctrl Pts',(42.5707945100419,-10.,-44.0126458358268));
#5803=CARTESIAN_POINT('Ctrl Pts',(42.2796037270634,-10.,-43.7214550528483));
#5804=CARTESIAN_POINT('',(40.1586037270634,-10.,-44.6000020186417));
#5805=CARTESIAN_POINT('Origin',(40.1586037270634,-10.,-41.6004550528483));
#5806=CARTESIAN_POINT('Origin',(40.1586037270634,-7.,-44.6000020186417));
#5807=CARTESIAN_POINT('Ctrl Pts',(-94.1361453633558,23.9987759451833,-45.953477963825));
#5808=CARTESIAN_POINT('Ctrl Pts',(-93.851938649524,24.1408793020993,-46.0955813207409));
#5809=CARTESIAN_POINT('Ctrl Pts',(-93.2372022658841,24.3767095932981,-46.3314116119398));
#5810=CARTESIAN_POINT('Ctrl Pts',(-91.6213613698294,24.6965763067759,-46.6512783254176));
#5811=CARTESIAN_POINT('Ctrl Pts',(-90.3654513054126,24.7666203435596,-46.7213223622013));
#5812=CARTESIAN_POINT('Ctrl Pts',(-89.7831224523792,24.7666203435596,-46.7213223622013));
#5813=CARTESIAN_POINT('Ctrl Pts',(-93.9940420064399,24.2829826590152,-45.8113746069091));
#5814=CARTESIAN_POINT('Ctrl Pts',(-93.7123094855818,24.3959816851457,-45.9517187911861));
#5815=CARTESIAN_POINT('Ctrl Pts',(-93.0978613887266,24.5908906079082,-46.1883395638664));
#5816=CARTESIAN_POINT('Ctrl Pts',(-91.4996542475046,24.8797805692114,-46.4916022562619));
#5817=CARTESIAN_POINT('Ctrl Pts',(-90.3330997024663,24.9414560147372,-46.5464866910238));
#5818=CARTESIAN_POINT('Ctrl Pts',(-89.7831224523792,24.9517404659829,-46.5362022397781));
#5819=CARTESIAN_POINT('Ctrl Pts',(-93.6803316910473,24.7673289183877,-45.4976642915164));
#5820=CARTESIAN_POINT('Ctrl Pts',(-93.3986667678094,24.8417705207754,-45.6366538121199));
#5821=CARTESIAN_POINT('Ctrl Pts',(-92.768713374803,24.9843945996818,-45.8690016042643));
#5822=CARTESIAN_POINT('Ctrl Pts',(-91.214542017747,25.2192197818055,-46.1175569539851));
#5823=CARTESIAN_POINT('Ctrl Pts',(-90.2626214391455,25.2548872278921,-46.1464168906486));
#5824=CARTESIAN_POINT('Ctrl Pts',(-89.7831224523792,25.273222055005,-46.1172380283206));
#5825=CARTESIAN_POINT('Ctrl Pts',(-92.8560165263587,25.4398054240694,-44.6733491268279));
#5826=CARTESIAN_POINT('Ctrl Pts',(-92.5764552884067,25.4679836447418,-44.8265460646376));
#5827=CARTESIAN_POINT('Ctrl Pts',(-91.93989335593,25.5308781153069,-45.0804929774086));
#5828=CARTESIAN_POINT('Ctrl Pts',(-90.8261106038727,25.5711477012199,-45.3747252377878));
#5829=CARTESIAN_POINT('Ctrl Pts',(-90.1490699289365,25.568701485792,-45.4189729050639));
#5830=CARTESIAN_POINT('Ctrl Pts',(-89.7831224523791,25.5763693766281,-45.385375653061));
#5831=CARTESIAN_POINT('Ctrl Pts',(-92.1953132353576,25.6453,-44.0126458358268));
#5832=CARTESIAN_POINT('Ctrl Pts',(-91.9789155911975,25.6453,-44.1966889485449));
#5833=CARTESIAN_POINT('Ctrl Pts',(-91.5003213478907,25.6453,-44.5181761559379));
#5834=CARTESIAN_POINT('Ctrl Pts',(-90.6650000983332,25.6453,-44.8263772382368));
#5835=CARTESIAN_POINT('Ctrl Pts',(-90.0788674958436,25.6453,-44.8763458168741));
#5836=CARTESIAN_POINT('Ctrl Pts',(-89.7831224523792,25.6453,-44.8618014064408));
#5837=CARTESIAN_POINT('Ctrl Pts',(-91.9041224523792,25.6453,-43.7214550528483));
#5838=CARTESIAN_POINT('Ctrl Pts',(-91.7190302852052,25.6453,-43.9065472200223));
#5839=CARTESIAN_POINT('Ctrl Pts',(-91.3001293421207,25.6453,-44.2279802616589));
#5840=CARTESIAN_POINT('Ctrl Pts',(-90.5683774864247,25.6453,-44.5310818045798));
#5841=CARTESIAN_POINT('Ctrl Pts',(-90.0448823054857,25.6453,-44.6000020186417));
#5842=CARTESIAN_POINT('Ctrl Pts',(-89.7831224523792,25.6453,-44.6000020186417));
#5843=CARTESIAN_POINT('',(-94.1361453633558,23.9987759451833,-45.953477963825));
#5844=CARTESIAN_POINT('',(-89.7831224523792,24.7666203435596,-46.7213223622013));
#5845=CARTESIAN_POINT('Ctrl Pts',(-94.1361453633558,23.9987759451833,-45.953477963825));
#5846=CARTESIAN_POINT('Ctrl Pts',(-93.851938649524,24.1408793020993,-46.0955813207409));
#5847=CARTESIAN_POINT('Ctrl Pts',(-93.2372022658841,24.3767095932981,-46.3314116119398));
#5848=CARTESIAN_POINT('Ctrl Pts',(-91.6213613698294,24.6965763067759,-46.6512783254176));
#5849=CARTESIAN_POINT('Ctrl Pts',(-90.3654513054126,24.7666203435596,-46.7213223622013));
#5850=CARTESIAN_POINT('Ctrl Pts',(-89.7831224523792,24.7666203435596,-46.7213223622013));
#5851=CARTESIAN_POINT('',(-91.9041224523792,25.6453,-43.7214550528483));
#5852=CARTESIAN_POINT('Ctrl Pts',(-94.1361453633558,23.9987759451833,-45.953477963825));
#5853=CARTESIAN_POINT('Ctrl Pts',(-93.9940420064399,24.2829826590152,-45.8113746069091));
#5854=CARTESIAN_POINT('Ctrl Pts',(-93.6803316910473,24.7673289183877,-45.4976642915164));
#5855=CARTESIAN_POINT('Ctrl Pts',(-92.8560165263587,25.4398054240694,-44.6733491268279));
#5856=CARTESIAN_POINT('Ctrl Pts',(-92.1953132353576,25.6453,-44.0126458358268));
#5857=CARTESIAN_POINT('Ctrl Pts',(-91.9041224523792,25.6453,-43.7214550528483));
#5858=CARTESIAN_POINT('',(-89.7831224523792,25.6453,-44.6000020186417));
#5859=CARTESIAN_POINT('Origin',(-89.7831224523792,25.6453,-41.6004550528483));
#5860=CARTESIAN_POINT('Origin',(-89.7831224523792,22.6453,-44.6000020186417));
#5861=CARTESIAN_POINT('Ctrl Pts',(-94.1361453633558,23.9987759451833,-45.953477963825));
#5862=CARTESIAN_POINT('Ctrl Pts',(-93.9940420064399,24.2829826590152,-45.8113746069091));
#5863=CARTESIAN_POINT('Ctrl Pts',(-93.6803316910473,24.7673289183877,-45.4976642915164));
#5864=CARTESIAN_POINT('Ctrl Pts',(-92.8560165263587,25.4398054240694,-44.6733491268279));
#5865=CARTESIAN_POINT('Ctrl Pts',(-92.1953132353576,25.6453,-44.0126458358268));
#5866=CARTESIAN_POINT('Ctrl Pts',(-91.9041224523792,25.6453,-43.7214550528483));
#5867=CARTESIAN_POINT('Ctrl Pts',(-94.2782487202717,24.1408793020993,-45.6692712499932));
#5868=CARTESIAN_POINT('Ctrl Pts',(-94.1343861907169,24.3959816851457,-45.529642086051));
#5869=CARTESIAN_POINT('Ctrl Pts',(-93.8193212116508,24.8417705207754,-45.2159993682786));
#5870=CARTESIAN_POINT('Ctrl Pts',(-93.0092134641685,25.4679836447418,-44.3937878888759));
#5871=CARTESIAN_POINT('Ctrl Pts',(-92.3793563480757,25.6453,-43.7962481916667));
#5872=CARTESIAN_POINT('Ctrl Pts',(-92.0892146195531,25.6453,-43.5363628856743));
#5873=CARTESIAN_POINT('Ctrl Pts',(-94.5140790114706,24.3767095932981,-45.0545348663533));
#5874=CARTESIAN_POINT('Ctrl Pts',(-94.3710069633972,24.5908906079082,-44.9151939891957));
#5875=CARTESIAN_POINT('Ctrl Pts',(-94.0516690037951,24.9843945996818,-44.5860459752722));
#5876=CARTESIAN_POINT('Ctrl Pts',(-93.2631603769395,25.5308781153069,-43.7572259563993));
#5877=CARTESIAN_POINT('Ctrl Pts',(-92.7008435554687,25.6453,-43.3176539483598));
#5878=CARTESIAN_POINT('Ctrl Pts',(-92.4106476611897,25.6453,-43.1174619425899));
#5879=CARTESIAN_POINT('Ctrl Pts',(-94.8339457249483,24.6965763067759,-43.4386939702985));
#5880=CARTESIAN_POINT('Ctrl Pts',(-94.6742696557927,24.8797805692114,-43.3169868479737));
#5881=CARTESIAN_POINT('Ctrl Pts',(-94.300224353516,25.2192197818056,-43.0318746182162));
#5882=CARTESIAN_POINT('Ctrl Pts',(-93.5573926373185,25.5711477012199,-42.6434432043419));
#5883=CARTESIAN_POINT('Ctrl Pts',(-93.0090446377676,25.6453,-42.4823326988024));
#5884=CARTESIAN_POINT('Ctrl Pts',(-92.7137492041107,25.6453,-42.3857100868939));
#5885=CARTESIAN_POINT('Ctrl Pts',(-94.9039897617321,24.7666203435597,-42.1827839058818));
#5886=CARTESIAN_POINT('Ctrl Pts',(-94.7291540905546,24.9414560147372,-42.1504323029355));
#5887=CARTESIAN_POINT('Ctrl Pts',(-94.3290842901794,25.2548872278921,-42.0799540396146));
#5888=CARTESIAN_POINT('Ctrl Pts',(-93.6016403045947,25.568701485792,-41.9664025294057));
#5889=CARTESIAN_POINT('Ctrl Pts',(-93.0590132164049,25.6453,-41.8962000963128));
#5890=CARTESIAN_POINT('Ctrl Pts',(-92.7826694181725,25.6453,-41.8622149059548));
#5891=CARTESIAN_POINT('Ctrl Pts',(-94.9039897617321,24.7666203435597,-41.6004550528483));
#5892=CARTESIAN_POINT('Ctrl Pts',(-94.7188696393089,24.9517404659829,-41.6004550528483));
#5893=CARTESIAN_POINT('Ctrl Pts',(-94.2999054278514,25.273222055005,-41.6004550528483));
#5894=CARTESIAN_POINT('Ctrl Pts',(-93.5680430525919,25.5763693766281,-41.6004550528483));
#5895=CARTESIAN_POINT('Ctrl Pts',(-93.0444688059717,25.6453,-41.6004550528483));
#5896=CARTESIAN_POINT('Ctrl Pts',(-92.7826694181725,25.6453,-41.6004550528483));
#5897=CARTESIAN_POINT('',(-94.9039897617321,24.7666203435597,-41.6004550528483));
#5898=CARTESIAN_POINT('Ctrl Pts',(-94.1361453633558,23.9987759451833,-45.953477963825));
#5899=CARTESIAN_POINT('Ctrl Pts',(-94.2782487202717,24.1408793020993,-45.6692712499932));
#5900=CARTESIAN_POINT('Ctrl Pts',(-94.5140790114706,24.3767095932981,-45.0545348663532));
#5901=CARTESIAN_POINT('Ctrl Pts',(-94.8339457249483,24.6965763067759,-43.4386939702986));
#5902=CARTESIAN_POINT('Ctrl Pts',(-94.9039897617321,24.7666203435596,-42.1827839058818));
#5903=CARTESIAN_POINT('Ctrl Pts',(-94.9039897617321,24.7666203435596,-41.6004550528483));
#5904=CARTESIAN_POINT('',(-92.7826694181725,25.6453,-41.6004550528483));
#5905=CARTESIAN_POINT('Origin',(-92.7826694181725,22.6453,-41.6004550528483));
#5906=CARTESIAN_POINT('Origin',(-89.7831224523792,25.6453,-41.6004550528483));
#5907=CARTESIAN_POINT('Ctrl Pts',(-94.1361453633558,23.9987759451833,-45.953477963825));
#5908=CARTESIAN_POINT('Ctrl Pts',(-94.2782487202717,24.1408793020993,-45.6692712499932));
#5909=CARTESIAN_POINT('Ctrl Pts',(-94.5140790114706,24.3767095932981,-45.0545348663532));
#5910=CARTESIAN_POINT('Ctrl Pts',(-94.8339457249483,24.6965763067759,-43.4386939702986));
#5911=CARTESIAN_POINT('Ctrl Pts',(-94.9039897617321,24.7666203435596,-42.1827839058818));
#5912=CARTESIAN_POINT('Ctrl Pts',(-94.9039897617321,24.7666203435596,-41.6004550528483));
#5913=CARTESIAN_POINT('Ctrl Pts',(-94.4203520771877,23.8566725882674,-45.8113746069091));
#5914=CARTESIAN_POINT('Ctrl Pts',(-94.5333511033182,23.9970167725444,-45.529642086051));
#5915=CARTESIAN_POINT('Ctrl Pts',(-94.7282600260807,24.2336375452247,-44.9151939891957));
#5916=CARTESIAN_POINT('Ctrl Pts',(-95.0171499873839,24.5369002376203,-43.3169868479738));
#5917=CARTESIAN_POINT('Ctrl Pts',(-95.0788254329097,24.5917846723821,-42.1504323029355));
#5918=CARTESIAN_POINT('Ctrl Pts',(-95.0891098841554,24.5815002211364,-41.6004550528483));
#5919=CARTESIAN_POINT('Ctrl Pts',(-94.9046983365602,23.5429622728747,-45.4976642915164));
#5920=CARTESIAN_POINT('Ctrl Pts',(-94.9791399389478,23.6819517934783,-45.2159993682786));
#5921=CARTESIAN_POINT('Ctrl Pts',(-95.1217640178543,23.9142995856226,-44.5860459752722));
#5922=CARTESIAN_POINT('Ctrl Pts',(-95.356589199978,24.1628549353434,-43.0318746182161));
#5923=CARTESIAN_POINT('Ctrl Pts',(-95.3922566460646,24.1917148720069,-42.0799540396146));
#5924=CARTESIAN_POINT('Ctrl Pts',(-95.4105914731775,24.1625360096789,-41.6004550528483));
#5925=CARTESIAN_POINT('Ctrl Pts',(-95.577174842242,22.7186471081862,-44.6733491268279));
#5926=CARTESIAN_POINT('Ctrl Pts',(-95.6053530629144,22.871844045996,-44.3937878888759));
#5927=CARTESIAN_POINT('Ctrl Pts',(-95.6682475334794,23.125790958767,-43.7572259563993));
#5928=CARTESIAN_POINT('Ctrl Pts',(-95.7085171193924,23.4200232191461,-42.6434432043419));
#5929=CARTESIAN_POINT('Ctrl Pts',(-95.7060709039645,23.4642708864222,-41.9664025294057));
#5930=CARTESIAN_POINT('Ctrl Pts',(-95.7137387948006,23.4306736344194,-41.6004550528483));
#5931=CARTESIAN_POINT('Ctrl Pts',(-95.7826694181725,22.0579438171852,-44.0126458358269));
#5932=CARTESIAN_POINT('Ctrl Pts',(-95.7826694181725,22.2419869299033,-43.7962481916667));
#5933=CARTESIAN_POINT('Ctrl Pts',(-95.7826694181725,22.5634741372962,-43.3176539483599));
#5934=CARTESIAN_POINT('Ctrl Pts',(-95.7826694181725,22.8716752195951,-42.4823326988024));
#5935=CARTESIAN_POINT('Ctrl Pts',(-95.7826694181725,22.9216437982325,-41.8962000963128));
#5936=CARTESIAN_POINT('Ctrl Pts',(-95.7826694181725,22.9070993877992,-41.6004550528483));
#5937=CARTESIAN_POINT('Ctrl Pts',(-95.7826694181725,21.7667530342067,-43.7214550528483));
#5938=CARTESIAN_POINT('Ctrl Pts',(-95.7826694181725,21.9518452013807,-43.5363628856744));
#5939=CARTESIAN_POINT('Ctrl Pts',(-95.7826694181725,22.2732782430172,-43.1174619425899));
#5940=CARTESIAN_POINT('Ctrl Pts',(-95.7826694181725,22.5763797859382,-42.3857100868939));
#5941=CARTESIAN_POINT('Ctrl Pts',(-95.7826694181725,22.6453,-41.8622149059548));
#5942=CARTESIAN_POINT('Ctrl Pts',(-95.7826694181725,22.6453,-41.6004550528483));
#5943=CARTESIAN_POINT('',(-95.7826694181725,21.7667530342067,-43.7214550528483));
#5944=CARTESIAN_POINT('Ctrl Pts',(-94.1361453633558,23.9987759451833,-45.953477963825));
#5945=CARTESIAN_POINT('Ctrl Pts',(-94.4203520771877,23.8566725882674,-45.8113746069091));
#5946=CARTESIAN_POINT('Ctrl Pts',(-94.9046983365602,23.5429622728747,-45.4976642915164));
#5947=CARTESIAN_POINT('Ctrl Pts',(-95.577174842242,22.7186471081862,-44.6733491268279));
#5948=CARTESIAN_POINT('Ctrl Pts',(-95.7826694181725,22.0579438171852,-44.0126458358269));
#5949=CARTESIAN_POINT('Ctrl Pts',(-95.7826694181725,21.7667530342067,-43.7214550528483));
#5950=CARTESIAN_POINT('',(-95.7826694181725,22.6453,-41.6004550528483));
#5951=CARTESIAN_POINT('Origin',(-95.7826694181725,19.6457530342067,-41.6004550528483));
#5952=CARTESIAN_POINT('Origin',(-92.7826694181725,22.6453,-41.6004550528483));
#5953=CARTESIAN_POINT('Ctrl Pts',(-94.1361453633558,23.9987759451833,-45.953477963825));
#5954=CARTESIAN_POINT('Ctrl Pts',(-94.4203520771877,23.8566725882674,-45.8113746069091));
#5955=CARTESIAN_POINT('Ctrl Pts',(-94.9046983365602,23.5429622728747,-45.4976642915164));
#5956=CARTESIAN_POINT('Ctrl Pts',(-95.577174842242,22.7186471081862,-44.6733491268279));
#5957=CARTESIAN_POINT('Ctrl Pts',(-95.7826694181725,22.0579438171852,-44.0126458358269));
#5958=CARTESIAN_POINT('Ctrl Pts',(-95.7826694181725,21.7667530342067,-43.7214550528483));
#5959=CARTESIAN_POINT('Ctrl Pts',(-94.2782487202717,23.7145692313515,-46.0955813207409));
#5960=CARTESIAN_POINT('Ctrl Pts',(-94.5333511033182,23.5749400674093,-45.9517187911861));
#5961=CARTESIAN_POINT('Ctrl Pts',(-94.9791399389478,23.2612973496369,-45.6366538121199));
#5962=CARTESIAN_POINT('Ctrl Pts',(-95.6053530629144,22.4390858702342,-44.8265460646377));
#5963=CARTESIAN_POINT('Ctrl Pts',(-95.7826694181725,21.841546173025,-44.1966889485449));
#5964=CARTESIAN_POINT('Ctrl Pts',(-95.7826694181725,21.5816608670327,-43.9065472200224));
#5965=CARTESIAN_POINT('Ctrl Pts',(-94.5140790114706,23.0998328477116,-46.3314116119398));
#5966=CARTESIAN_POINT('Ctrl Pts',(-94.7282600260807,22.960491970554,-46.1883395638663));
#5967=CARTESIAN_POINT('Ctrl Pts',(-95.1217640178543,22.6313439566305,-45.8690016042643));
#5968=CARTESIAN_POINT('Ctrl Pts',(-95.6682475334793,21.8025239377576,-45.0804929774086));
#5969=CARTESIAN_POINT('Ctrl Pts',(-95.7826694181725,21.3629519297182,-44.5181761559379));
#5970=CARTESIAN_POINT('Ctrl Pts',(-95.7826694181725,21.1627599239482,-44.2279802616589));
#5971=CARTESIAN_POINT('Ctrl Pts',(-94.8339457249484,21.4839919516569,-46.6512783254176));
#5972=CARTESIAN_POINT('Ctrl Pts',(-95.0171499873839,21.3622848293321,-46.4916022562619));
#5973=CARTESIAN_POINT('Ctrl Pts',(-95.3565891999781,21.0771725995745,-46.1175569539851));
#5974=CARTESIAN_POINT('Ctrl Pts',(-95.7085171193924,20.6887411857002,-45.3747252377878));
#5975=CARTESIAN_POINT('Ctrl Pts',(-95.7826694181725,20.5276306801607,-44.8263772382368));
#5976=CARTESIAN_POINT('Ctrl Pts',(-95.7826694181725,20.4310080682522,-44.5310818045799));
#5977=CARTESIAN_POINT('Ctrl Pts',(-94.9039897617322,20.2280818872401,-46.7213223622013));
#5978=CARTESIAN_POINT('Ctrl Pts',(-95.0788254329097,20.1957302842938,-46.5464866910238));
#5979=CARTESIAN_POINT('Ctrl Pts',(-95.3922566460646,20.1252520209729,-46.1464168906486));
#5980=CARTESIAN_POINT('Ctrl Pts',(-95.7060709039645,20.011700510764,-45.4189729050639));
#5981=CARTESIAN_POINT('Ctrl Pts',(-95.7826694181725,19.9414980776711,-44.8763458168741));
#5982=CARTESIAN_POINT('Ctrl Pts',(-95.7826694181725,19.9075128873132,-44.6000020186417));
#5983=CARTESIAN_POINT('Ctrl Pts',(-94.9039897617322,19.6457530342067,-46.7213223622013));
#5984=CARTESIAN_POINT('Ctrl Pts',(-95.0891098841554,19.6457530342067,-46.5362022397781));
#5985=CARTESIAN_POINT('Ctrl Pts',(-95.4105914731775,19.6457530342067,-46.1172380283206));
#5986=CARTESIAN_POINT('Ctrl Pts',(-95.7137387948006,19.6457530342067,-45.3853756530611));
#5987=CARTESIAN_POINT('Ctrl Pts',(-95.7826694181725,19.6457530342067,-44.8618014064408));
#5988=CARTESIAN_POINT('Ctrl Pts',(-95.7826694181725,19.6457530342067,-44.6000020186417));
#5989=CARTESIAN_POINT('',(-94.9039897617322,19.6457530342067,-46.7213223622013));
#5990=CARTESIAN_POINT('Ctrl Pts',(-94.1361453633558,23.9987759451833,-45.953477963825));
#5991=CARTESIAN_POINT('Ctrl Pts',(-94.2782487202717,23.7145692313515,-46.0955813207409));
#5992=CARTESIAN_POINT('Ctrl Pts',(-94.5140790114706,23.0998328477116,-46.3314116119398));
#5993=CARTESIAN_POINT('Ctrl Pts',(-94.8339457249484,21.4839919516569,-46.6512783254176));
#5994=CARTESIAN_POINT('Ctrl Pts',(-94.9039897617322,20.2280818872401,-46.7213223622013));
#5995=CARTESIAN_POINT('Ctrl Pts',(-94.9039897617322,19.6457530342067,-46.7213223622013));
#5996=CARTESIAN_POINT('',(-95.7826694181725,19.6457530342067,-44.6000020186417));
#5997=CARTESIAN_POINT('Origin',(-92.7826694181725,19.6457530342067,-44.6000020186417));
#5998=CARTESIAN_POINT('Origin',(-95.7826694181725,19.6457530342067,-41.6004550528483));
#5999=CARTESIAN_POINT('Ctrl Pts',(-94.1361453633558,23.9987759451833,-45.953477963825));
#6000=CARTESIAN_POINT('Ctrl Pts',(-94.2782487202717,23.7145692313515,-46.0955813207409));
#6001=CARTESIAN_POINT('Ctrl Pts',(-94.5140790114706,23.0998328477116,-46.3314116119398));
#6002=CARTESIAN_POINT('Ctrl Pts',(-94.8339457249484,21.4839919516569,-46.6512783254176));
#6003=CARTESIAN_POINT('Ctrl Pts',(-94.9039897617322,20.2280818872401,-46.7213223622013));
#6004=CARTESIAN_POINT('Ctrl Pts',(-94.9039897617322,19.6457530342067,-46.7213223622013));
#6005=CARTESIAN_POINT('Ctrl Pts',(-93.9940420064399,23.8566725882674,-46.2376846776569));
#6006=CARTESIAN_POINT('Ctrl Pts',(-94.1343861907169,23.5749400674093,-46.3506837037874));
#6007=CARTESIAN_POINT('Ctrl Pts',(-94.3710069633972,22.960491970554,-46.5455926265499));
#6008=CARTESIAN_POINT('Ctrl Pts',(-94.6742696557928,21.3622848293321,-46.8344825878531));
#6009=CARTESIAN_POINT('Ctrl Pts',(-94.7291540905547,20.1957302842938,-46.8961580333789));
#6010=CARTESIAN_POINT('Ctrl Pts',(-94.7188696393089,19.6457530342067,-46.9064424846246));
#6011=CARTESIAN_POINT('Ctrl Pts',(-93.6803316910473,23.5429622728747,-46.7220309370294));
#6012=CARTESIAN_POINT('Ctrl Pts',(-93.8193212116508,23.2612973496369,-46.796472539417));
#6013=CARTESIAN_POINT('Ctrl Pts',(-94.0516690037951,22.6313439566305,-46.9390966183235));
#6014=CARTESIAN_POINT('Ctrl Pts',(-94.3002243535159,21.0771725995745,-47.1739218004473));
#6015=CARTESIAN_POINT('Ctrl Pts',(-94.3290842901794,20.1252520209729,-47.2095892465338));
#6016=CARTESIAN_POINT('Ctrl Pts',(-94.2999054278514,19.6457530342067,-47.2279240736467));
#6017=CARTESIAN_POINT('Ctrl Pts',(-92.8560165263587,22.7186471081862,-47.3945074427111));
#6018=CARTESIAN_POINT('Ctrl Pts',(-93.0092134641684,22.4390858702342,-47.4226856633835));
#6019=CARTESIAN_POINT('Ctrl Pts',(-93.2631603769395,21.8025239377576,-47.4855801339486));
#6020=CARTESIAN_POINT('Ctrl Pts',(-93.5573926373186,20.6887411857002,-47.5258497198616));
#6021=CARTESIAN_POINT('Ctrl Pts',(-93.6016403045947,20.011700510764,-47.5234035044337));
#6022=CARTESIAN_POINT('Ctrl Pts',(-93.5680430525919,19.6457530342067,-47.5310713952697));
#6023=CARTESIAN_POINT('Ctrl Pts',(-92.1953132353576,22.0579438171852,-47.6000020186417));
#6024=CARTESIAN_POINT('Ctrl Pts',(-92.3793563480757,21.841546173025,-47.6000020186417));
#6025=CARTESIAN_POINT('Ctrl Pts',(-92.7008435554687,21.3629519297182,-47.6000020186417));
#6026=CARTESIAN_POINT('Ctrl Pts',(-93.0090446377676,20.5276306801607,-47.6000020186417));
#6027=CARTESIAN_POINT('Ctrl Pts',(-93.0590132164049,19.9414980776711,-47.6000020186417));
#6028=CARTESIAN_POINT('Ctrl Pts',(-93.0444688059717,19.6457530342067,-47.6000020186417));
#6029=CARTESIAN_POINT('Ctrl Pts',(-91.9041224523792,21.7667530342067,-47.6000020186417));
#6030=CARTESIAN_POINT('Ctrl Pts',(-92.0892146195531,21.5816608670327,-47.6000020186417));
#6031=CARTESIAN_POINT('Ctrl Pts',(-92.4106476611897,21.1627599239482,-47.6000020186417));
#6032=CARTESIAN_POINT('Ctrl Pts',(-92.7137492041106,20.4310080682522,-47.6000020186417));
#6033=CARTESIAN_POINT('Ctrl Pts',(-92.7826694181725,19.9075128873132,-47.6000020186417));
#6034=CARTESIAN_POINT('Ctrl Pts',(-92.7826694181725,19.6457530342067,-47.6000020186417));
#6035=CARTESIAN_POINT('',(-91.9041224523792,21.7667530342067,-47.6000020186417));
#6036=CARTESIAN_POINT('Ctrl Pts',(-94.1361453633558,23.9987759451833,-45.953477963825));
#6037=CARTESIAN_POINT('Ctrl Pts',(-93.9940420064399,23.8566725882674,-46.2376846776569));
#6038=CARTESIAN_POINT('Ctrl Pts',(-93.6803316910473,23.5429622728747,-46.7220309370294));
#6039=CARTESIAN_POINT('Ctrl Pts',(-92.8560165263587,22.7186471081862,-47.3945074427111));
#6040=CARTESIAN_POINT('Ctrl Pts',(-92.1953132353576,22.0579438171852,-47.6000020186417));
#6041=CARTESIAN_POINT('Ctrl Pts',(-91.9041224523792,21.7667530342067,-47.6000020186417));
#6042=CARTESIAN_POINT('',(-92.7826694181725,19.6457530342067,-47.6000020186417));
#6043=CARTESIAN_POINT('Origin',(-89.7831224523792,19.6457530342067,-47.6000020186417));
#6044=CARTESIAN_POINT('Origin',(-92.7826694181725,19.6457530342067,-44.6000020186417));
#6045=CARTESIAN_POINT('Ctrl Pts',(-94.1361453633558,-8.35347594518334,80.953768595234));
#6046=CARTESIAN_POINT('Ctrl Pts',(-94.2782487202717,-8.0692692313515,81.09587195215));
#6047=CARTESIAN_POINT('Ctrl Pts',(-94.5140790114706,-7.45453284771157,81.3317022433488));
#6048=CARTESIAN_POINT('Ctrl Pts',(-94.8339457249484,-5.83869195165687,81.6515689568266));
#6049=CARTESIAN_POINT('Ctrl Pts',(-94.9039897617321,-4.58278188724013,81.7216129936103));
#6050=CARTESIAN_POINT('Ctrl Pts',(-94.9039897617321,-4.00045303420666,81.7216129936103));
#6051=CARTESIAN_POINT('Ctrl Pts',(-93.9940420064399,-8.21137258826742,81.2379753090659));
#6052=CARTESIAN_POINT('Ctrl Pts',(-94.1343861907169,-7.9296400674093,81.3509743351964));
#6053=CARTESIAN_POINT('Ctrl Pts',(-94.3710069633972,-7.31519197055403,81.545883257959));
#6054=CARTESIAN_POINT('Ctrl Pts',(-94.6742696557928,-5.71698482933208,81.8347732192622));
#6055=CARTESIAN_POINT('Ctrl Pts',(-94.7291540905546,-4.55043028429382,81.8964486647879));
#6056=CARTESIAN_POINT('Ctrl Pts',(-94.7188696393089,-4.00045303420666,81.9067331160336));
#6057=CARTESIAN_POINT('Ctrl Pts',(-93.6803316910473,-7.89766227287473,81.7223215684384));
#6058=CARTESIAN_POINT('Ctrl Pts',(-93.8193212116508,-7.61599734963689,81.7967631708261));
#6059=CARTESIAN_POINT('Ctrl Pts',(-94.051669003795,-6.98604395663049,81.9393872497325));
#6060=CARTESIAN_POINT('Ctrl Pts',(-94.3002243535158,-5.43187259957449,82.1742124318562));
#6061=CARTESIAN_POINT('Ctrl Pts',(-94.3290842901794,-4.47995202097294,82.2098798779429));
#6062=CARTESIAN_POINT('Ctrl Pts',(-94.2999054278514,-4.00045303420666,82.2282147050557));
#6063=CARTESIAN_POINT('Ctrl Pts',(-92.8560165263587,-7.07334710818623,82.3947980741201));
#6064=CARTESIAN_POINT('Ctrl Pts',(-93.0092134641684,-6.79378587023421,82.4229762947925));
#6065=CARTESIAN_POINT('Ctrl Pts',(-93.2631603769395,-6.1572239377576,82.4858707653576));
#6066=CARTESIAN_POINT('Ctrl Pts',(-93.5573926373186,-5.0434411857002,82.5261403512706));
#6067=CARTESIAN_POINT('Ctrl Pts',(-93.6016403045947,-4.36640051076402,82.5236941358427));
#6068=CARTESIAN_POINT('Ctrl Pts',(-93.5680430525919,-4.00045303420666,82.5313620266788));
#6069=CARTESIAN_POINT('Ctrl Pts',(-92.1953132353576,-6.41264381718516,82.6002926500507));
#6070=CARTESIAN_POINT('Ctrl Pts',(-92.3793563480757,-6.19624617302502,82.6002926500507));
#6071=CARTESIAN_POINT('Ctrl Pts',(-92.7008435554687,-5.71765192971817,82.6002926500507));
#6072=CARTESIAN_POINT('Ctrl Pts',(-93.0090446377675,-4.88233068016071,82.6002926500507));
#6073=CARTESIAN_POINT('Ctrl Pts',(-93.0590132164049,-4.29619807767114,82.6002926500507));
#6074=CARTESIAN_POINT('Ctrl Pts',(-93.0444688059716,-4.00045303420666,82.6002926500507));
#6075=CARTESIAN_POINT('Ctrl Pts',(-91.9041224523791,-6.12145303420666,82.6002926500507));
#6076=CARTESIAN_POINT('Ctrl Pts',(-92.0892146195531,-5.93636086703266,82.6002926500507));
#6077=CARTESIAN_POINT('Ctrl Pts',(-92.4106476611897,-5.51745992394822,82.6002926500507));
#6078=CARTESIAN_POINT('Ctrl Pts',(-92.7137492041106,-4.78570806825222,82.6002926500507));
#6079=CARTESIAN_POINT('Ctrl Pts',(-92.7826694181725,-4.26221288731316,82.6002926500507));
#6080=CARTESIAN_POINT('Ctrl Pts',(-92.7826694181725,-4.00045303420666,82.6002926500507));
#6081=CARTESIAN_POINT('',(-94.1361453633558,-8.35347594518334,80.953768595234));
#6082=CARTESIAN_POINT('',(-94.9039897617321,-4.00045303420666,81.7216129936103));
#6083=CARTESIAN_POINT('Ctrl Pts',(-94.1361453633558,-8.35347594518334,80.953768595234));
#6084=CARTESIAN_POINT('Ctrl Pts',(-94.2782487202717,-8.0692692313515,81.09587195215));
#6085=CARTESIAN_POINT('Ctrl Pts',(-94.5140790114706,-7.45453284771157,81.3317022433488));
#6086=CARTESIAN_POINT('Ctrl Pts',(-94.8339457249484,-5.83869195165687,81.6515689568266));
#6087=CARTESIAN_POINT('Ctrl Pts',(-94.9039897617321,-4.58278188724013,81.7216129936103));
#6088=CARTESIAN_POINT('Ctrl Pts',(-94.9039897617321,-4.00045303420666,81.7216129936103));
#6089=CARTESIAN_POINT('',(-91.9041224523791,-6.12145303420666,82.6002926500507));
#6090=CARTESIAN_POINT('Ctrl Pts',(-94.1361453633558,-8.35347594518334,80.953768595234));
#6091=CARTESIAN_POINT('Ctrl Pts',(-93.9940420064399,-8.21137258826742,81.2379753090659));
#6092=CARTESIAN_POINT('Ctrl Pts',(-93.6803316910473,-7.89766227287473,81.7223215684384));
#6093=CARTESIAN_POINT('Ctrl Pts',(-92.8560165263587,-7.07334710818623,82.3947980741201));
#6094=CARTESIAN_POINT('Ctrl Pts',(-92.1953132353576,-6.41264381718516,82.6002926500507));
#6095=CARTESIAN_POINT('Ctrl Pts',(-91.9041224523791,-6.12145303420666,82.6002926500507));
#6096=CARTESIAN_POINT('',(-92.7826694181725,-4.00045303420666,82.6002926500507));
#6097=CARTESIAN_POINT('Origin',(-89.7831224523791,-4.00045303420666,82.6002926500507));
#6098=CARTESIAN_POINT('Origin',(-92.7826694181725,-4.00045303420666,79.6002926500507));
#6099=CARTESIAN_POINT('Ctrl Pts',(-94.1361453633558,-8.35347594518334,80.953768595234));
#6100=CARTESIAN_POINT('Ctrl Pts',(-93.9940420064399,-8.21137258826742,81.2379753090659));
#6101=CARTESIAN_POINT('Ctrl Pts',(-93.6803316910473,-7.89766227287473,81.7223215684384));
#6102=CARTESIAN_POINT('Ctrl Pts',(-92.8560165263587,-7.07334710818623,82.3947980741201));
#6103=CARTESIAN_POINT('Ctrl Pts',(-92.1953132353576,-6.41264381718516,82.6002926500507));
#6104=CARTESIAN_POINT('Ctrl Pts',(-91.9041224523791,-6.12145303420666,82.6002926500507));
#6105=CARTESIAN_POINT('Ctrl Pts',(-93.851938649524,-8.49557930209926,81.09587195215));
#6106=CARTESIAN_POINT('Ctrl Pts',(-93.7123094855818,-8.35171677254438,81.3509743351964));
#6107=CARTESIAN_POINT('Ctrl Pts',(-93.3986667678094,-8.03665179347825,81.7967631708261));
#6108=CARTESIAN_POINT('Ctrl Pts',(-92.5764552884066,-7.22654404599599,82.4229762947925));
#6109=CARTESIAN_POINT('Ctrl Pts',(-91.9789155911975,-6.59668692990325,82.6002926500507));
#6110=CARTESIAN_POINT('Ctrl Pts',(-91.7190302852051,-6.30654520138066,82.6002926500507));
#6111=CARTESIAN_POINT('Ctrl Pts',(-93.2372022658841,-8.7314095932981,81.3317022433488));
#6112=CARTESIAN_POINT('Ctrl Pts',(-93.0978613887265,-8.58833754522466,81.5458832579589));
#6113=CARTESIAN_POINT('Ctrl Pts',(-92.768713374803,-8.26899958562258,81.9393872497324));
#6114=CARTESIAN_POINT('Ctrl Pts',(-91.93989335593,-7.48049095876698,82.4858707653577));
#6115=CARTESIAN_POINT('Ctrl Pts',(-91.5003213478907,-6.91817413729618,82.6002926500507));
#6116=CARTESIAN_POINT('Ctrl Pts',(-91.3001293421207,-6.6279782430172,82.6002926500507));
#6117=CARTESIAN_POINT('Ctrl Pts',(-91.6213613698293,-9.05127630677587,81.6515689568266));
#6118=CARTESIAN_POINT('Ctrl Pts',(-91.4996542475045,-8.89160023762026,81.8347732192621));
#6119=CARTESIAN_POINT('Ctrl Pts',(-91.214542017747,-8.51755493534342,82.1742124318563));
#6120=CARTESIAN_POINT('Ctrl Pts',(-90.8261106038727,-7.77472321914607,82.5261403512705));
#6121=CARTESIAN_POINT('Ctrl Pts',(-90.6650000983332,-7.22637521959508,82.6002926500507));
#6122=CARTESIAN_POINT('Ctrl Pts',(-90.5683774864247,-6.93107978593816,82.6002926500507));
#6123=CARTESIAN_POINT('Ctrl Pts',(-90.3654513054126,-9.12132034355964,81.7216129936103));
#6124=CARTESIAN_POINT('Ctrl Pts',(-90.3330997024663,-8.94648467238211,81.8964486647879));
#6125=CARTESIAN_POINT('Ctrl Pts',(-90.2626214391455,-8.5464148720069,82.2098798779428));
#6126=CARTESIAN_POINT('Ctrl Pts',(-90.1490699289365,-7.81897088642221,82.5236941358427));
#6127=CARTESIAN_POINT('Ctrl Pts',(-90.0788674958436,-7.27634379823243,82.6002926500507));
#6128=CARTESIAN_POINT('Ctrl Pts',(-90.0448823054856,-7.,82.6002926500507));
#6129=CARTESIAN_POINT('Ctrl Pts',(-89.7831224523791,-9.12132034355964,81.7216129936103));
#6130=CARTESIAN_POINT('Ctrl Pts',(-89.7831224523791,-8.93620022113637,81.9067331160336));
#6131=CARTESIAN_POINT('Ctrl Pts',(-89.7831224523792,-8.51723600967888,82.2282147050557));
#6132=CARTESIAN_POINT('Ctrl Pts',(-89.7831224523791,-7.78537363441936,82.5313620266787));
#6133=CARTESIAN_POINT('Ctrl Pts',(-89.7831224523791,-7.26179938779915,82.6002926500507));
#6134=CARTESIAN_POINT('Ctrl Pts',(-89.7831224523791,-7.,82.6002926500507));
#6135=CARTESIAN_POINT('',(-89.7831224523791,-9.12132034355964,81.7216129936103));
#6136=CARTESIAN_POINT('Ctrl Pts',(-94.1361453633558,-8.35347594518334,80.953768595234));
#6137=CARTESIAN_POINT('Ctrl Pts',(-93.851938649524,-8.49557930209926,81.09587195215));
#6138=CARTESIAN_POINT('Ctrl Pts',(-93.2372022658841,-8.7314095932981,81.3317022433488));
#6139=CARTESIAN_POINT('Ctrl Pts',(-91.6213613698293,-9.05127630677587,81.6515689568266));
#6140=CARTESIAN_POINT('Ctrl Pts',(-90.3654513054126,-9.12132034355964,81.7216129936103));
#6141=CARTESIAN_POINT('Ctrl Pts',(-89.7831224523791,-9.12132034355964,81.7216129936103));
#6142=CARTESIAN_POINT('',(-89.7831224523791,-7.,82.6002926500507));
#6143=CARTESIAN_POINT('Origin',(-89.7831224523791,-7.,79.6002926500507));
#6144=CARTESIAN_POINT('Origin',(-89.7831224523791,-4.00045303420666,82.6002926500507));
#6145=CARTESIAN_POINT('Ctrl Pts',(-94.1361453633558,-8.35347594518334,80.953768595234));
#6146=CARTESIAN_POINT('Ctrl Pts',(-93.851938649524,-8.49557930209926,81.09587195215));
#6147=CARTESIAN_POINT('Ctrl Pts',(-93.2372022658841,-8.7314095932981,81.3317022433488));
#6148=CARTESIAN_POINT('Ctrl Pts',(-91.6213613698293,-9.05127630677587,81.6515689568266));
#6149=CARTESIAN_POINT('Ctrl Pts',(-90.3654513054126,-9.12132034355964,81.7216129936103));
#6150=CARTESIAN_POINT('Ctrl Pts',(-89.7831224523791,-9.12132034355964,81.7216129936103));
#6151=CARTESIAN_POINT('Ctrl Pts',(-93.9940420064399,-8.63768265901518,80.8116652383181));
#6152=CARTESIAN_POINT('Ctrl Pts',(-93.7123094855818,-8.75068168514573,80.9520094225951));
#6153=CARTESIAN_POINT('Ctrl Pts',(-93.0978613887265,-8.94559060790823,81.1886301952754));
#6154=CARTESIAN_POINT('Ctrl Pts',(-91.4996542475045,-9.23448056921144,81.491892887671));
#6155=CARTESIAN_POINT('Ctrl Pts',(-90.3330997024663,-9.29615601473717,81.5467773224328));
#6156=CARTESIAN_POINT('Ctrl Pts',(-89.7831224523791,-9.30644046598291,81.5364928711871));
#6157=CARTESIAN_POINT('Ctrl Pts',(-93.6803316910472,-9.12202891838768,80.4979549229254));
#6158=CARTESIAN_POINT('Ctrl Pts',(-93.3986667678094,-9.19647052077535,80.6369444435289));
#6159=CARTESIAN_POINT('Ctrl Pts',(-92.768713374803,-9.3390945996818,80.8692922356733));
#6160=CARTESIAN_POINT('Ctrl Pts',(-91.214542017747,-9.57391978180554,81.1178475853941));
#6161=CARTESIAN_POINT('Ctrl Pts',(-90.2626214391454,-9.60958722789212,81.1467075220576));
#6162=CARTESIAN_POINT('Ctrl Pts',(-89.7831224523791,-9.62792205500499,81.1175286597296));
#6163=CARTESIAN_POINT('Ctrl Pts',(-92.8560165263587,-9.79450542406944,79.673639758237));
#6164=CARTESIAN_POINT('Ctrl Pts',(-92.5764552884067,-9.82268364474183,79.8268366960467));
#6165=CARTESIAN_POINT('Ctrl Pts',(-91.9398933559301,-9.88557811530693,80.0807836088177));
#6166=CARTESIAN_POINT('Ctrl Pts',(-90.8261106038726,-9.92584770121986,80.3750158691967));
#6167=CARTESIAN_POINT('Ctrl Pts',(-90.1490699289365,-9.92340148579201,80.4192635364729));
#6168=CARTESIAN_POINT('Ctrl Pts',(-89.7831224523792,-9.93106937662807,80.3856662844701));
#6169=CARTESIAN_POINT('Ctrl Pts',(-92.1953132353576,-10.,79.0129364672359));
#6170=CARTESIAN_POINT('Ctrl Pts',(-91.9789155911975,-10.,79.196979579954));
#6171=CARTESIAN_POINT('Ctrl Pts',(-91.5003213478906,-10.,79.5184667873469));
#6172=CARTESIAN_POINT('Ctrl Pts',(-90.6650000983332,-10.,79.8266678696458));
#6173=CARTESIAN_POINT('Ctrl Pts',(-90.0788674958436,-10.,79.8766364482832));
#6174=CARTESIAN_POINT('Ctrl Pts',(-89.7831224523791,-10.,79.8620920378499));
#6175=CARTESIAN_POINT('Ctrl Pts',(-91.9041224523792,-10.,78.7217456842574));
#6176=CARTESIAN_POINT('Ctrl Pts',(-91.7190302852052,-10.,78.9068378514314));
#6177=CARTESIAN_POINT('Ctrl Pts',(-91.3001293421207,-10.,79.2282708930679));
#6178=CARTESIAN_POINT('Ctrl Pts',(-90.5683774864247,-10.,79.5313724359889));
#6179=CARTESIAN_POINT('Ctrl Pts',(-90.0448823054856,-10.,79.6002926500507));
#6180=CARTESIAN_POINT('Ctrl Pts',(-89.7831224523791,-10.,79.6002926500507));
#6181=CARTESIAN_POINT('',(-91.9041224523792,-10.,78.7217456842574));
#6182=CARTESIAN_POINT('Ctrl Pts',(-94.1361453633558,-8.35347594518334,80.953768595234));
#6183=CARTESIAN_POINT('Ctrl Pts',(-93.9940420064399,-8.63768265901518,80.8116652383181));
#6184=CARTESIAN_POINT('Ctrl Pts',(-93.6803316910472,-9.12202891838768,80.4979549229254));
#6185=CARTESIAN_POINT('Ctrl Pts',(-92.8560165263587,-9.79450542406944,79.673639758237));
#6186=CARTESIAN_POINT('Ctrl Pts',(-92.1953132353576,-10.,79.0129364672359));
#6187=CARTESIAN_POINT('Ctrl Pts',(-91.9041224523792,-10.,78.7217456842574));
#6188=CARTESIAN_POINT('',(-89.7831224523791,-10.,79.6002926500507));
#6189=CARTESIAN_POINT('Origin',(-89.7831224523791,-10.,76.6007456842574));
#6190=CARTESIAN_POINT('Origin',(-89.7831224523791,-7.,79.6002926500507));
#6191=CARTESIAN_POINT('Ctrl Pts',(-94.1361453633558,-8.35347594518334,80.953768595234));
#6192=CARTESIAN_POINT('Ctrl Pts',(-93.9940420064399,-8.63768265901518,80.8116652383181));
#6193=CARTESIAN_POINT('Ctrl Pts',(-93.6803316910472,-9.12202891838768,80.4979549229254));
#6194=CARTESIAN_POINT('Ctrl Pts',(-92.8560165263587,-9.79450542406944,79.673639758237));
#6195=CARTESIAN_POINT('Ctrl Pts',(-92.1953132353576,-10.,79.0129364672359));
#6196=CARTESIAN_POINT('Ctrl Pts',(-91.9041224523792,-10.,78.7217456842574));
#6197=CARTESIAN_POINT('Ctrl Pts',(-94.2782487202717,-8.49557930209926,80.6695618814022));
#6198=CARTESIAN_POINT('Ctrl Pts',(-94.1343861907169,-8.75068168514573,80.52993271746));
#6199=CARTESIAN_POINT('Ctrl Pts',(-93.8193212116507,-9.19647052077535,80.2162899996876));
#6200=CARTESIAN_POINT('Ctrl Pts',(-93.0092134641685,-9.82268364474183,79.3940785202849));
#6201=CARTESIAN_POINT('Ctrl Pts',(-92.3793563480757,-10.,78.7965388230757));
#6202=CARTESIAN_POINT('Ctrl Pts',(-92.0892146195531,-10.,78.5366535170834));
#6203=CARTESIAN_POINT('Ctrl Pts',(-94.5140790114706,-8.7314095932981,80.0548254977623));
#6204=CARTESIAN_POINT('Ctrl Pts',(-94.3710069633971,-8.94559060790823,79.9154846206047));
#6205=CARTESIAN_POINT('Ctrl Pts',(-94.0516690037951,-9.3390945996818,79.5863366066811));
#6206=CARTESIAN_POINT('Ctrl Pts',(-93.2631603769395,-9.88557811530693,78.7575165878083));
#6207=CARTESIAN_POINT('Ctrl Pts',(-92.7008435554686,-10.,78.3179445797689));
#6208=CARTESIAN_POINT('Ctrl Pts',(-92.4106476611896,-10.,78.1177525739989));
#6209=CARTESIAN_POINT('Ctrl Pts',(-94.8339457249484,-9.05127630677587,78.4389846017075));
#6210=CARTESIAN_POINT('Ctrl Pts',(-94.6742696557928,-9.23448056921144,78.3172774793828));
#6211=CARTESIAN_POINT('Ctrl Pts',(-94.3002243535159,-9.57391978180554,78.0321652496252));
#6212=CARTESIAN_POINT('Ctrl Pts',(-93.5573926373185,-9.92584770121986,77.6437338357509));
#6213=CARTESIAN_POINT('Ctrl Pts',(-93.0090446377676,-10.,77.4826233302114));
#6214=CARTESIAN_POINT('Ctrl Pts',(-92.7137492041107,-10.,77.3860007183029));
#6215=CARTESIAN_POINT('Ctrl Pts',(-94.9039897617321,-9.12132034355964,77.1830745372908));
#6216=CARTESIAN_POINT('Ctrl Pts',(-94.7291540905546,-9.29615601473717,77.1507229343445));
#6217=CARTESIAN_POINT('Ctrl Pts',(-94.3290842901794,-9.60958722789212,77.0802446710236));
#6218=CARTESIAN_POINT('Ctrl Pts',(-93.6016403045947,-9.92340148579201,76.9666931608147));
#6219=CARTESIAN_POINT('Ctrl Pts',(-93.0590132164049,-10.,76.8964907277218));
#6220=CARTESIAN_POINT('Ctrl Pts',(-92.7826694181725,-10.,76.8625055373639));
#6221=CARTESIAN_POINT('Ctrl Pts',(-94.9039897617321,-9.12132034355964,76.6007456842574));
#6222=CARTESIAN_POINT('Ctrl Pts',(-94.7188696393089,-9.30644046598291,76.6007456842574));
#6223=CARTESIAN_POINT('Ctrl Pts',(-94.2999054278514,-9.62792205500499,76.6007456842574));
#6224=CARTESIAN_POINT('Ctrl Pts',(-93.5680430525919,-9.93106937662807,76.6007456842574));
#6225=CARTESIAN_POINT('Ctrl Pts',(-93.0444688059716,-10.,76.6007456842574));
#6226=CARTESIAN_POINT('Ctrl Pts',(-92.7826694181725,-10.,76.6007456842574));
#6227=CARTESIAN_POINT('',(-94.9039897617321,-9.12132034355964,76.6007456842574));
#6228=CARTESIAN_POINT('Ctrl Pts',(-94.1361453633558,-8.35347594518334,80.953768595234));
#6229=CARTESIAN_POINT('Ctrl Pts',(-94.2782487202717,-8.49557930209926,80.6695618814022));
#6230=CARTESIAN_POINT('Ctrl Pts',(-94.5140790114706,-8.7314095932981,80.0548254977623));
#6231=CARTESIAN_POINT('Ctrl Pts',(-94.8339457249484,-9.05127630677587,78.4389846017075));
#6232=CARTESIAN_POINT('Ctrl Pts',(-94.9039897617321,-9.12132034355964,77.1830745372908));
#6233=CARTESIAN_POINT('Ctrl Pts',(-94.9039897617321,-9.12132034355964,76.6007456842574));
#6234=CARTESIAN_POINT('',(-92.7826694181725,-10.,76.6007456842574));
#6235=CARTESIAN_POINT('Origin',(-92.7826694181725,-7.,76.6007456842574));
#6236=CARTESIAN_POINT('Origin',(-89.7831224523791,-10.,76.6007456842574));
#6237=CARTESIAN_POINT('Ctrl Pts',(-94.1361453633558,-8.35347594518334,80.953768595234));
#6238=CARTESIAN_POINT('Ctrl Pts',(-94.2782487202717,-8.49557930209926,80.6695618814022));
#6239=CARTESIAN_POINT('Ctrl Pts',(-94.5140790114706,-8.7314095932981,80.0548254977623));
#6240=CARTESIAN_POINT('Ctrl Pts',(-94.8339457249484,-9.05127630677587,78.4389846017075));
#6241=CARTESIAN_POINT('Ctrl Pts',(-94.9039897617321,-9.12132034355964,77.1830745372908));
#6242=CARTESIAN_POINT('Ctrl Pts',(-94.9039897617321,-9.12132034355964,76.6007456842574));
#6243=CARTESIAN_POINT('Ctrl Pts',(-94.4203520771877,-8.21137258826742,80.8116652383181));
#6244=CARTESIAN_POINT('Ctrl Pts',(-94.5333511033182,-8.35171677254438,80.52993271746));
#6245=CARTESIAN_POINT('Ctrl Pts',(-94.7282600260807,-8.58833754522466,79.9154846206047));
#6246=CARTESIAN_POINT('Ctrl Pts',(-95.0171499873839,-8.89160023762026,78.3172774793828));
#6247=CARTESIAN_POINT('Ctrl Pts',(-95.0788254329097,-8.94648467238211,77.1507229343445));
#6248=CARTESIAN_POINT('Ctrl Pts',(-95.0891098841554,-8.93620022113638,76.6007456842574));
#6249=CARTESIAN_POINT('Ctrl Pts',(-94.9046983365602,-7.89766227287473,80.4979549229254));
#6250=CARTESIAN_POINT('Ctrl Pts',(-94.9791399389478,-8.03665179347825,80.2162899996876));
#6251=CARTESIAN_POINT('Ctrl Pts',(-95.1217640178542,-8.26899958562258,79.5863366066812));
#6252=CARTESIAN_POINT('Ctrl Pts',(-95.356589199978,-8.51755493534342,78.0321652496251));
#6253=CARTESIAN_POINT('Ctrl Pts',(-95.3922566460646,-8.5464148720069,77.0802446710236));
#6254=CARTESIAN_POINT('Ctrl Pts',(-95.4105914731775,-8.51723600967888,76.6007456842573));
#6255=CARTESIAN_POINT('Ctrl Pts',(-95.5771748422419,-7.07334710818623,79.6736397582369));
#6256=CARTESIAN_POINT('Ctrl Pts',(-95.6053530629143,-7.22654404599599,79.3940785202849));
#6257=CARTESIAN_POINT('Ctrl Pts',(-95.6682475334794,-7.48049095876698,78.7575165878083));
#6258=CARTESIAN_POINT('Ctrl Pts',(-95.7085171193923,-7.77472321914607,77.6437338357509));
#6259=CARTESIAN_POINT('Ctrl Pts',(-95.7060709039645,-7.81897088642221,76.9666931608147));
#6260=CARTESIAN_POINT('Ctrl Pts',(-95.7137387948005,-7.78537363441936,76.6007456842574));
#6261=CARTESIAN_POINT('Ctrl Pts',(-95.7826694181725,-6.41264381718516,79.0129364672359));
#6262=CARTESIAN_POINT('Ctrl Pts',(-95.7826694181725,-6.59668692990325,78.7965388230757));
#6263=CARTESIAN_POINT('Ctrl Pts',(-95.7826694181725,-6.91817413729618,78.3179445797688));
#6264=CARTESIAN_POINT('Ctrl Pts',(-95.7826694181725,-7.22637521959508,77.4826233302114));
#6265=CARTESIAN_POINT('Ctrl Pts',(-95.7826694181725,-7.27634379823243,76.8964907277219));
#6266=CARTESIAN_POINT('Ctrl Pts',(-95.7826694181725,-7.26179938779915,76.6007456842574));
#6267=CARTESIAN_POINT('Ctrl Pts',(-95.7826694181725,-6.12145303420666,78.7217456842574));
#6268=CARTESIAN_POINT('Ctrl Pts',(-95.7826694181725,-6.30654520138066,78.5366535170834));
#6269=CARTESIAN_POINT('Ctrl Pts',(-95.7826694181725,-6.6279782430172,78.1177525739989));
#6270=CARTESIAN_POINT('Ctrl Pts',(-95.7826694181725,-6.93107978593816,77.3860007183029));
#6271=CARTESIAN_POINT('Ctrl Pts',(-95.7826694181725,-7.,76.8625055373639));
#6272=CARTESIAN_POINT('Ctrl Pts',(-95.7826694181725,-7.,76.6007456842574));
#6273=CARTESIAN_POINT('',(-95.7826694181725,-6.12145303420666,78.7217456842574));
#6274=CARTESIAN_POINT('Ctrl Pts',(-94.1361453633558,-8.35347594518334,80.953768595234));
#6275=CARTESIAN_POINT('Ctrl Pts',(-94.4203520771877,-8.21137258826742,80.8116652383181));
#6276=CARTESIAN_POINT('Ctrl Pts',(-94.9046983365602,-7.89766227287473,80.4979549229254));
#6277=CARTESIAN_POINT('Ctrl Pts',(-95.5771748422419,-7.07334710818623,79.6736397582369));
#6278=CARTESIAN_POINT('Ctrl Pts',(-95.7826694181725,-6.41264381718516,79.0129364672359));
#6279=CARTESIAN_POINT('Ctrl Pts',(-95.7826694181725,-6.12145303420666,78.7217456842574));
#6280=CARTESIAN_POINT('',(-95.7826694181725,-7.,76.6007456842574));
#6281=CARTESIAN_POINT('Origin',(-95.7826694181725,-4.00045303420666,76.6007456842574));
#6282=CARTESIAN_POINT('Origin',(-92.7826694181725,-7.,76.6007456842574));
#6283=CARTESIAN_POINT('Ctrl Pts',(-94.1361453633559,-8.35347594518334,-45.953477963825));
#6284=CARTESIAN_POINT('Ctrl Pts',(-93.851938649524,-8.49557930209926,-46.095581320741));
#6285=CARTESIAN_POINT('Ctrl Pts',(-93.2372022658841,-8.73140959329811,-46.3314116119398));
#6286=CARTESIAN_POINT('Ctrl Pts',(-91.6213613698294,-9.05127630677588,-46.6512783254176));
#6287=CARTESIAN_POINT('Ctrl Pts',(-90.3654513054126,-9.12132034355965,-46.7213223622013));
#6288=CARTESIAN_POINT('Ctrl Pts',(-89.7831224523792,-9.12132034355965,-46.7213223622013));
#6289=CARTESIAN_POINT('Ctrl Pts',(-93.9940420064399,-8.21137258826742,-46.2376846776569));
#6290=CARTESIAN_POINT('Ctrl Pts',(-93.7123094855818,-8.35171677254439,-46.3506837037874));
#6291=CARTESIAN_POINT('Ctrl Pts',(-93.0978613887266,-8.58833754522467,-46.5455926265499));
#6292=CARTESIAN_POINT('Ctrl Pts',(-91.4996542475046,-8.89160023762027,-46.8344825878531));
#6293=CARTESIAN_POINT('Ctrl Pts',(-90.3330997024663,-8.94648467238212,-46.8961580333789));
#6294=CARTESIAN_POINT('Ctrl Pts',(-89.7831224523792,-8.93620022113638,-46.9064424846246));
#6295=CARTESIAN_POINT('Ctrl Pts',(-93.6803316910472,-7.89766227287473,-46.7220309370294));
#6296=CARTESIAN_POINT('Ctrl Pts',(-93.3986667678094,-8.03665179347825,-46.7964725394171));
#6297=CARTESIAN_POINT('Ctrl Pts',(-92.768713374803,-8.26899958562258,-46.9390966183235));
#6298=CARTESIAN_POINT('Ctrl Pts',(-91.214542017747,-8.51755493534343,-47.1739218004472));
#6299=CARTESIAN_POINT('Ctrl Pts',(-90.2626214391455,-8.5464148720069,-47.2095892465338));
#6300=CARTESIAN_POINT('Ctrl Pts',(-89.7831224523792,-8.51723600967888,-47.2279240736467));
#6301=CARTESIAN_POINT('Ctrl Pts',(-92.8560165263587,-7.07334710818623,-47.3945074427111));
#6302=CARTESIAN_POINT('Ctrl Pts',(-92.5764552884067,-7.226544045996,-47.4226856633835));
#6303=CARTESIAN_POINT('Ctrl Pts',(-91.9398933559301,-7.48049095876698,-47.4855801339486));
#6304=CARTESIAN_POINT('Ctrl Pts',(-90.8261106038727,-7.77472321914609,-47.5258497198616));
#6305=CARTESIAN_POINT('Ctrl Pts',(-90.1490699289365,-7.81897088642222,-47.5234035044337));
#6306=CARTESIAN_POINT('Ctrl Pts',(-89.7831224523791,-7.78537363441937,-47.5310713952697));
#6307=CARTESIAN_POINT('Ctrl Pts',(-92.1953132353576,-6.41264381718517,-47.6000020186417));
#6308=CARTESIAN_POINT('Ctrl Pts',(-91.9789155911975,-6.59668692990325,-47.6000020186417));
#6309=CARTESIAN_POINT('Ctrl Pts',(-91.5003213478907,-6.91817413729619,-47.6000020186417));
#6310=CARTESIAN_POINT('Ctrl Pts',(-90.6650000983332,-7.22637521959509,-47.6000020186417));
#6311=CARTESIAN_POINT('Ctrl Pts',(-90.0788674958436,-7.27634379823244,-47.6000020186417));
#6312=CARTESIAN_POINT('Ctrl Pts',(-89.7831224523792,-7.26179938779916,-47.6000020186417));
#6313=CARTESIAN_POINT('Ctrl Pts',(-91.9041224523792,-6.12145303420667,-47.6000020186417));
#6314=CARTESIAN_POINT('Ctrl Pts',(-91.7190302852052,-6.30654520138067,-47.6000020186417));
#6315=CARTESIAN_POINT('Ctrl Pts',(-91.3001293421207,-6.62797824301721,-47.6000020186417));
#6316=CARTESIAN_POINT('Ctrl Pts',(-90.5683774864247,-6.93107978593817,-47.6000020186417));
#6317=CARTESIAN_POINT('Ctrl Pts',(-90.0448823054857,-7.00000000000001,-47.6000020186417));
#6318=CARTESIAN_POINT('Ctrl Pts',(-89.7831224523792,-7.00000000000001,-47.6000020186417));
#6319=CARTESIAN_POINT('',(-94.1361453633559,-8.35347594518334,-45.953477963825));
#6320=CARTESIAN_POINT('',(-89.7831224523792,-9.12132034355965,-46.7213223622013));
#6321=CARTESIAN_POINT('Ctrl Pts',(-94.1361453633559,-8.35347594518334,-45.953477963825));
#6322=CARTESIAN_POINT('Ctrl Pts',(-93.851938649524,-8.49557930209926,-46.095581320741));
#6323=CARTESIAN_POINT('Ctrl Pts',(-93.2372022658841,-8.73140959329811,-46.3314116119398));
#6324=CARTESIAN_POINT('Ctrl Pts',(-91.6213613698294,-9.05127630677588,-46.6512783254176));
#6325=CARTESIAN_POINT('Ctrl Pts',(-90.3654513054126,-9.12132034355965,-46.7213223622013));
#6326=CARTESIAN_POINT('Ctrl Pts',(-89.7831224523792,-9.12132034355965,-46.7213223622013));
#6327=CARTESIAN_POINT('',(-91.9041224523792,-6.12145303420667,-47.6000020186417));
#6328=CARTESIAN_POINT('Ctrl Pts',(-94.1361453633559,-8.35347594518334,-45.953477963825));
#6329=CARTESIAN_POINT('Ctrl Pts',(-93.9940420064399,-8.21137258826742,-46.2376846776569));
#6330=CARTESIAN_POINT('Ctrl Pts',(-93.6803316910472,-7.89766227287473,-46.7220309370294));
#6331=CARTESIAN_POINT('Ctrl Pts',(-92.8560165263587,-7.07334710818623,-47.3945074427111));
#6332=CARTESIAN_POINT('Ctrl Pts',(-92.1953132353576,-6.41264381718517,-47.6000020186417));
#6333=CARTESIAN_POINT('Ctrl Pts',(-91.9041224523792,-6.12145303420667,-47.6000020186417));
#6334=CARTESIAN_POINT('',(-89.7831224523792,-7.,-47.6000020186417));
#6335=CARTESIAN_POINT('Origin',(-89.7831224523792,-4.00045303420666,-47.6000020186417));
#6336=CARTESIAN_POINT('Origin',(-89.7831224523792,-7.,-44.6000020186417));
#6337=CARTESIAN_POINT('Ctrl Pts',(-94.1361453633559,-8.35347594518334,-45.953477963825));
#6338=CARTESIAN_POINT('Ctrl Pts',(-93.9940420064399,-8.21137258826742,-46.2376846776569));
#6339=CARTESIAN_POINT('Ctrl Pts',(-93.6803316910472,-7.89766227287473,-46.7220309370294));
#6340=CARTESIAN_POINT('Ctrl Pts',(-92.8560165263587,-7.07334710818623,-47.3945074427111));
#6341=CARTESIAN_POINT('Ctrl Pts',(-92.1953132353576,-6.41264381718517,-47.6000020186417));
#6342=CARTESIAN_POINT('Ctrl Pts',(-91.9041224523792,-6.12145303420667,-47.6000020186417));
#6343=CARTESIAN_POINT('Ctrl Pts',(-94.2782487202718,-8.0692692313515,-46.095581320741));
#6344=CARTESIAN_POINT('Ctrl Pts',(-94.1343861907169,-7.92964006740931,-46.3506837037874));
#6345=CARTESIAN_POINT('Ctrl Pts',(-93.8193212116508,-7.61599734963689,-46.796472539417));
#6346=CARTESIAN_POINT('Ctrl Pts',(-93.0092134641685,-6.79378587023422,-47.4226856633835));
#6347=CARTESIAN_POINT('Ctrl Pts',(-92.3793563480757,-6.19624617302503,-47.6000020186417));
#6348=CARTESIAN_POINT('Ctrl Pts',(-92.0892146195531,-5.93636086703267,-47.6000020186417));
#6349=CARTESIAN_POINT('Ctrl Pts',(-94.5140790114706,-7.45453284771157,-46.3314116119398));
#6350=CARTESIAN_POINT('Ctrl Pts',(-94.3710069633972,-7.31519197055403,-46.5455926265499));
#6351=CARTESIAN_POINT('Ctrl Pts',(-94.0516690037951,-6.98604395663049,-46.9390966183235));
#6352=CARTESIAN_POINT('Ctrl Pts',(-93.2631603769395,-6.15722393775761,-47.4855801339486));
#6353=CARTESIAN_POINT('Ctrl Pts',(-92.7008435554687,-5.71765192971817,-47.6000020186417));
#6354=CARTESIAN_POINT('Ctrl Pts',(-92.4106476611897,-5.51745992394822,-47.6000020186417));
#6355=CARTESIAN_POINT('Ctrl Pts',(-94.8339457249483,-5.83869195165686,-46.6512783254176));
#6356=CARTESIAN_POINT('Ctrl Pts',(-94.6742696557927,-5.71698482933207,-46.8344825878531));
#6357=CARTESIAN_POINT('Ctrl Pts',(-94.300224353516,-5.43187259957449,-47.1739218004473));
#6358=CARTESIAN_POINT('Ctrl Pts',(-93.5573926373185,-5.0434411857002,-47.5258497198615));
#6359=CARTESIAN_POINT('Ctrl Pts',(-93.0090446377676,-4.88233068016071,-47.6000020186417));
#6360=CARTESIAN_POINT('Ctrl Pts',(-92.7137492041107,-4.78570806825223,-47.6000020186417));
#6361=CARTESIAN_POINT('Ctrl Pts',(-94.9039897617321,-4.58278188724013,-46.7213223622013));
#6362=CARTESIAN_POINT('Ctrl Pts',(-94.7291540905546,-4.55043028429383,-46.8961580333789));
#6363=CARTESIAN_POINT('Ctrl Pts',(-94.3290842901794,-4.47995202097294,-47.2095892465338));
#6364=CARTESIAN_POINT('Ctrl Pts',(-93.6016403045947,-4.36640051076402,-47.5234035044337));
#6365=CARTESIAN_POINT('Ctrl Pts',(-93.0590132164049,-4.29619807767114,-47.6000020186417));
#6366=CARTESIAN_POINT('Ctrl Pts',(-92.7826694181725,-4.26221288731316,-47.6000020186417));
#6367=CARTESIAN_POINT('Ctrl Pts',(-94.9039897617321,-4.00045303420666,-46.7213223622013));
#6368=CARTESIAN_POINT('Ctrl Pts',(-94.7188696393089,-4.00045303420666,-46.9064424846246));
#6369=CARTESIAN_POINT('Ctrl Pts',(-94.2999054278514,-4.00045303420666,-47.2279240736467));
#6370=CARTESIAN_POINT('Ctrl Pts',(-93.5680430525919,-4.00045303420667,-47.5310713952697));
#6371=CARTESIAN_POINT('Ctrl Pts',(-93.0444688059717,-4.00045303420666,-47.6000020186417));
#6372=CARTESIAN_POINT('Ctrl Pts',(-92.7826694181725,-4.00045303420666,-47.6000020186417));
#6373=CARTESIAN_POINT('',(-94.9039897617321,-4.00045303420666,-46.7213223622013));
#6374=CARTESIAN_POINT('Ctrl Pts',(-94.1361453633559,-8.35347594518334,-45.953477963825));
#6375=CARTESIAN_POINT('Ctrl Pts',(-94.2782487202718,-8.0692692313515,-46.095581320741));
#6376=CARTESIAN_POINT('Ctrl Pts',(-94.5140790114706,-7.45453284771157,-46.3314116119398));
#6377=CARTESIAN_POINT('Ctrl Pts',(-94.8339457249484,-5.83869195165686,-46.6512783254176));
#6378=CARTESIAN_POINT('Ctrl Pts',(-94.9039897617321,-4.58278188724013,-46.7213223622013));
#6379=CARTESIAN_POINT('Ctrl Pts',(-94.9039897617321,-4.00045303420666,-46.7213223622013));
#6380=CARTESIAN_POINT('',(-92.7826694181725,-4.00045303420666,-47.6000020186417));
#6381=CARTESIAN_POINT('Origin',(-92.7826694181725,-4.00045303420666,-44.6000020186417));
#6382=CARTESIAN_POINT('Origin',(-89.7831224523792,-4.00045303420666,-47.6000020186417));
#6383=CARTESIAN_POINT('Ctrl Pts',(-94.1361453633559,-8.35347594518334,-45.953477963825));
#6384=CARTESIAN_POINT('Ctrl Pts',(-94.2782487202718,-8.0692692313515,-46.095581320741));
#6385=CARTESIAN_POINT('Ctrl Pts',(-94.5140790114706,-7.45453284771157,-46.3314116119398));
#6386=CARTESIAN_POINT('Ctrl Pts',(-94.8339457249484,-5.83869195165686,-46.6512783254176));
#6387=CARTESIAN_POINT('Ctrl Pts',(-94.9039897617321,-4.58278188724013,-46.7213223622013));
#6388=CARTESIAN_POINT('Ctrl Pts',(-94.9039897617321,-4.00045303420666,-46.7213223622013));
#6389=CARTESIAN_POINT('Ctrl Pts',(-94.4203520771877,-8.21137258826742,-45.8113746069091));
#6390=CARTESIAN_POINT('Ctrl Pts',(-94.5333511033182,-7.92964006740931,-45.9517187911861));
#6391=CARTESIAN_POINT('Ctrl Pts',(-94.7282600260807,-7.31519197055403,-46.1883395638663));
#6392=CARTESIAN_POINT('Ctrl Pts',(-95.017149987384,-5.71698482933207,-46.4916022562619));
#6393=CARTESIAN_POINT('Ctrl Pts',(-95.0788254329097,-4.55043028429382,-46.5464866910238));
#6394=CARTESIAN_POINT('Ctrl Pts',(-95.0891098841554,-4.00045303420666,-46.5362022397781));
#6395=CARTESIAN_POINT('Ctrl Pts',(-94.9046983365602,-7.89766227287473,-45.4976642915164));
#6396=CARTESIAN_POINT('Ctrl Pts',(-94.9791399389478,-7.61599734963689,-45.6366538121199));
#6397=CARTESIAN_POINT('Ctrl Pts',(-95.1217640178543,-6.98604395663049,-45.8690016042643));
#6398=CARTESIAN_POINT('Ctrl Pts',(-95.3565891999781,-5.43187259957449,-46.1175569539851));
#6399=CARTESIAN_POINT('Ctrl Pts',(-95.3922566460646,-4.47995202097294,-46.1464168906486));
#6400=CARTESIAN_POINT('Ctrl Pts',(-95.4105914731775,-4.00045303420666,-46.1172380283206));
#6401=CARTESIAN_POINT('Ctrl Pts',(-95.577174842242,-7.07334710818623,-44.6733491268279));
#6402=CARTESIAN_POINT('Ctrl Pts',(-95.6053530629144,-6.79378587023421,-44.8265460646377));
#6403=CARTESIAN_POINT('Ctrl Pts',(-95.6682475334794,-6.15722393775761,-45.0804929774086));
#6404=CARTESIAN_POINT('Ctrl Pts',(-95.7085171193924,-5.0434411857002,-45.3747252377878));
#6405=CARTESIAN_POINT('Ctrl Pts',(-95.7060709039645,-4.36640051076402,-45.4189729050639));
#6406=CARTESIAN_POINT('Ctrl Pts',(-95.7137387948006,-4.00045303420667,-45.3853756530611));
#6407=CARTESIAN_POINT('Ctrl Pts',(-95.7826694181725,-6.41264381718517,-44.0126458358269));
#6408=CARTESIAN_POINT('Ctrl Pts',(-95.7826694181725,-6.19624617302503,-44.1966889485449));
#6409=CARTESIAN_POINT('Ctrl Pts',(-95.7826694181725,-5.71765192971817,-44.5181761559379));
#6410=CARTESIAN_POINT('Ctrl Pts',(-95.7826694181725,-4.88233068016071,-44.8263772382368));
#6411=CARTESIAN_POINT('Ctrl Pts',(-95.7826694181725,-4.29619807767114,-44.8763458168741));
#6412=CARTESIAN_POINT('Ctrl Pts',(-95.7826694181725,-4.00045303420666,-44.8618014064408));
#6413=CARTESIAN_POINT('Ctrl Pts',(-95.7826694181725,-6.12145303420666,-43.7214550528484));
#6414=CARTESIAN_POINT('Ctrl Pts',(-95.7826694181725,-5.93636086703267,-43.9065472200224));
#6415=CARTESIAN_POINT('Ctrl Pts',(-95.7826694181725,-5.51745992394822,-44.2279802616589));
#6416=CARTESIAN_POINT('Ctrl Pts',(-95.7826694181725,-4.78570806825222,-44.5310818045798));
#6417=CARTESIAN_POINT('Ctrl Pts',(-95.7826694181725,-4.26221288731316,-44.6000020186417));
#6418=CARTESIAN_POINT('Ctrl Pts',(-95.7826694181725,-4.00045303420666,-44.6000020186417));
#6419=CARTESIAN_POINT('',(-95.7826694181725,-6.12145303420666,-43.7214550528484));
#6420=CARTESIAN_POINT('Ctrl Pts',(-94.1361453633559,-8.35347594518334,-45.953477963825));
#6421=CARTESIAN_POINT('Ctrl Pts',(-94.4203520771877,-8.21137258826742,-45.8113746069091));
#6422=CARTESIAN_POINT('Ctrl Pts',(-94.9046983365602,-7.89766227287473,-45.4976642915164));
#6423=CARTESIAN_POINT('Ctrl Pts',(-95.577174842242,-7.07334710818623,-44.6733491268279));
#6424=CARTESIAN_POINT('Ctrl Pts',(-95.7826694181725,-6.41264381718517,-44.0126458358269));
#6425=CARTESIAN_POINT('Ctrl Pts',(-95.7826694181725,-6.12145303420666,-43.7214550528484));
#6426=CARTESIAN_POINT('',(-95.7826694181725,-4.00045303420666,-44.6000020186417));
#6427=CARTESIAN_POINT('Origin',(-95.7826694181725,-4.00045303420666,-41.6004550528484));
#6428=CARTESIAN_POINT('Origin',(-92.7826694181725,-4.00045303420666,-44.6000020186417));
#6429=CARTESIAN_POINT('Ctrl Pts',(-94.1361453633559,-8.35347594518334,-45.953477963825));
#6430=CARTESIAN_POINT('Ctrl Pts',(-94.4203520771877,-8.21137258826742,-45.8113746069091));
#6431=CARTESIAN_POINT('Ctrl Pts',(-94.9046983365602,-7.89766227287473,-45.4976642915164));
#6432=CARTESIAN_POINT('Ctrl Pts',(-95.577174842242,-7.07334710818623,-44.6733491268279));
#6433=CARTESIAN_POINT('Ctrl Pts',(-95.7826694181725,-6.41264381718517,-44.0126458358269));
#6434=CARTESIAN_POINT('Ctrl Pts',(-95.7826694181725,-6.12145303420666,-43.7214550528484));
#6435=CARTESIAN_POINT('Ctrl Pts',(-94.2782487202718,-8.49557930209926,-45.6692712499932));
#6436=CARTESIAN_POINT('Ctrl Pts',(-94.5333511033182,-8.35171677254439,-45.529642086051));
#6437=CARTESIAN_POINT('Ctrl Pts',(-94.9791399389478,-8.03665179347825,-45.2159993682786));
#6438=CARTESIAN_POINT('Ctrl Pts',(-95.6053530629144,-7.22654404599599,-44.3937878888759));
#6439=CARTESIAN_POINT('Ctrl Pts',(-95.7826694181725,-6.59668692990325,-43.7962481916667));
#6440=CARTESIAN_POINT('Ctrl Pts',(-95.7826694181725,-6.30654520138066,-43.5363628856744));
#6441=CARTESIAN_POINT('Ctrl Pts',(-94.5140790114706,-8.7314095932981,-45.0545348663533));
#6442=CARTESIAN_POINT('Ctrl Pts',(-94.7282600260807,-8.58833754522466,-44.9151939891957));
#6443=CARTESIAN_POINT('Ctrl Pts',(-95.1217640178543,-8.26899958562258,-44.5860459752721));
#6444=CARTESIAN_POINT('Ctrl Pts',(-95.6682475334793,-7.48049095876698,-43.7572259563993));
#6445=CARTESIAN_POINT('Ctrl Pts',(-95.7826694181725,-6.91817413729618,-43.3176539483599));
#6446=CARTESIAN_POINT('Ctrl Pts',(-95.7826694181725,-6.6279782430172,-43.1174619425899));
#6447=CARTESIAN_POINT('Ctrl Pts',(-94.8339457249484,-9.05127630677587,-43.4386939702986));
#6448=CARTESIAN_POINT('Ctrl Pts',(-95.0171499873839,-8.89160023762026,-43.3169868479738));
#6449=CARTESIAN_POINT('Ctrl Pts',(-95.356589199978,-8.51755493534342,-43.0318746182162));
#6450=CARTESIAN_POINT('Ctrl Pts',(-95.7085171193924,-7.77472321914607,-42.6434432043419));
#6451=CARTESIAN_POINT('Ctrl Pts',(-95.7826694181725,-7.22637521959508,-42.4823326988024));
#6452=CARTESIAN_POINT('Ctrl Pts',(-95.7826694181725,-6.93107978593816,-42.3857100868939));
#6453=CARTESIAN_POINT('Ctrl Pts',(-94.9039897617322,-9.12132034355965,-42.1827839058818));
#6454=CARTESIAN_POINT('Ctrl Pts',(-95.0788254329097,-8.94648467238212,-42.1504323029355));
#6455=CARTESIAN_POINT('Ctrl Pts',(-95.3922566460646,-8.5464148720069,-42.0799540396146));
#6456=CARTESIAN_POINT('Ctrl Pts',(-95.7060709039645,-7.81897088642221,-41.9664025294057));
#6457=CARTESIAN_POINT('Ctrl Pts',(-95.7826694181725,-7.27634379823244,-41.8962000963128));
#6458=CARTESIAN_POINT('Ctrl Pts',(-95.7826694181725,-7.,-41.8622149059549));
#6459=CARTESIAN_POINT('Ctrl Pts',(-94.9039897617322,-9.12132034355965,-41.6004550528484));
#6460=CARTESIAN_POINT('Ctrl Pts',(-95.0891098841554,-8.93620022113638,-41.6004550528484));
#6461=CARTESIAN_POINT('Ctrl Pts',(-95.4105914731774,-8.51723600967888,-41.6004550528484));
#6462=CARTESIAN_POINT('Ctrl Pts',(-95.7137387948006,-7.78537363441936,-41.6004550528484));
#6463=CARTESIAN_POINT('Ctrl Pts',(-95.7826694181725,-7.26179938779915,-41.6004550528484));
#6464=CARTESIAN_POINT('Ctrl Pts',(-95.7826694181725,-7.,-41.6004550528484));
#6465=CARTESIAN_POINT('',(-94.9039897617322,-9.12132034355965,-41.6004550528484));
#6466=CARTESIAN_POINT('Ctrl Pts',(-94.1361453633559,-8.35347594518334,-45.953477963825));
#6467=CARTESIAN_POINT('Ctrl Pts',(-94.2782487202718,-8.49557930209926,-45.6692712499932));
#6468=CARTESIAN_POINT('Ctrl Pts',(-94.5140790114706,-8.7314095932981,-45.0545348663533));
#6469=CARTESIAN_POINT('Ctrl Pts',(-94.8339457249484,-9.05127630677587,-43.4386939702986));
#6470=CARTESIAN_POINT('Ctrl Pts',(-94.9039897617322,-9.12132034355965,-42.1827839058818));
#6471=CARTESIAN_POINT('Ctrl Pts',(-94.9039897617322,-9.12132034355965,-41.6004550528484));
#6472=CARTESIAN_POINT('',(-95.7826694181725,-7.,-41.6004550528484));
#6473=CARTESIAN_POINT('Origin',(-92.7826694181725,-7.,-41.6004550528484));
#6474=CARTESIAN_POINT('Origin',(-95.7826694181725,-4.00045303420666,-41.6004550528484));
#6475=CARTESIAN_POINT('Ctrl Pts',(-94.1361453633559,-8.35347594518334,-45.953477963825));
#6476=CARTESIAN_POINT('Ctrl Pts',(-94.2782487202718,-8.49557930209926,-45.6692712499932));
#6477=CARTESIAN_POINT('Ctrl Pts',(-94.5140790114706,-8.7314095932981,-45.0545348663533));
#6478=CARTESIAN_POINT('Ctrl Pts',(-94.8339457249484,-9.05127630677587,-43.4386939702986));
#6479=CARTESIAN_POINT('Ctrl Pts',(-94.9039897617322,-9.12132034355965,-42.1827839058818));
#6480=CARTESIAN_POINT('Ctrl Pts',(-94.9039897617322,-9.12132034355965,-41.6004550528484));
#6481=CARTESIAN_POINT('Ctrl Pts',(-93.9940420064399,-8.63768265901518,-45.8113746069091));
#6482=CARTESIAN_POINT('Ctrl Pts',(-94.1343861907169,-8.75068168514573,-45.529642086051));
#6483=CARTESIAN_POINT('Ctrl Pts',(-94.3710069633972,-8.94559060790824,-44.9151939891957));
#6484=CARTESIAN_POINT('Ctrl Pts',(-94.6742696557928,-9.23448056921144,-43.3169868479738));
#6485=CARTESIAN_POINT('Ctrl Pts',(-94.7291540905547,-9.29615601473717,-42.1504323029355));
#6486=CARTESIAN_POINT('Ctrl Pts',(-94.7188696393089,-9.30644046598291,-41.6004550528484));
#6487=CARTESIAN_POINT('Ctrl Pts',(-93.6803316910473,-9.12202891838769,-45.4976642915164));
#6488=CARTESIAN_POINT('Ctrl Pts',(-93.8193212116508,-9.19647052077536,-45.2159993682786));
#6489=CARTESIAN_POINT('Ctrl Pts',(-94.0516690037951,-9.3390945996818,-44.5860459752722));
#6490=CARTESIAN_POINT('Ctrl Pts',(-94.3002243535159,-9.57391978180554,-43.0318746182162));
#6491=CARTESIAN_POINT('Ctrl Pts',(-94.3290842901794,-9.60958722789212,-42.0799540396146));
#6492=CARTESIAN_POINT('Ctrl Pts',(-94.2999054278513,-9.62792205500499,-41.6004550528484));
#6493=CARTESIAN_POINT('Ctrl Pts',(-92.8560165263587,-9.79450542406944,-44.6733491268279));
#6494=CARTESIAN_POINT('Ctrl Pts',(-93.0092134641685,-9.82268364474183,-44.3937878888759));
#6495=CARTESIAN_POINT('Ctrl Pts',(-93.2631603769394,-9.88557811530693,-43.7572259563993));
#6496=CARTESIAN_POINT('Ctrl Pts',(-93.5573926373185,-9.92584770121986,-42.6434432043419));
#6497=CARTESIAN_POINT('Ctrl Pts',(-93.6016403045947,-9.92340148579201,-41.9664025294057));
#6498=CARTESIAN_POINT('Ctrl Pts',(-93.5680430525919,-9.93106937662807,-41.6004550528483));
#6499=CARTESIAN_POINT('Ctrl Pts',(-92.1953132353576,-10.,-44.0126458358268));
#6500=CARTESIAN_POINT('Ctrl Pts',(-92.3793563480757,-10.,-43.7962481916667));
#6501=CARTESIAN_POINT('Ctrl Pts',(-92.7008435554687,-10.,-43.3176539483598));
#6502=CARTESIAN_POINT('Ctrl Pts',(-93.0090446377676,-10.,-42.4823326988024));
#6503=CARTESIAN_POINT('Ctrl Pts',(-93.0590132164049,-10.,-41.8962000963128));
#6504=CARTESIAN_POINT('Ctrl Pts',(-93.0444688059716,-10.,-41.6004550528484));
#6505=CARTESIAN_POINT('Ctrl Pts',(-91.9041224523792,-10.,-43.7214550528483));
#6506=CARTESIAN_POINT('Ctrl Pts',(-92.0892146195531,-10.,-43.5363628856744));
#6507=CARTESIAN_POINT('Ctrl Pts',(-92.4106476611897,-10.,-43.1174619425899));
#6508=CARTESIAN_POINT('Ctrl Pts',(-92.7137492041106,-10.,-42.3857100868939));
#6509=CARTESIAN_POINT('Ctrl Pts',(-92.7826694181725,-10.,-41.8622149059549));
#6510=CARTESIAN_POINT('Ctrl Pts',(-92.7826694181725,-10.,-41.6004550528484));
#6511=CARTESIAN_POINT('',(-91.9041224523792,-10.,-43.7214550528483));
#6512=CARTESIAN_POINT('Ctrl Pts',(-94.1361453633559,-8.35347594518334,-45.953477963825));
#6513=CARTESIAN_POINT('Ctrl Pts',(-93.9940420064399,-8.63768265901518,-45.8113746069091));
#6514=CARTESIAN_POINT('Ctrl Pts',(-93.6803316910473,-9.12202891838769,-45.4976642915164));
#6515=CARTESIAN_POINT('Ctrl Pts',(-92.8560165263587,-9.79450542406944,-44.6733491268279));
#6516=CARTESIAN_POINT('Ctrl Pts',(-92.1953132353576,-10.,-44.0126458358268));
#6517=CARTESIAN_POINT('Ctrl Pts',(-91.9041224523792,-10.,-43.7214550528483));
#6518=CARTESIAN_POINT('',(-92.7826694181725,-10.,-41.6004550528484));
#6519=CARTESIAN_POINT('Origin',(-89.7831224523792,-10.,-41.6004550528484));
#6520=CARTESIAN_POINT('Origin',(-92.7826694181725,-7.,-41.6004550528484));
#6521=CARTESIAN_POINT('Origin',(-35.8384588938968,-0.395440665555785,-44.6000020186417));
#6522=CARTESIAN_POINT('',(24.1057516303789,1.96623606076077,-46.4499974349535));
#6523=CARTESIAN_POINT('',(24.1057516303789,2.60455933444422,-44.6000020186417));
#6524=CARTESIAN_POINT('Origin',(24.1057516303789,-0.395440665555785,-44.6000020186417));
#6525=CARTESIAN_POINT('',(40.0082099127639,2.60455933444422,-44.6000020186417));
#6526=CARTESIAN_POINT('',(-35.8384588938968,2.60455933444422,-44.6000020186417));
#6527=CARTESIAN_POINT('',(43.0082099127639,-0.395440665555785,-47.6000020186417));
#6528=CARTESIAN_POINT('Ctrl Pts',(43.0082099127639,-0.395440665555784,-47.6000020186417));
#6529=CARTESIAN_POINT('Ctrl Pts',(43.0079530311614,-0.392871849531051,-47.6000020186417));
#6530=CARTESIAN_POINT('Ctrl Pts',(43.007692915945,-0.390303361515578,-47.5999987192333));
#6531=CARTESIAN_POINT('Ctrl Pts',(42.9815470625464,-0.135327746318196,-47.5993438158567));
#6532=CARTESIAN_POINT('Ctrl Pts',(42.9249011980356,0.109984653195358,-47.5668872524174));
#6533=CARTESIAN_POINT('Ctrl Pts',(42.7337167438156,0.657662950173231,-47.4277729128326));
#6534=CARTESIAN_POINT('Ctrl Pts',(42.5816586087483,0.942615732671858,-47.3012185110079));
#6535=CARTESIAN_POINT('Ctrl Pts',(42.1422840496517,1.567024866596,-46.9115626438992));
#6536=CARTESIAN_POINT('Ctrl Pts',(41.8113213001307,1.88327473341647,-46.6000515933521));
#6537=CARTESIAN_POINT('Ctrl Pts',(40.9740532375382,2.42425919506695,-45.7653535904132));
#6538=CARTESIAN_POINT('Ctrl Pts',(40.5388326816048,2.54080616647318,-45.3023192309941));
#6539=CARTESIAN_POINT('Ctrl Pts',(40.1497226328684,2.59833950512291,-44.8343020929564));
#6540=CARTESIAN_POINT('Ctrl Pts',(40.0695526903876,2.60257647572008,-44.727840406985));
#6541=CARTESIAN_POINT('Ctrl Pts',(40.0235121968969,2.6042424990295,-44.6461203642708));
#6542=CARTESIAN_POINT('Ctrl Pts',(40.0147218741742,2.60445626537816,-44.6287254864535));
#6543=CARTESIAN_POINT('Ctrl Pts',(40.0092174513295,2.6045481586335,-44.6095130578877));
#6544=CARTESIAN_POINT('Ctrl Pts',(40.0082099127639,2.60455933444422,-44.6044954562845));
#6545=CARTESIAN_POINT('Ctrl Pts',(40.0082099127639,2.60455933444422,-44.6000020186417));
#6546=CARTESIAN_POINT('',(24.1057516303789,-0.395440665555785,-47.6000020186417));
#6547=CARTESIAN_POINT('',(-35.8384588938968,-0.395440665555785,-47.6000020186417));
#6548=CARTESIAN_POINT('Origin',(24.1057516303789,-0.395440665555785,-44.6000020186417));
#6549=CARTESIAN_POINT('Origin',(-35.8384588938968,-0.395440665555785,-44.6000020186417));
#6550=CARTESIAN_POINT('',(22.9570451972446,-0.375596664083314,-47.5999363871913));
#6551=CARTESIAN_POINT('Ctrl Pts',(24.1057516303789,1.96623247016812,-46.4500020186417));
#6552=CARTESIAN_POINT('Ctrl Pts',(24.1057516303789,1.96469150301862,-46.4519691865984));
#6553=CARTESIAN_POINT('Ctrl Pts',(24.1052441238468,1.96296270880466,-46.4541701259996));
#6554=CARTESIAN_POINT('Ctrl Pts',(24.1037198654286,1.95901511506356,-46.4591829349098));
#6555=CARTESIAN_POINT('Ctrl Pts',(24.1022684997075,1.95637390655894,-46.4625225237735));
#6556=CARTESIAN_POINT('Ctrl Pts',(24.0971784066285,1.94803318114656,-46.4730270609602));
#6557=CARTESIAN_POINT('Ctrl Pts',(24.0920084683219,1.94125706044959,-46.4814713780921));
#6558=CARTESIAN_POINT('Ctrl Pts',(24.0732443682484,1.91790172487253,-46.5102977448837));
#6559=CARTESIAN_POINT('Ctrl Pts',(24.0517447923756,1.89442348856597,-46.5386675121396));
#6560=CARTESIAN_POINT('Ctrl Pts',(24.0087957009107,1.84843911971689,-46.5914081908689));
#6561=CARTESIAN_POINT('Ctrl Pts',(23.992045402649,1.83065190491275,-46.6112735161592));
#6562=CARTESIAN_POINT('Ctrl Pts',(23.8415185129925,1.66971387653707,-46.7862709842259));
#6563=CARTESIAN_POINT('Ctrl Pts',(23.6353215162578,1.44256545755548,-47.0005567936514));
#6564=CARTESIAN_POINT('Ctrl Pts',(23.3336142895345,0.942810079609118,-47.2926738452986));
#6565=CARTESIAN_POINT('Ctrl Pts',(23.2387647718892,0.751914993164763,-47.3803102226492));
#6566=CARTESIAN_POINT('Ctrl Pts',(23.1211194463104,0.441142022403027,-47.4831580371606));
#6567=CARTESIAN_POINT('Ctrl Pts',(23.0857654107277,0.331776583016521,-47.5127900884211));
#6568=CARTESIAN_POINT('Ctrl Pts',(23.0049149758382,0.0265627811251429,-47.5767006659364));
#6569=CARTESIAN_POINT('Ctrl Pts',(22.970934705714,-0.172706678375122,-47.5985943081054));
#6570=CARTESIAN_POINT('Ctrl Pts',(22.9570451972446,-0.375596664083295,-47.5999363871913));
#6571=CARTESIAN_POINT('',(22.9583387641103,-0.395440665555784,-47.6000020186417));
#6572=CARTESIAN_POINT('',(-35.8384588938968,-0.395440665555785,-47.6000020186417));
#6573=CARTESIAN_POINT('Ctrl Pts',(22.9583387641103,-0.395440665555783,-47.6000020186417));
#6574=CARTESIAN_POINT('Ctrl Pts',(22.9579290949391,-0.388823911528053,-47.6000020186417));
#6575=CARTESIAN_POINT('Ctrl Pts',(22.9574984602547,-0.382208337937592,-47.5999810895806));
#6576=CARTESIAN_POINT('Ctrl Pts',(22.9570467403071,-0.375596664083312,-47.5999390160266));
#6577=CARTESIAN_POINT('Ctrl Pts',(22.9583387641103,-0.3955716155544,-47.6000020186417));
#6578=CARTESIAN_POINT('Ctrl Pts',(22.9583387641103,7.00226899843866,-47.6000020186417));
#6579=CARTESIAN_POINT('Ctrl Pts',(22.9583387641103,14.4001096124317,-47.6000020186417));
#6580=CARTESIAN_POINT('Ctrl Pts',(22.9583387641103,21.7979502264248,-47.6000020186417));
#6581=CARTESIAN_POINT('Ctrl Pts',(22.9486581355583,-0.3955716155544,-47.6000020186417));
#6582=CARTESIAN_POINT('Ctrl Pts',(22.9486581355583,7.00226899843865,-47.6000020186417));
#6583=CARTESIAN_POINT('Ctrl Pts',(22.9486581355583,14.4001096124317,-47.6000020186417));
#6584=CARTESIAN_POINT('Ctrl Pts',(22.9486581355583,21.7979502264248,-47.6000020186417));
#6585=CARTESIAN_POINT('Ctrl Pts',(22.9117458250681,-0.3955716155544,-47.5813056923712));
#6586=CARTESIAN_POINT('Ctrl Pts',(22.9117458250681,7.00226899843866,-47.5813056923712));
#6587=CARTESIAN_POINT('Ctrl Pts',(22.9117458250681,14.4001096124317,-47.5813056923712));
#6588=CARTESIAN_POINT('Ctrl Pts',(22.9117458250681,21.7979502264248,-47.5813056923712));
#6589=CARTESIAN_POINT('Ctrl Pts',(22.7782501627356,-0.3955716155544,-47.4717595905499));
#6590=CARTESIAN_POINT('Ctrl Pts',(22.7782501627356,7.00226899843865,-47.4717595905499));
#6591=CARTESIAN_POINT('Ctrl Pts',(22.7782501627356,14.4001096124317,-47.4717595905499));
#6592=CARTESIAN_POINT('Ctrl Pts',(22.7782501627356,21.7979502264248,-47.4717595905499));
#6593=CARTESIAN_POINT('Ctrl Pts',(22.6415688563015,-0.3955716155544,-47.3489813982397));
#6594=CARTESIAN_POINT('Ctrl Pts',(22.6415688563015,7.00226899843866,-47.3489813982397));
#6595=CARTESIAN_POINT('Ctrl Pts',(22.6415688563015,14.4001096124317,-47.3489813982397));
#6596=CARTESIAN_POINT('Ctrl Pts',(22.6415688563015,21.7979502264248,-47.3489813982397));
#6597=CARTESIAN_POINT('Ctrl Pts',(22.4526398839312,-0.3955716155544,-47.1711385424991));
#6598=CARTESIAN_POINT('Ctrl Pts',(22.4526398839312,7.00226899843866,-47.1711385424991));
#6599=CARTESIAN_POINT('Ctrl Pts',(22.4526398839312,14.4001096124317,-47.1711385424991));
#6600=CARTESIAN_POINT('Ctrl Pts',(22.4526398839312,21.7979502264248,-47.1711385424991));
#6601=CARTESIAN_POINT('Ctrl Pts',(22.2105812732441,-0.3955716155544,-46.9291341095822));
#6602=CARTESIAN_POINT('Ctrl Pts',(22.2105812732441,7.00226899843866,-46.9291341095822));
#6603=CARTESIAN_POINT('Ctrl Pts',(22.2105812732441,14.4001096124317,-46.9291341095822));
#6604=CARTESIAN_POINT('Ctrl Pts',(22.2105812732441,21.7979502264248,-46.9291341095822));
#6605=CARTESIAN_POINT('Ctrl Pts',(21.953271910266,-0.3955716155544,-46.6523470048231));
#6606=CARTESIAN_POINT('Ctrl Pts',(21.953271910266,7.00226899843866,-46.6523470048231));
#6607=CARTESIAN_POINT('Ctrl Pts',(21.953271910266,14.4001096124317,-46.6523470048231));
#6608=CARTESIAN_POINT('Ctrl Pts',(21.953271910266,21.7979502264248,-46.6523470048231));
#6609=CARTESIAN_POINT('Ctrl Pts',(21.8562997257999,-0.3955716155544,-46.5328379315539));
#6610=CARTESIAN_POINT('Ctrl Pts',(21.8562997257999,7.00226899843865,-46.5328379315539));
#6611=CARTESIAN_POINT('Ctrl Pts',(21.8562997257999,14.4001096124317,-46.5328379315539));
#6612=CARTESIAN_POINT('Ctrl Pts',(21.8562997257999,21.7979502264248,-46.5328379315539));
#6613=CARTESIAN_POINT('Ctrl Pts',(21.814286509572,-0.3955716155544,-46.4702787084383));
#6614=CARTESIAN_POINT('Ctrl Pts',(21.814286509572,7.00226899843866,-46.4702787084383));
#6615=CARTESIAN_POINT('Ctrl Pts',(21.814286509572,14.4001096124317,-46.4702787084383));
#6616=CARTESIAN_POINT('Ctrl Pts',(21.814286509572,21.7979502264248,-46.4702787084383));
#6617=CARTESIAN_POINT('Ctrl Pts',(21.8083387641103,-0.3955716155544,-46.4558103957728));
#6618=CARTESIAN_POINT('Ctrl Pts',(21.8083387641103,7.00226899843866,-46.4558103957728));
#6619=CARTESIAN_POINT('Ctrl Pts',(21.8083387641103,14.4001096124317,-46.4558103957728));
#6620=CARTESIAN_POINT('Ctrl Pts',(21.8083387641103,21.7979502264248,-46.4558103957728));
#6621=CARTESIAN_POINT('Ctrl Pts',(21.8083387641103,-0.3955716155544,-46.4500020186417));
#6622=CARTESIAN_POINT('Ctrl Pts',(21.8083387641103,7.00226899843866,-46.4500020186417));
#6623=CARTESIAN_POINT('Ctrl Pts',(21.8083387641103,14.4001096124317,-46.4500020186417));
#6624=CARTESIAN_POINT('Ctrl Pts',(21.8083387641103,21.7979502264248,-46.4500020186417));
#6625=CARTESIAN_POINT('',(22.9570451972445,2.60455933444421,-47.5999363871913));
#6626=CARTESIAN_POINT('Ctrl Pts',(22.9570451972446,-0.375596664083314,-47.5999363871913));
#6627=CARTESIAN_POINT('Ctrl Pts',(22.9570451972446,0.617788668759196,-47.5999363871913));
#6628=CARTESIAN_POINT('Ctrl Pts',(22.9570451972445,1.6111740016017,-47.5999363871913));
#6629=CARTESIAN_POINT('Ctrl Pts',(22.9570451972445,2.60455933444421,-47.5999363871913));
#6630=CARTESIAN_POINT('',(22.9583387641103,-0.3955716155544,-47.6000020186417));
#6631=CARTESIAN_POINT('Ctrl Pts',(22.9583387641103,-0.3955716155544,-47.6000020186417));
#6632=CARTESIAN_POINT('Ctrl Pts',(22.9583387641103,-0.395527965554861,-47.6000020186417));
#6633=CARTESIAN_POINT('Ctrl Pts',(22.9583387641103,-0.395484315555323,-47.6000020186417));
#6634=CARTESIAN_POINT('Ctrl Pts',(22.9583387641103,-0.395440665555784,-47.6000020186417));
#6635=CARTESIAN_POINT('',(21.8083387641103,0.949525214043765,-46.4500020186416));
#6636=CARTESIAN_POINT('Ctrl Pts',(22.9583387641103,-0.3955716155544,-47.6000020186417));
#6637=CARTESIAN_POINT('Ctrl Pts',(22.958176256696,-0.395309142402055,-47.6000020186417));
#6638=CARTESIAN_POINT('Ctrl Pts',(22.9580126976655,-0.395047068214697,-47.5999985740674));
#6639=CARTESIAN_POINT('Ctrl Pts',(22.9497696450737,-0.381934614047636,-47.5996679027931));
#6640=CARTESIAN_POINT('Ctrl Pts',(22.935122173517,-0.363183031485427,-47.5915572767491));
#6641=CARTESIAN_POINT('Ctrl Pts',(22.8961174639755,-0.315197720470828,-47.5663621045379));
#6642=CARTESIAN_POINT('Ctrl Pts',(22.8649823403845,-0.27917686308582,-47.5420764796009));
#6643=CARTESIAN_POINT('Ctrl Pts',(22.7569888769302,-0.155571654705809,-47.454537453696));
#6644=CARTESIAN_POINT('Ctrl Pts',(22.6391488489313,-0.0256099118603059,
-47.3483204419307));
#6645=CARTESIAN_POINT('Ctrl Pts',(22.2659261661093,0.386153816158113,-46.9898599707099));
#6646=CARTESIAN_POINT('Ctrl Pts',(22.0168941918851,0.661700171349368,-46.7282242817342));
#6647=CARTESIAN_POINT('Ctrl Pts',(21.8661490654418,0.85345994385136,-46.5433797237982));
#6648=CARTESIAN_POINT('Ctrl Pts',(21.835517174347,0.893838856889804,-46.5042502470333));
#6649=CARTESIAN_POINT('Ctrl Pts',(21.8154079705433,0.928985719352616,-46.4700337605293));
#6650=CARTESIAN_POINT('Ctrl Pts',(21.8114481356134,0.93669300000177,-46.4625221517293));
#6651=CARTESIAN_POINT('Ctrl Pts',(21.8088984744844,0.945017306626575,-46.454401621508));
#6652=CARTESIAN_POINT('Ctrl Pts',(21.8083387641103,0.947408854264281,-46.4520678904619));
#6653=CARTESIAN_POINT('Ctrl Pts',(21.8083387641103,0.949525214043771,-46.4500020186417));
#6654=CARTESIAN_POINT('',(21.8083387641103,20.454902761365,-46.4500020186417));
#6655=CARTESIAN_POINT('Ctrl Pts',(21.8083387641103,0.949525214043765,-46.4500020186417));
#6656=CARTESIAN_POINT('Ctrl Pts',(21.8083387641103,7.4513177298175,-46.4500020186417));
#6657=CARTESIAN_POINT('Ctrl Pts',(21.8083387641103,13.9531102455912,-46.4500020186417));
#6658=CARTESIAN_POINT('Ctrl Pts',(21.8083387641103,20.454902761365,-46.4500020186417));
#6659=CARTESIAN_POINT('',(22.9570451972446,21.7979502264247,-47.5999363871913));
#6660=CARTESIAN_POINT('Ctrl Pts',(21.8083387641103,20.454902761365,-46.4500020186417));
#6661=CARTESIAN_POINT('Ctrl Pts',(21.8083387641103,20.4570180615307,-46.4520668561263));
#6662=CARTESIAN_POINT('Ctrl Pts',(21.8088979109613,20.4594081956502,-46.4543992082403));
#6663=CARTESIAN_POINT('Ctrl Pts',(21.8114397343939,20.4677094678429,-46.4624972706367));
#6664=CARTESIAN_POINT('Ctrl Pts',(21.8153781353276,20.4753836251641,-46.4699766257844));
#6665=CARTESIAN_POINT('Ctrl Pts',(21.8353192730427,20.5102693180297,-46.5039391368277));
#6666=CARTESIAN_POINT('Ctrl Pts',(21.8655907465007,20.5502257250855,-46.5426612216341));
#6667=CARTESIAN_POINT('Ctrl Pts',(22.014420958327,20.739747623256,-46.7253669088957));
#6668=CARTESIAN_POINT('Ctrl Pts',(22.2598724528002,21.0115839837066,-46.983568018968));
#6669=CARTESIAN_POINT('Ctrl Pts',(22.6331154409589,21.4233876686505,-47.342787689676));
#6670=CARTESIAN_POINT('Ctrl Pts',(22.7529789623416,21.5555078470322,-47.4510711059945));
#6671=CARTESIAN_POINT('Ctrl Pts',(22.8630515481907,21.6813679886721,-47.5405708615681));
#6672=CARTESIAN_POINT('Ctrl Pts',(22.8948994298547,21.7181707052041,-47.5654976605472));
#6673=CARTESIAN_POINT('Ctrl Pts',(22.9344741046882,21.7667901864651,-47.591180684144));
#6674=CARTESIAN_POINT('Ctrl Pts',(22.9487864674862,21.7850965200078,-47.5991383842592));
#6675=CARTESIAN_POINT('Ctrl Pts',(22.9570451972446,21.7979502264248,-47.5999363871914));
#6676=CARTESIAN_POINT('',(22.9570451972446,18.6438507791992,-47.5999363871913));
#6677=CARTESIAN_POINT('Origin',(-95.7826694181725,0.,-47.6000020186417));
#6678=CARTESIAN_POINT('',(43.0082099127639,2.60455933444422,-47.6000020186417));
#6679=CARTESIAN_POINT('Ctrl Pts',(43.0082099127639,-0.395440665555784,-47.6000020186417));
#6680=CARTESIAN_POINT('Ctrl Pts',(43.0082099127639,0.604559334444217,-47.6000020186417));
#6681=CARTESIAN_POINT('Ctrl Pts',(43.0082099127639,1.60455933444422,-47.6000020186417));
#6682=CARTESIAN_POINT('Ctrl Pts',(43.0082099127639,2.60455933444422,-47.6000020186417));
#6683=CARTESIAN_POINT('Ctrl Pts',(43.0082099127639,20.5822500103991,-47.6000020186417));
#6684=CARTESIAN_POINT('Ctrl Pts',(43.0082099127639,14.5896864517475,-47.6000020186417));
#6685=CARTESIAN_POINT('Ctrl Pts',(43.0082099127639,8.59712289309585,-47.6000020186417));
#6686=CARTESIAN_POINT('Ctrl Pts',(43.0082099127639,2.60455933444422,-47.6000020186417));
#6687=CARTESIAN_POINT('',(43.1581506928567,0.,-47.6000020186417));
#6688=CARTESIAN_POINT('',(-60.2974643904152,-7.,-47.6000020186417));
#6689=CARTESIAN_POINT('',(-92.7826694181725,0.,-47.6000020186417));
#6690=CARTESIAN_POINT('',(-89.7831224523792,22.6453,-47.6000020186417));
#6691=CARTESIAN_POINT('Origin',(-89.7831224523792,19.6457530342067,-47.6000020186417));
#6692=CARTESIAN_POINT('',(-60.2974643904152,22.6453,-47.6000020186417));
#6693=CARTESIAN_POINT('',(40.0082099127639,21.8038507791992,-47.6000020186417));
#6694=CARTESIAN_POINT('Ctrl Pts',(42.2418454612502,21.8038507791992,-47.6000020186417));
#6695=CARTESIAN_POINT('Ctrl Pts',(41.4973002784214,21.8038507791992,-47.6000020186417));
#6696=CARTESIAN_POINT('Ctrl Pts',(40.7527550955926,21.8038507791992,-47.6000020186417));
#6697=CARTESIAN_POINT('Ctrl Pts',(40.0082099127638,21.8038507791992,-47.6000020186417));
#6698=CARTESIAN_POINT('',(22.9557516303789,21.8038507791992,-47.6000020186417));
#6699=CARTESIAN_POINT('Ctrl Pts',(22.9557516303789,21.8038507791992,-47.6000020186417));
#6700=CARTESIAN_POINT('Ctrl Pts',(28.6399043911739,21.8038507791992,-47.6000020186417));
#6701=CARTESIAN_POINT('Ctrl Pts',(34.3240571519689,21.8038507791992,-47.6000020186417));
#6702=CARTESIAN_POINT('Ctrl Pts',(40.0082099127638,21.8038507791992,-47.6000020186417));
#6703=CARTESIAN_POINT('',(22.9557516303789,21.7999995909631,-47.6000020186417));
#6704=CARTESIAN_POINT('',(22.9557516303789,18.6438507791992,-47.6000020186417));
#6705=CARTESIAN_POINT('',(21.8083387641103,21.7999995909631,-47.6000020186417));
#6706=CARTESIAN_POINT('Ctrl Pts',(21.8083387641103,21.7999995909631,-47.6000020186417));
#6707=CARTESIAN_POINT('Ctrl Pts',(22.1846467902308,21.7999995909631,-47.6000020186417));
#6708=CARTESIAN_POINT('Ctrl Pts',(22.563467178845,21.7999995909631,-47.6000020186417));
#6709=CARTESIAN_POINT('Ctrl Pts',(22.9557516303789,21.7999995909631,-47.6000020186417));
#6710=CARTESIAN_POINT('',(6.30830309358416,21.7999995909631,-47.6000020186417));
#6711=CARTESIAN_POINT('Ctrl Pts',(6.30830309358416,21.7999995909631,-47.6000020186417));
#6712=CARTESIAN_POINT('Ctrl Pts',(9.08111291700639,21.7999995909631,-47.6000020186417));
#6713=CARTESIAN_POINT('Ctrl Pts',(14.2488080828278,21.7999995909631,-47.6000020186417));
#6714=CARTESIAN_POINT('Ctrl Pts',(19.424812055198,21.7999995909631,-47.6000020186417));
#6715=CARTESIAN_POINT('Ctrl Pts',(21.8083387641103,21.7999995909631,-47.6000020186417));
#6716=CARTESIAN_POINT('',(5.04830309358415,21.7999995909464,-47.6000020186417));
#6717=CARTESIAN_POINT('Ctrl Pts',(6.30830309358416,21.7999995909631,-47.6000020186417));
#6718=CARTESIAN_POINT('Ctrl Pts',(5.88830227786135,21.7999995909631,-47.6000020186417));
#6719=CARTESIAN_POINT('Ctrl Pts',(5.46830487685931,21.7999995909631,-47.6000020186417));
#6720=CARTESIAN_POINT('Ctrl Pts',(5.04830309358414,21.7999995909631,-47.6000020186417));
#6721=CARTESIAN_POINT('',(5.04830309358415,2.6044283844456,-47.6000020186417));
#6722=CARTESIAN_POINT('Ctrl Pts',(5.04830309358415,2.6044283844456,-47.6000020186417));
#6723=CARTESIAN_POINT('Ctrl Pts',(5.04830309358415,9.00295211995144,-47.6000020186417));
#6724=CARTESIAN_POINT('Ctrl Pts',(5.04830309358415,15.4014758554573,-47.6000020186417));
#6725=CARTESIAN_POINT('Ctrl Pts',(5.04830309358415,21.7999995909631,-47.6000020186417));
#6726=CARTESIAN_POINT('',(5.04830309358415,-0.3955716155544,-47.6000020186417));
#6727=CARTESIAN_POINT('Ctrl Pts',(5.04830309358415,2.6044283844456,-47.6000020186417));
#6728=CARTESIAN_POINT('Ctrl Pts',(5.04830309358415,1.6044283844456,-47.6000020186417));
#6729=CARTESIAN_POINT('Ctrl Pts',(5.04830309358415,0.604428384445602,-47.6000020186417));
#6730=CARTESIAN_POINT('Ctrl Pts',(5.04830309358415,-0.395571615554398,-47.6000020186417));
#6731=CARTESIAN_POINT('Ctrl Pts',(22.9583387641103,-0.3955716155544,-47.6000020186417));
#6732=CARTESIAN_POINT('Ctrl Pts',(16.9883268739349,-0.3955716155544,-47.6000020186417));
#6733=CARTESIAN_POINT('Ctrl Pts',(11.0183149837595,-0.3955716155544,-47.6000020186417));
#6734=CARTESIAN_POINT('Ctrl Pts',(5.04830309358414,-0.3955716155544,-47.6000020186417));
#6735=CARTESIAN_POINT('',(-74.181804762671,9.64275764466116,-47.6000020186417));
#6736=CARTESIAN_POINT('Origin',(-78.681804762671,9.64275764466116,-47.6000020186417));
#6737=CARTESIAN_POINT('',(-64.1830615318085,9.64413951819036,-47.6000020186417));
#6738=CARTESIAN_POINT('Origin',(-68.6830615318085,9.64413951819036,-47.6000020186417));
#6739=CARTESIAN_POINT('',(-57.6827524699066,-2.35614118199152,-47.6000020186417));
#6740=CARTESIAN_POINT('',(-57.6827524699066,17.6438660584399,-47.6000020186417));
#6741=CARTESIAN_POINT('',(-57.6827524699066,7.32193302921997,-47.6000020186417));
#6742=CARTESIAN_POINT('',(-31.6825904977647,-2.35614118199152,-47.6000020186417));
#6743=CARTESIAN_POINT('',(-75.2327109440395,-2.35614118199152,-47.6000020186417));
#6744=CARTESIAN_POINT('',(-31.6825904977647,17.6438660584399,-47.6000020186417));
#6745=CARTESIAN_POINT('',(-31.6825904977647,0.32192940900424,-47.6000020186417));
#6746=CARTESIAN_POINT('',(-65.2326299579686,17.6438660584399,-47.6000020186417));
#6747=CARTESIAN_POINT('',(5.02000015484169,-0.795488707894733,-47.6000020186417));
#6748=CARTESIAN_POINT('',(5.02000015484169,2.20451129210527,-47.6000020186417));
#6749=CARTESIAN_POINT('Ctrl Pts',(5.02000015484169,-0.795488707894734,-47.6000020186417));
#6750=CARTESIAN_POINT('Ctrl Pts',(5.02000015484169,0.204511292105266,-47.6000020186417));
#6751=CARTESIAN_POINT('Ctrl Pts',(5.02000015484169,1.20451129210527,-47.6000020186417));
#6752=CARTESIAN_POINT('Ctrl Pts',(5.02000015484169,2.20451129210527,-47.6000020186417));
#6753=CARTESIAN_POINT('',(5.02000015484169,16.7050007696962,-47.6000020186417));
#6754=CARTESIAN_POINT('Ctrl Pts',(5.02000015484169,16.7050007696962,-47.6000020186417));
#6755=CARTESIAN_POINT('Ctrl Pts',(5.02000015484169,11.8715042771659,-47.6000020186417));
#6756=CARTESIAN_POINT('Ctrl Pts',(5.02000015484169,7.03800778463558,-47.6000020186417));
#6757=CARTESIAN_POINT('Ctrl Pts',(5.02000015484169,2.20451129210527,-47.6000020186417));
#6758=CARTESIAN_POINT('',(5.02000015484169,19.7050007696962,-47.6000020186417));
#6759=CARTESIAN_POINT('Ctrl Pts',(5.02000015484169,16.7050007696962,-47.6000020186417));
#6760=CARTESIAN_POINT('Ctrl Pts',(5.02000015484169,17.7050007696962,-47.6000020186417));
#6761=CARTESIAN_POINT('Ctrl Pts',(5.02000015484169,18.7050007696962,-47.6000020186417));
#6762=CARTESIAN_POINT('Ctrl Pts',(5.02000015484169,19.7050007696962,-47.6000020186417));
#6763=CARTESIAN_POINT('',(-16.1419153832204,19.7050007696962,-47.6000020186417));
#6764=CARTESIAN_POINT('Ctrl Pts',(-16.1419153832204,19.7050007696962,-47.6000020186417));
#6765=CARTESIAN_POINT('Ctrl Pts',(-9.08794353719971,19.7050007696962,-47.6000020186417));
#6766=CARTESIAN_POINT('Ctrl Pts',(-2.03397169117901,19.7050007696962,-47.6000020186417));
#6767=CARTESIAN_POINT('Ctrl Pts',(5.02000015484169,19.7050007696962,-47.6000020186417));
#6768=CARTESIAN_POINT('',(-16.1419153832204,-0.795488707894735,-47.6000020186417));
#6769=CARTESIAN_POINT('Ctrl Pts',(-16.1419153832204,-0.795488707894735,
-47.6000020186417));
#6770=CARTESIAN_POINT('Ctrl Pts',(-16.1419153832204,6.03800778463558,-47.6000020186417));
#6771=CARTESIAN_POINT('Ctrl Pts',(-16.1419153832204,12.8715042771659,-47.6000020186417));
#6772=CARTESIAN_POINT('Ctrl Pts',(-16.1419153832204,19.7050007696962,-47.6000020186417));
#6773=CARTESIAN_POINT('Ctrl Pts',(5.02000015484169,-0.795488707894733,-47.6000020186417));
#6774=CARTESIAN_POINT('Ctrl Pts',(-2.033971691179,-0.795488707894733,-47.6000020186417));
#6775=CARTESIAN_POINT('Ctrl Pts',(-9.08794353719971,-0.795488707894733,
-47.6000020186417));
#6776=CARTESIAN_POINT('Ctrl Pts',(-16.1419153832204,-0.795488707894733,
-47.6000020186417));
#6777=CARTESIAN_POINT('Ctrl Pts',(5.04830309358414,-0.3955716155544,-47.6000020186417));
#6778=CARTESIAN_POINT('Ctrl Pts',(11.0183149837595,-0.3955716155544,-47.6000020186417));
#6779=CARTESIAN_POINT('Ctrl Pts',(16.9883268739349,-0.3955716155544,-47.6000020186417));
#6780=CARTESIAN_POINT('Ctrl Pts',(22.9583387641103,-0.3955716155544,-47.6000020186417));
#6781=CARTESIAN_POINT('Ctrl Pts',(5.04830309358414,-0.365267039217833,-47.6000020186417));
#6782=CARTESIAN_POINT('Ctrl Pts',(11.0183149837595,-0.365267039217833,-47.6000020186417));
#6783=CARTESIAN_POINT('Ctrl Pts',(16.9883268739349,-0.365267039217833,-47.6000020186417));
#6784=CARTESIAN_POINT('Ctrl Pts',(22.9583387641103,-0.365267039217833,-47.6000020186417));
#6785=CARTESIAN_POINT('Ctrl Pts',(5.04830309358414,-0.254675203777809,-47.5392853494739));
#6786=CARTESIAN_POINT('Ctrl Pts',(11.0183149837595,-0.254675203777809,-47.5392853494739));
#6787=CARTESIAN_POINT('Ctrl Pts',(16.9883268739349,-0.254675203777809,-47.5392853494739));
#6788=CARTESIAN_POINT('Ctrl Pts',(22.9583387641103,-0.254675203777809,-47.5392853494739));
#6789=CARTESIAN_POINT('Ctrl Pts',(5.04830309358414,0.201288491961966,-47.155862301498));
#6790=CARTESIAN_POINT('Ctrl Pts',(11.0183149837595,0.201288491961966,-47.155862301498));
#6791=CARTESIAN_POINT('Ctrl Pts',(16.9883268739349,0.201288491961966,-47.155862301498));
#6792=CARTESIAN_POINT('Ctrl Pts',(22.9583387641103,0.201288491961966,-47.155862301498));
#6793=CARTESIAN_POINT('Ctrl Pts',(5.04830309358414,0.782371254757978,-46.6225274726893));
#6794=CARTESIAN_POINT('Ctrl Pts',(11.0183149837595,0.782371254757978,-46.6225274726893));
#6795=CARTESIAN_POINT('Ctrl Pts',(16.9883268739349,0.782371254757978,-46.6225274726893));
#6796=CARTESIAN_POINT('Ctrl Pts',(22.9583387641103,0.782371254757978,-46.6225274726893));
#6797=CARTESIAN_POINT('Ctrl Pts',(5.04830309358414,1.62968931511486,-45.7755082789597));
#6798=CARTESIAN_POINT('Ctrl Pts',(11.0183149837595,1.62968931511486,-45.7755082789597));
#6799=CARTESIAN_POINT('Ctrl Pts',(16.9883268739349,1.62968931511486,-45.7755082789597));
#6800=CARTESIAN_POINT('Ctrl Pts',(22.9583387641103,1.62968931511486,-45.7755082789597));
#6801=CARTESIAN_POINT('Ctrl Pts',(5.04830309358414,2.26688893327368,-45.0803395552457));
#6802=CARTESIAN_POINT('Ctrl Pts',(11.0183149837595,2.26688893327368,-45.0803395552457));
#6803=CARTESIAN_POINT('Ctrl Pts',(16.9883268739349,2.26688893327368,-45.0803395552457));
#6804=CARTESIAN_POINT('Ctrl Pts',(22.9583387641103,2.26688893327368,-45.0803395552457));
#6805=CARTESIAN_POINT('Ctrl Pts',(5.04830309358414,2.5654273496381,-44.7049417491001));
#6806=CARTESIAN_POINT('Ctrl Pts',(11.0183149837595,2.5654273496381,-44.7049417491001));
#6807=CARTESIAN_POINT('Ctrl Pts',(16.9883268739349,2.5654273496381,-44.7049417491001));
#6808=CARTESIAN_POINT('Ctrl Pts',(22.9583387641103,2.5654273496381,-44.7049417491001));
#6809=CARTESIAN_POINT('Ctrl Pts',(5.04830309358414,2.6044283844456,-44.6202050695327));
#6810=CARTESIAN_POINT('Ctrl Pts',(11.0183149837595,2.6044283844456,-44.6202050695327));
#6811=CARTESIAN_POINT('Ctrl Pts',(16.9883268739349,2.6044283844456,-44.6202050695327));
#6812=CARTESIAN_POINT('Ctrl Pts',(22.9583387641103,2.6044283844456,-44.6202050695327));
#6813=CARTESIAN_POINT('Ctrl Pts',(5.04830309358414,2.6044283844456,-44.6000020186417));
#6814=CARTESIAN_POINT('Ctrl Pts',(11.0183149837595,2.6044283844456,-44.6000020186417));
#6815=CARTESIAN_POINT('Ctrl Pts',(16.9883268739349,2.6044283844456,-44.6000020186417));
#6816=CARTESIAN_POINT('Ctrl Pts',(22.9583387641103,2.6044283844456,-44.6000020186417));
#6817=CARTESIAN_POINT('',(6.30830309358415,1.06160626697855,-46.3400020186417));
#6818=CARTESIAN_POINT('Ctrl Pts',(6.30830309358415,1.06160626697855,-46.3400020186417));
#6819=CARTESIAN_POINT('Ctrl Pts',(6.30830309358415,1.05932349009248,-46.3422544285824));
#6820=CARTESIAN_POINT('Ctrl Pts',(6.30769585412455,1.05674622078942,-46.3447965379155));
#6821=CARTESIAN_POINT('Ctrl Pts',(6.30493105632485,1.04778824931901,-46.3536294050249));
#6822=CARTESIAN_POINT('Ctrl Pts',(6.30064507881914,1.03951082126369,-46.3617832685609));
#6823=CARTESIAN_POINT('Ctrl Pts',(6.27888839292066,1.00179569351537,-46.3988922460021));
#6824=CARTESIAN_POINT('Ctrl Pts',(6.24578312498913,0.958531575329901,-46.4412576256593));
#6825=CARTESIAN_POINT('Ctrl Pts',(6.08193458840915,0.7519253035837,-46.6424687909343));
#6826=CARTESIAN_POINT('Ctrl Pts',(5.80949118795976,0.453018729999387,-46.9289843793767));
#6827=CARTESIAN_POINT('Ctrl Pts',(5.39866349497995,0.0040880953462559,-47.3236717063335));
#6828=CARTESIAN_POINT('Ctrl Pts',(5.2689598341315,-0.137454960319911,-47.4406095311755));
#6829=CARTESIAN_POINT('Ctrl Pts',(5.15040817656888,-0.271193988049279,-47.5366754089043));
#6830=CARTESIAN_POINT('Ctrl Pts',(5.11625351705156,-0.310089188236813,-47.5633154043681));
#6831=CARTESIAN_POINT('Ctrl Pts',(5.07327276821582,-0.36183316182814,-47.5910355345817));
#6832=CARTESIAN_POINT('Ctrl Pts',(5.05751803297961,-0.381537571177492,-47.5996578901647));
#6833=CARTESIAN_POINT('Ctrl Pts',(5.04864421679839,-0.395047102152766,-47.5999985749224));
#6834=CARTESIAN_POINT('Ctrl Pts',(5.04847317430682,-0.395309175301688,-47.6000020186417));
#6835=CARTESIAN_POINT('Ctrl Pts',(5.04830309358415,-0.3955716155544,-47.6000020186417));
#6836=CARTESIAN_POINT('',(6.30830309358415,2.6044283844456,-44.6000020186417));
#6837=CARTESIAN_POINT('Ctrl Pts',(6.30830309358415,2.6044283844456,-44.6000020186417));
#6838=CARTESIAN_POINT('Ctrl Pts',(6.30830309358415,2.6044283844456,-44.6202050695327));
#6839=CARTESIAN_POINT('Ctrl Pts',(6.30830309358415,2.58492786704185,-44.6625734093164));
#6840=CARTESIAN_POINT('Ctrl Pts',(6.30830309358415,2.52542120561257,-44.7463238802325));
#6841=CARTESIAN_POINT('Ctrl Pts',(6.30830309358415,2.46591454418329,-44.8300743511486));
#6842=CARTESIAN_POINT('Ctrl Pts',(6.30830309358416,2.36640173872848,-44.9552069531971));
#6843=CARTESIAN_POINT('Ctrl Pts',(6.30830309358416,2.21044539964128,-45.1336347081737));
#6844=CARTESIAN_POINT('Ctrl Pts',(6.30830309358416,2.05448906055407,-45.3120624631504));
#6845=CARTESIAN_POINT('Ctrl Pts',(6.30830309358415,1.84208918783447,-45.5437853710551));
#6846=CARTESIAN_POINT('Ctrl Pts',(6.30830309358415,1.59466957474852,-45.800816690629));
#6847=CARTESIAN_POINT('Ctrl Pts',(6.30830309358415,1.42715718190291,-45.9748365706259));
#6848=CARTESIAN_POINT('Ctrl Pts',(6.30830309358415,1.24359244129319,-46.1604573197675));
#6849=CARTESIAN_POINT('Ctrl Pts',(6.30830309358415,1.06260287877102,-46.3391170656675));
#6850=CARTESIAN_POINT('',(21.8083387641103,2.6044283844456,-44.6000020186417));
#6851=CARTESIAN_POINT('Ctrl Pts',(6.30830309358414,2.6044283844456,-44.6000020186417));
#6852=CARTESIAN_POINT('Ctrl Pts',(11.4749816504262,2.6044283844456,-44.6000020186417));
#6853=CARTESIAN_POINT('Ctrl Pts',(16.6416602072682,2.6044283844456,-44.6000020186417));
#6854=CARTESIAN_POINT('Ctrl Pts',(21.8083387641103,2.6044283844456,-44.6000020186417));
#6855=CARTESIAN_POINT('Ctrl Pts',(21.8083387641103,0.950369336495773,-46.4493328300622));
#6856=CARTESIAN_POINT('Ctrl Pts',(21.8083387641103,1.16667559629385,-46.2380360249187));
#6857=CARTESIAN_POINT('Ctrl Pts',(21.8083387641103,1.39237760077502,-46.0109672618028));
#6858=CARTESIAN_POINT('Ctrl Pts',(21.8083387641103,1.59466957474852,-45.800816690629));
#6859=CARTESIAN_POINT('Ctrl Pts',(21.8083387641103,1.84208918783447,-45.5437853710551));
#6860=CARTESIAN_POINT('Ctrl Pts',(21.8083387641103,2.05448906055407,-45.3120624631504));
#6861=CARTESIAN_POINT('Ctrl Pts',(21.8083387641103,2.21044539964128,-45.1336347081737));
#6862=CARTESIAN_POINT('Ctrl Pts',(21.8083387641103,2.36640173872848,-44.9552069531971));
#6863=CARTESIAN_POINT('Ctrl Pts',(21.8083387641103,2.46591454418329,-44.8300743511486));
#6864=CARTESIAN_POINT('Ctrl Pts',(21.8083387641103,2.52542120561257,-44.7463238802325));
#6865=CARTESIAN_POINT('Ctrl Pts',(21.8083387641103,2.58492786704185,-44.6625734093164));
#6866=CARTESIAN_POINT('Ctrl Pts',(21.8083387641103,2.6044283844456,-44.6202050695327));
#6867=CARTESIAN_POINT('Ctrl Pts',(21.8083387641103,2.6044283844456,-44.6000020186417));
#6868=CARTESIAN_POINT('Origin',(6.30830309358415,2.6044283844456,-47.6000020186417));
#6869=CARTESIAN_POINT('',(6.30830309358415,2.6044283844456,-42.6000020186417));
#6870=CARTESIAN_POINT('',(6.30830309358415,2.6044283844456,-47.6000020186417));
#6871=CARTESIAN_POINT('',(21.8083387641103,2.6044283844456,-42.6000020186417));
#6872=CARTESIAN_POINT('',(-42.2371831622942,2.6044283844456,-42.6000020186417));
#6873=CARTESIAN_POINT('',(21.8083387641103,2.6044283844456,-47.6000020186417));
#6874=CARTESIAN_POINT('Ctrl Pts',(-16.1419153832204,-0.795488707894733,
-47.6000020186417));
#6875=CARTESIAN_POINT('Ctrl Pts',(-9.08794353719971,-0.795488707894733,
-47.6000020186417));
#6876=CARTESIAN_POINT('Ctrl Pts',(-2.033971691179,-0.795488707894733,-47.6000020186417));
#6877=CARTESIAN_POINT('Ctrl Pts',(5.02000015484169,-0.795488707894733,-47.6000020186417));
#6878=CARTESIAN_POINT('Ctrl Pts',(-16.1419153832204,-0.765184131558166,
-47.6000020186417));
#6879=CARTESIAN_POINT('Ctrl Pts',(-9.08794353719969,-0.765184131558166,
-47.6000020186417));
#6880=CARTESIAN_POINT('Ctrl Pts',(-2.03397169117903,-0.765184131558166,
-47.6000020186417));
#6881=CARTESIAN_POINT('Ctrl Pts',(5.02000015484169,-0.765184131558166,-47.6000020186417));
#6882=CARTESIAN_POINT('Ctrl Pts',(-16.1419153832204,-0.654615854037639,
-47.5393000009511));
#6883=CARTESIAN_POINT('Ctrl Pts',(-9.08794353719973,-0.654615854037639,
-47.5393000009511));
#6884=CARTESIAN_POINT('Ctrl Pts',(-2.03397169117899,-0.654615854037639,
-47.5393000009511));
#6885=CARTESIAN_POINT('Ctrl Pts',(5.02000015484169,-0.654615854037639,-47.5393000009511));
#6886=CARTESIAN_POINT('Ctrl Pts',(-16.1419153832204,-0.198649281056631,
-47.1558760115893));
#6887=CARTESIAN_POINT('Ctrl Pts',(-9.08794353719971,-0.198649281056631,
-47.1558760115893));
#6888=CARTESIAN_POINT('Ctrl Pts',(-2.03397169117901,-0.198649281056631,
-47.1558760115893));
#6889=CARTESIAN_POINT('Ctrl Pts',(5.02000015484169,-0.198649281056631,-47.1558760115893));
#6890=CARTESIAN_POINT('Ctrl Pts',(-16.1419153832204,0.382423828094878,-46.6225490501768));
#6891=CARTESIAN_POINT('Ctrl Pts',(-9.08794353719972,0.382423828094878,-46.6225490501768));
#6892=CARTESIAN_POINT('Ctrl Pts',(-2.03397169117899,0.382423828094878,-46.6225490501768));
#6893=CARTESIAN_POINT('Ctrl Pts',(5.0200001548417,0.382423828094878,-46.6225490501768));
#6894=CARTESIAN_POINT('Ctrl Pts',(-16.1419153832204,1.22974958167477,-45.775523762027));
#6895=CARTESIAN_POINT('Ctrl Pts',(-9.0879435371997,1.22974958167477,-45.775523762027));
#6896=CARTESIAN_POINT('Ctrl Pts',(-2.03397169117901,1.22974958167477,-45.775523762027));
#6897=CARTESIAN_POINT('Ctrl Pts',(5.0200001548417,1.22974958167477,-45.775523762027));
#6898=CARTESIAN_POINT('Ctrl Pts',(-16.1419153832204,1.86695525679907,-45.0803500689833));
#6899=CARTESIAN_POINT('Ctrl Pts',(-9.08794353719972,1.86695525679907,-45.0803500689833));
#6900=CARTESIAN_POINT('Ctrl Pts',(-2.03397169117899,1.86695525679907,-45.0803500689833));
#6901=CARTESIAN_POINT('Ctrl Pts',(5.0200001548417,1.86695525679907,-45.0803500689833));
#6902=CARTESIAN_POINT('Ctrl Pts',(-16.1419153832204,2.16549743195873,-44.7049502543317));
#6903=CARTESIAN_POINT('Ctrl Pts',(-9.08794353719969,2.16549743195873,-44.7049502543317));
#6904=CARTESIAN_POINT('Ctrl Pts',(-2.03397169117901,2.16549743195873,-44.7049502543317));
#6905=CARTESIAN_POINT('Ctrl Pts',(5.0200001548417,2.16549743195873,-44.7049502543317));
#6906=CARTESIAN_POINT('Ctrl Pts',(-16.1419153832204,2.20451129210527,-44.6202050695327));
#6907=CARTESIAN_POINT('Ctrl Pts',(-9.08794353719971,2.20451129210527,-44.6202050695327));
#6908=CARTESIAN_POINT('Ctrl Pts',(-2.03397169117899,2.20451129210527,-44.6202050695327));
#6909=CARTESIAN_POINT('Ctrl Pts',(5.0200001548417,2.20451129210527,-44.6202050695327));
#6910=CARTESIAN_POINT('Ctrl Pts',(-16.1419153832204,2.20451129210527,-44.6000020186417));
#6911=CARTESIAN_POINT('Ctrl Pts',(-9.0879435371997,2.20451129210527,-44.6000020186417));
#6912=CARTESIAN_POINT('Ctrl Pts',(-2.033971691179,2.20451129210527,-44.6000020186417));
#6913=CARTESIAN_POINT('Ctrl Pts',(5.0200001548417,2.20451129210527,-44.6000020186417));
#6914=CARTESIAN_POINT('',(-13.1419153832204,2.20451129210527,-44.6000020186417));
#6915=CARTESIAN_POINT('',(3.76000015484169,2.20451129210527,-44.6000020186417));
#6916=CARTESIAN_POINT('Ctrl Pts',(-13.1419153832204,2.20451129210527,-44.6000020186417));
#6917=CARTESIAN_POINT('Ctrl Pts',(-7.50794353719971,2.20451129210527,-44.6000020186417));
#6918=CARTESIAN_POINT('Ctrl Pts',(-1.87397169117901,2.20451129210527,-44.6000020186417));
#6919=CARTESIAN_POINT('Ctrl Pts',(3.76000015484169,2.20451129210527,-44.6000020186417));
#6920=CARTESIAN_POINT('',(3.76000015484168,0.661689174638193,-46.3400020186417));
#6921=CARTESIAN_POINT('Ctrl Pts',(3.76000015484169,0.662658924645826,-46.3391358776649));
#6922=CARTESIAN_POINT('Ctrl Pts',(3.76000015484169,0.843649207007126,-46.1604755731614));
#6923=CARTESIAN_POINT('Ctrl Pts',(3.76000015484169,1.02721562418735,-45.9748534896375));
#6924=CARTESIAN_POINT('Ctrl Pts',(3.76000015484169,1.19472956859884,-45.8008323612114));
#6925=CARTESIAN_POINT('Ctrl Pts',(3.76000015484169,1.44215147338287,-45.5437991976791));
#6926=CARTESIAN_POINT('Ctrl Pts',(3.76000015484169,1.65455336509097,-45.3120746333312));
#6927=CARTESIAN_POINT('Ctrl Pts',(3.76000015484169,1.81051134013829,-45.133645715382));
#6928=CARTESIAN_POINT('Ctrl Pts',(3.76000015484169,1.96646931518562,-44.9552167974328));
#6929=CARTESIAN_POINT('Ctrl Pts',(3.76000015484169,2.06598337357218,-44.8300835258823));
#6930=CARTESIAN_POINT('Ctrl Pts',(3.76000015484169,2.12549386780209,-44.7463305939072));
#6931=CARTESIAN_POINT('Ctrl Pts',(3.76000015484169,2.185004362032,-44.6625776619322));
#6932=CARTESIAN_POINT('Ctrl Pts',(3.76000015484169,2.20451129210527,-44.6202050695327));
#6933=CARTESIAN_POINT('Ctrl Pts',(3.76000015484169,2.20451129210527,-44.6000020186417));
#6934=CARTESIAN_POINT('Ctrl Pts',(5.02000015484169,-0.795488707894732,-47.6000020186417));
#6935=CARTESIAN_POINT('Ctrl Pts',(5.01983007443589,-0.795226268130956,-47.6000020186417));
#6936=CARTESIAN_POINT('Ctrl Pts',(5.01965903225676,-0.794964195458222,-47.5999985749351));
#6937=CARTESIAN_POINT('Ctrl Pts',(5.01078266460887,-0.781450779789221,-47.5996577928181));
#6938=CARTESIAN_POINT('Ctrl Pts',(4.99502056892997,-0.76173769677563,-47.5910304076031));
#6939=CARTESIAN_POINT('Ctrl Pts',(4.95201496939235,-0.709965509462748,-47.5632908029619));
#6940=CARTESIAN_POINT('Ctrl Pts',(4.91783995727434,-0.671048200528936,-47.5366325151096));
#6941=CARTESIAN_POINT('Ctrl Pts',(4.79922786842113,-0.537244130147499,-47.4405098179981));
#6942=CARTESIAN_POINT('Ctrl Pts',(4.66946445642427,-0.395637726515825,-47.3235111326576));
#6943=CARTESIAN_POINT('Ctrl Pts',(4.25863574064562,0.0532948178959831,-46.9288010263417));
#6944=CARTESIAN_POINT('Ctrl Pts',(3.98629832534646,0.35209231732572,-46.6423873237552));
#6945=CARTESIAN_POINT('Ctrl Pts',(3.82250482100026,0.558634641723923,-46.4412379099798));
#6946=CARTESIAN_POINT('Ctrl Pts',(3.78940946264153,0.601887248760423,-46.3988837437711));
#6947=CARTESIAN_POINT('Ctrl Pts',(3.76765736870471,0.6395952897993,-46.3617817312027));
#6948=CARTESIAN_POINT('Ctrl Pts',(3.7633719669814,0.647871835744681,-46.3536287357958));
#6949=CARTESIAN_POINT('Ctrl Pts',(3.76060737939165,0.656829193426218,-46.3447964738269));
#6950=CARTESIAN_POINT('Ctrl Pts',(3.76000015484169,0.659406425619138,-46.3422544010861));
#6951=CARTESIAN_POINT('Ctrl Pts',(3.76000015484169,0.661689174638203,-46.3400020186417));
#6952=CARTESIAN_POINT('Ctrl Pts',(-16.1419153832204,-0.795488707894735,
-47.6000020186417));
#6953=CARTESIAN_POINT('Ctrl Pts',(-16.1416534693828,-0.795226794057134,
-47.6000020186417));
#6954=CARTESIAN_POINT('Ctrl Pts',(-16.1413914174603,-0.794964742097068,
-47.5999985886915));
#6955=CARTESIAN_POINT('Ctrl Pts',(-16.1236745072858,-0.777247832539828,
-47.5995518045582));
#6956=CARTESIAN_POINT('Ctrl Pts',(-16.0943034438481,-0.747876768522522,
-47.5846931659996));
#6957=CARTESIAN_POINT('Ctrl Pts',(-16.0137546969707,-0.667328021645075,
-47.5360778660531));
#6958=CARTESIAN_POINT('Ctrl Pts',(-15.9495417701025,-0.603115094776847,
-47.487924370315));
#6959=CARTESIAN_POINT('Ctrl Pts',(-15.7302356341605,-0.383808958834807,
-47.3168178753782));
#6960=CARTESIAN_POINT('Ctrl Pts',(-15.4906040353953,-0.144177360069675,
-47.10675715169));
#6961=CARTESIAN_POINT('Ctrl Pts',(-14.5704210348011,0.7760056405246,-46.2477960288712));
#6962=CARTESIAN_POINT('Ctrl Pts',(-13.8341436057651,1.51228306956057,-45.4894014287614));
#6963=CARTESIAN_POINT('Ctrl Pts',(-13.3521287495361,1.99429792578959,-44.9179170238484));
#6964=CARTESIAN_POINT('Ctrl Pts',(-13.2285255824763,2.11790109284941,-44.7675024051642));
#6965=CARTESIAN_POINT('Ctrl Pts',(-13.1647640959034,2.18166257942233,-44.6598421547578));
#6966=CARTESIAN_POINT('Ctrl Pts',(-13.1570324690602,2.18939420626778,-44.6459042447119));
#6967=CARTESIAN_POINT('Ctrl Pts',(-13.1478634011662,2.19856327416165,-44.6252403992223));
#6968=CARTESIAN_POINT('Ctrl Pts',(-13.1447304112439,2.20169626408156,-44.6170295806146));
#6969=CARTESIAN_POINT('Ctrl Pts',(-13.1424263886992,2.20400028662623,-44.6065359107078));
#6970=CARTESIAN_POINT('Ctrl Pts',(-13.1419153832204,2.20451129210527,-44.6031951386895));
#6971=CARTESIAN_POINT('Ctrl Pts',(-13.1419153832204,2.20451129210527,-44.6000020186417));
#6972=CARTESIAN_POINT('Ctrl Pts',(-16.1419153832204,19.7050007696962,-47.6000020186417));
#6973=CARTESIAN_POINT('Ctrl Pts',(-16.1419153832204,12.8715042771659,-47.6000020186417));
#6974=CARTESIAN_POINT('Ctrl Pts',(-16.1419153832204,6.03800778463558,-47.6000020186417));
#6975=CARTESIAN_POINT('Ctrl Pts',(-16.1419153832204,-0.795488707894735,
-47.6000020186417));
#6976=CARTESIAN_POINT('Ctrl Pts',(-16.1116108068838,19.7050007696962,-47.6000020186417));
#6977=CARTESIAN_POINT('Ctrl Pts',(-16.1116108068838,12.8715042771659,-47.6000020186417));
#6978=CARTESIAN_POINT('Ctrl Pts',(-16.1116108068838,6.0380077846356,-47.6000020186417));
#6979=CARTESIAN_POINT('Ctrl Pts',(-16.1116108068838,-0.795488707894735,
-47.6000020186417));
#6980=CARTESIAN_POINT('Ctrl Pts',(-16.000980821298,19.7050007696962,-47.5392615077583));
#6981=CARTESIAN_POINT('Ctrl Pts',(-16.000980821298,12.8715042771659,-47.5392615077583));
#6982=CARTESIAN_POINT('Ctrl Pts',(-16.000980821298,6.03800778463556,-47.5392615077583));
#6983=CARTESIAN_POINT('Ctrl Pts',(-16.000980821298,-0.795488707894734,-47.5392615077583));
#6984=CARTESIAN_POINT('Ctrl Pts',(-15.5450217987574,19.7050007696962,-47.1558400902727));
#6985=CARTESIAN_POINT('Ctrl Pts',(-15.5450217987574,12.8715042771659,-47.1558400902727));
#6986=CARTESIAN_POINT('Ctrl Pts',(-15.5450217987574,6.03800778463559,-47.1558400902727));
#6987=CARTESIAN_POINT('Ctrl Pts',(-15.5450217987574,-0.795488707894734,
-47.1558400902727));
#6988=CARTESIAN_POINT('Ctrl Pts',(-14.9639236303925,19.7050007696962,-46.622492812124));
#6989=CARTESIAN_POINT('Ctrl Pts',(-14.9639236303925,12.8715042771659,-46.622492812124));
#6990=CARTESIAN_POINT('Ctrl Pts',(-14.9639236303925,6.03800778463557,-46.622492812124));
#6991=CARTESIAN_POINT('Ctrl Pts',(-14.9639236303925,-0.795488707894734,
-46.622492812124));
#6992=CARTESIAN_POINT('Ctrl Pts',(-14.1166177506733,19.7050007696962,-45.7754832080555));
#6993=CARTESIAN_POINT('Ctrl Pts',(-14.1166177506733,12.8715042771659,-45.7754832080555));
#6994=CARTESIAN_POINT('Ctrl Pts',(-14.1166177506733,6.03800778463559,-45.7754832080555));
#6995=CARTESIAN_POINT('Ctrl Pts',(-14.1166177506733,-0.795488707894734,
-45.7754832080555));
#6996=CARTESIAN_POINT('Ctrl Pts',(-13.4794276428679,19.7050007696962,-45.0803222411952));
#6997=CARTESIAN_POINT('Ctrl Pts',(-13.4794276428679,12.8715042771659,-45.0803222411952));
#6998=CARTESIAN_POINT('Ctrl Pts',(-13.4794276428679,6.03800778463557,-45.0803222411952));
#6999=CARTESIAN_POINT('Ctrl Pts',(-13.4794276428679,-0.795488707894734,
-45.0803222411952));
#7000=CARTESIAN_POINT('Ctrl Pts',(-13.1808954925189,19.7050007696962,-44.7049278635635));
#7001=CARTESIAN_POINT('Ctrl Pts',(-13.1808954925189,12.8715042771659,-44.7049278635635));
#7002=CARTESIAN_POINT('Ctrl Pts',(-13.1808954925189,6.03800778463559,-44.7049278635635));
#7003=CARTESIAN_POINT('Ctrl Pts',(-13.1808954925189,-0.795488707894734,
-44.7049278635635));
#7004=CARTESIAN_POINT('Ctrl Pts',(-13.1419153832204,19.7050007696962,-44.6202050695327));
#7005=CARTESIAN_POINT('Ctrl Pts',(-13.1419153832204,12.8715042771659,-44.6202050695327));
#7006=CARTESIAN_POINT('Ctrl Pts',(-13.1419153832204,6.03800778463557,-44.6202050695327));
#7007=CARTESIAN_POINT('Ctrl Pts',(-13.1419153832204,-0.795488707894734,
-44.6202050695327));
#7008=CARTESIAN_POINT('Ctrl Pts',(-13.1419153832204,19.7050007696962,-44.6000020186417));
#7009=CARTESIAN_POINT('Ctrl Pts',(-13.1419153832204,12.8715042771659,-44.6000020186417));
#7010=CARTESIAN_POINT('Ctrl Pts',(-13.1419153832204,6.03800778463558,-44.6000020186417));
#7011=CARTESIAN_POINT('Ctrl Pts',(-13.1419153832204,-0.795488707894734,
-44.6000020186417));
#7012=CARTESIAN_POINT('',(-13.1419153832204,16.7050007696962,-44.6000020186417));
#7013=CARTESIAN_POINT('Ctrl Pts',(-16.1419153832204,19.7050007696962,-47.6000020186417));
#7014=CARTESIAN_POINT('Ctrl Pts',(-16.1416534919374,19.7047388784132,-47.6000020186417));
#7015=CARTESIAN_POINT('Ctrl Pts',(-16.1413914625668,19.7044768490808,-47.5999985892822));
#7016=CARTESIAN_POINT('Ctrl Pts',(-16.1234799671516,19.6865653530314,-47.5995469355548));
#7017=CARTESIAN_POINT('Ctrl Pts',(-16.0936382587141,19.6567236451899,-47.5843598940446));
#7018=CARTESIAN_POINT('Ctrl Pts',(-16.0119105638465,19.5749959503223,-47.5348379110034));
#7019=CARTESIAN_POINT('Ctrl Pts',(-15.9466378959086,19.5097232823844,-47.4857528480703));
#7020=CARTESIAN_POINT('Ctrl Pts',(-15.7249414282433,19.2880268147191,-47.3123467604617));
#7021=CARTESIAN_POINT('Ctrl Pts',(-15.4834805749956,19.0465659614714,-47.1003831583445));
#7022=CARTESIAN_POINT('Ctrl Pts',(-14.5631604309584,18.1262458174342,-46.2403802231315));
#7023=CARTESIAN_POINT('Ctrl Pts',(-13.8315657051278,17.3946510916036,-45.4864434111195));
#7024=CARTESIAN_POINT('Ctrl Pts',(-13.3517145144699,16.9147999009456,-44.9174077538508));
#7025=CARTESIAN_POINT('Ctrl Pts',(-13.2284297374089,16.7915151238847,-44.7673422299198));
#7026=CARTESIAN_POINT('Ctrl Pts',(-13.1647623644483,16.7278477509241,-44.6598390268755));
#7027=CARTESIAN_POINT('Ctrl Pts',(-13.1570316311759,16.720117017654,-44.645902468177));
#7028=CARTESIAN_POINT('Ctrl Pts',(-13.1478632339451,16.7109486204231,-44.6252399577566));
#7029=CARTESIAN_POINT('Ctrl Pts',(-13.1447303633581,16.7078157498337,-44.617029373245));
#7030=CARTESIAN_POINT('Ctrl Pts',(-13.1424263866026,16.7055117730782,-44.606535896776));
#7031=CARTESIAN_POINT('Ctrl Pts',(-13.1419153832204,16.7050007696962,-44.6031951321574));
#7032=CARTESIAN_POINT('Ctrl Pts',(-13.1419153832204,16.7050007696962,-44.6000020186417));
#7033=CARTESIAN_POINT('Ctrl Pts',(-13.1419153832204,16.7050007696962,-44.6000020186417));
#7034=CARTESIAN_POINT('Ctrl Pts',(-13.1419153832204,11.8715042771659,-44.6000020186417));
#7035=CARTESIAN_POINT('Ctrl Pts',(-13.1419153832204,7.03800778463558,-44.6000020186417));
#7036=CARTESIAN_POINT('Ctrl Pts',(-13.1419153832204,2.20451129210527,-44.6000020186417));
#7037=CARTESIAN_POINT('Ctrl Pts',(5.02000015484169,19.7050007696962,-47.6000020186417));
#7038=CARTESIAN_POINT('Ctrl Pts',(-2.03397169117901,19.7050007696962,-47.6000020186417));
#7039=CARTESIAN_POINT('Ctrl Pts',(-9.08794353719971,19.7050007696962,-47.6000020186417));
#7040=CARTESIAN_POINT('Ctrl Pts',(-16.1419153832204,19.7050007696962,-47.6000020186417));
#7041=CARTESIAN_POINT('Ctrl Pts',(5.02000015484169,19.6746961933596,-47.6000020186417));
#7042=CARTESIAN_POINT('Ctrl Pts',(-2.03397169117903,19.6746961933596,-47.6000020186417));
#7043=CARTESIAN_POINT('Ctrl Pts',(-9.08794353719968,19.6746961933596,-47.6000020186417));
#7044=CARTESIAN_POINT('Ctrl Pts',(-16.1419153832204,19.6746961933596,-47.6000020186417));
#7045=CARTESIAN_POINT('Ctrl Pts',(5.02000015484169,19.5640662077737,-47.5392615077583));
#7046=CARTESIAN_POINT('Ctrl Pts',(-2.03397169117899,19.5640662077737,-47.5392615077583));
#7047=CARTESIAN_POINT('Ctrl Pts',(-9.08794353719972,19.5640662077737,-47.5392615077583));
#7048=CARTESIAN_POINT('Ctrl Pts',(-16.1419153832204,19.5640662077737,-47.5392615077583));
#7049=CARTESIAN_POINT('Ctrl Pts',(5.02000015484169,19.1081071852332,-47.1558400902727));
#7050=CARTESIAN_POINT('Ctrl Pts',(-2.03397169117901,19.1081071852332,-47.1558400902727));
#7051=CARTESIAN_POINT('Ctrl Pts',(-9.0879435371997,19.1081071852332,-47.1558400902727));
#7052=CARTESIAN_POINT('Ctrl Pts',(-16.1419153832204,19.1081071852332,-47.1558400902727));
#7053=CARTESIAN_POINT('Ctrl Pts',(5.02000015484169,18.5270090168683,-46.622492812124));
#7054=CARTESIAN_POINT('Ctrl Pts',(-2.033971691179,18.5270090168683,-46.622492812124));
#7055=CARTESIAN_POINT('Ctrl Pts',(-9.08794353719971,18.5270090168683,-46.622492812124));
#7056=CARTESIAN_POINT('Ctrl Pts',(-16.1419153832204,18.5270090168683,-46.622492812124));
#7057=CARTESIAN_POINT('Ctrl Pts',(5.02000015484169,17.6797031371491,-45.7754832080555));
#7058=CARTESIAN_POINT('Ctrl Pts',(-2.03397169117902,17.6797031371491,-45.7754832080555));
#7059=CARTESIAN_POINT('Ctrl Pts',(-9.0879435371997,17.6797031371491,-45.7754832080555));
#7060=CARTESIAN_POINT('Ctrl Pts',(-16.1419153832204,17.6797031371491,-45.7754832080555));
#7061=CARTESIAN_POINT('Ctrl Pts',(5.02000015484169,17.0425130293437,-45.0803222411952));
#7062=CARTESIAN_POINT('Ctrl Pts',(-2.033971691179,17.0425130293437,-45.0803222411952));
#7063=CARTESIAN_POINT('Ctrl Pts',(-9.08794353719972,17.0425130293437,-45.0803222411952));
#7064=CARTESIAN_POINT('Ctrl Pts',(-16.1419153832204,17.0425130293437,-45.0803222411952));
#7065=CARTESIAN_POINT('Ctrl Pts',(5.02000015484169,16.7439808789947,-44.7049278635635));
#7066=CARTESIAN_POINT('Ctrl Pts',(-2.03397169117902,16.7439808789947,-44.7049278635635));
#7067=CARTESIAN_POINT('Ctrl Pts',(-9.08794353719969,16.7439808789947,-44.7049278635635));
#7068=CARTESIAN_POINT('Ctrl Pts',(-16.1419153832204,16.7439808789947,-44.7049278635635));
#7069=CARTESIAN_POINT('Ctrl Pts',(5.02000015484169,16.7050007696962,-44.6202050695327));
#7070=CARTESIAN_POINT('Ctrl Pts',(-2.033971691179,16.7050007696962,-44.6202050695327));
#7071=CARTESIAN_POINT('Ctrl Pts',(-9.08794353719971,16.7050007696962,-44.6202050695327));
#7072=CARTESIAN_POINT('Ctrl Pts',(-16.1419153832204,16.7050007696962,-44.6202050695327));
#7073=CARTESIAN_POINT('Ctrl Pts',(5.02000015484169,16.7050007696962,-44.6000020186417));
#7074=CARTESIAN_POINT('Ctrl Pts',(-2.03397169117901,16.7050007696962,-44.6000020186417));
#7075=CARTESIAN_POINT('Ctrl Pts',(-9.08794353719971,16.7050007696962,-44.6000020186417));
#7076=CARTESIAN_POINT('Ctrl Pts',(-16.1419153832204,16.7050007696962,-44.6000020186417));
#7077=CARTESIAN_POINT('',(3.76000015484169,18.2478228871632,-46.3400020186417));
#7078=CARTESIAN_POINT('Ctrl Pts',(3.76000015484169,18.2478228871633,-46.3400020186417));
#7079=CARTESIAN_POINT('Ctrl Pts',(3.76000015484169,18.2501056361823,-46.3422544010861));
#7080=CARTESIAN_POINT('Ctrl Pts',(3.76060737939163,18.2526828683752,-46.3447964738268));
#7081=CARTESIAN_POINT('Ctrl Pts',(3.76337196698154,18.2616402260573,-46.3536287357962));
#7082=CARTESIAN_POINT('Ctrl Pts',(3.76765736870527,18.2699167720032,-46.3617817312037));
#7083=CARTESIAN_POINT('Ctrl Pts',(3.78940946264129,18.3076248130407,-46.3988837437707));
#7084=CARTESIAN_POINT('Ctrl Pts',(3.82250482099944,18.3508774200765,-46.4412379099788));
#7085=CARTESIAN_POINT('Ctrl Pts',(3.98629832534653,18.5574197444758,-46.6423873237553));
#7086=CARTESIAN_POINT('Ctrl Pts',(4.25863574064577,18.8562172439056,-46.9288010263418));
#7087=CARTESIAN_POINT('Ctrl Pts',(4.66946445642496,19.305149788318,-47.3235111326582));
#7088=CARTESIAN_POINT('Ctrl Pts',(4.7992278684219,19.4467561919498,-47.4405098179988));
#7089=CARTESIAN_POINT('Ctrl Pts',(4.91783995727461,19.5805602623307,-47.5366325151098));
#7090=CARTESIAN_POINT('Ctrl Pts',(4.95201496939289,19.6194775712648,-47.5632908029623));
#7091=CARTESIAN_POINT('Ctrl Pts',(4.99502057217655,19.6712497624855,-47.5910304096972));
#7092=CARTESIAN_POINT('Ctrl Pts',(5.01078266561913,19.6909628431389,-47.5996577928573));
#7093=CARTESIAN_POINT('Ctrl Pts',(5.01965903226022,19.7044762572641,-47.5999985749352));
#7094=CARTESIAN_POINT('Ctrl Pts',(5.01983007443324,19.7047383299283,-47.6000020186417));
#7095=CARTESIAN_POINT('Ctrl Pts',(5.02000015484169,19.7050007696962,-47.6000020186417));
#7096=CARTESIAN_POINT('',(3.76000015484169,16.7050007696962,-44.6000020186417));
#7097=CARTESIAN_POINT('Ctrl Pts',(3.7600001548417,16.7050007696962,-44.6000020186417));
#7098=CARTESIAN_POINT('Ctrl Pts',(3.7600001548417,16.7050007696962,-44.6202050695327));
#7099=CARTESIAN_POINT('Ctrl Pts',(3.7600001548417,16.7244908243454,-44.6625664665481));
#7100=CARTESIAN_POINT('Ctrl Pts',(3.7600001548417,16.7839912100615,-44.7463128946611));
#7101=CARTESIAN_POINT('Ctrl Pts',(3.7600001548417,16.8434915957777,-44.8300593227741));
#7102=CARTESIAN_POINT('Ctrl Pts',(3.7600001548417,16.9430023125607,-44.9551907819846));
#7103=CARTESIAN_POINT('Ctrl Pts',(3.7600001548417,17.0989560222531,-45.1336166727333));
#7104=CARTESIAN_POINT('Ctrl Pts',(3.7600001548417,17.2549097319455,-45.312042563482));
#7105=CARTESIAN_POINT('Ctrl Pts',(3.7600001548417,17.4673064345473,-45.5437628857687));
#7106=CARTESIAN_POINT('Ctrl Pts',(3.7600001548417,17.714722432468,-45.8007913142569));
#7107=CARTESIAN_POINT('Ctrl Pts',(3.7600001548417,17.8822323777107,-45.9748092368798));
#7108=CARTESIAN_POINT('Ctrl Pts',(3.7600001548417,18.0657944667167,-46.1604278886271));
#7109=CARTESIAN_POINT('Ctrl Pts',(3.7600001548417,18.2467828979692,-46.3390867606284));
#7110=CARTESIAN_POINT('Ctrl Pts',(3.7600001548417,16.7050007696962,-44.6000020186417));
#7111=CARTESIAN_POINT('Ctrl Pts',(-1.873971691179,16.7050007696962,-44.6000020186417));
#7112=CARTESIAN_POINT('Ctrl Pts',(-7.5079435371997,16.7050007696962,-44.6000020186417));
#7113=CARTESIAN_POINT('Ctrl Pts',(-13.1419153832204,16.7050007696962,-44.6000020186417));
#7114=CARTESIAN_POINT('Origin',(-13.1419153832204,2.20451129210527,-47.6000020186417));
#7115=CARTESIAN_POINT('',(-13.1419153832204,2.20451129210527,-42.6000020186417));
#7116=CARTESIAN_POINT('',(-13.1419153832204,2.20451129210527,-47.6000020186417));
#7117=CARTESIAN_POINT('',(3.76000015484169,2.20451129210527,-42.6000020186417));
#7118=CARTESIAN_POINT('',(-51.9622924006965,2.20451129210527,-42.6000020186417));
#7119=CARTESIAN_POINT('',(3.76000015484169,2.20451129210527,-47.6000020186417));
#7120=CARTESIAN_POINT('Origin',(-13.1419153832204,16.7050007696962,-47.6000020186417));
#7121=CARTESIAN_POINT('',(-13.1419153832204,16.7050007696962,-42.6000020186417));
#7122=CARTESIAN_POINT('',(-13.1419153832204,16.7050007696962,-47.6000020186417));
#7123=CARTESIAN_POINT('',(-13.1419153832204,8.3525003848481,-42.6000020186417));
#7124=CARTESIAN_POINT('Origin',(3.76000015484169,16.7050007696962,-47.6000020186417));
#7125=CARTESIAN_POINT('',(3.76000015484169,16.7050007696962,-42.6000020186417));
#7126=CARTESIAN_POINT('',(3.76000015484169,16.7050007696962,-47.6000020186417));
#7127=CARTESIAN_POINT('',(-43.5113346316654,16.7050007696962,-42.6000020186417));
#7128=CARTESIAN_POINT('Ctrl Pts',(5.02000015484169,-0.795488707894734,-47.6000020186417));
#7129=CARTESIAN_POINT('Ctrl Pts',(5.02000015484169,6.03800778463558,-47.6000020186417));
#7130=CARTESIAN_POINT('Ctrl Pts',(5.02000015484169,12.8715042771659,-47.6000020186417));
#7131=CARTESIAN_POINT('Ctrl Pts',(5.02000015484169,19.7050007696962,-47.6000020186417));
#7132=CARTESIAN_POINT('Ctrl Pts',(5.00939355312389,-0.795488707894734,-47.6000020186417));
#7133=CARTESIAN_POINT('Ctrl Pts',(5.00939355312389,6.03800778463557,-47.6000020186417));
#7134=CARTESIAN_POINT('Ctrl Pts',(5.00939355312389,12.8715042771659,-47.6000020186417));
#7135=CARTESIAN_POINT('Ctrl Pts',(5.00939355312389,19.7050007696962,-47.6000020186417));
#7136=CARTESIAN_POINT('Ctrl Pts',(4.96893961317996,-0.795488707894734,-47.5795035852065));
#7137=CARTESIAN_POINT('Ctrl Pts',(4.96893961317996,6.03800778463558,-47.5795035852065));
#7138=CARTESIAN_POINT('Ctrl Pts',(4.96893961317996,12.8715042771659,-47.5795035852065));
#7139=CARTESIAN_POINT('Ctrl Pts',(4.96893961317996,19.7050007696962,-47.5795035852065));
#7140=CARTESIAN_POINT('Ctrl Pts',(4.82267595407907,-0.795488707894734,-47.4594809156572));
#7141=CARTESIAN_POINT('Ctrl Pts',(4.82267595407907,6.03800778463557,-47.4594809156572));
#7142=CARTESIAN_POINT('Ctrl Pts',(4.82267595407906,12.8715042771659,-47.4594809156572));
#7143=CARTESIAN_POINT('Ctrl Pts',(4.82267595407906,19.7050007696962,-47.4594809156572));
#7144=CARTESIAN_POINT('Ctrl Pts',(4.67291810940952,-0.795488707894734,-47.3249555054766));
#7145=CARTESIAN_POINT('Ctrl Pts',(4.67291810940952,6.03800778463558,-47.3249555054766));
#7146=CARTESIAN_POINT('Ctrl Pts',(4.67291810940952,12.8715042771659,-47.3249555054766));
#7147=CARTESIAN_POINT('Ctrl Pts',(4.67291810940952,19.7050007696962,-47.3249555054766));
#7148=CARTESIAN_POINT('Ctrl Pts',(4.46591744939629,-0.795488707894734,-47.1301014014003));
#7149=CARTESIAN_POINT('Ctrl Pts',(4.46591744939629,6.03800778463558,-47.1301014014003));
#7150=CARTESIAN_POINT('Ctrl Pts',(4.46591744939629,12.8715042771659,-47.1301014014003));
#7151=CARTESIAN_POINT('Ctrl Pts',(4.46591744939629,19.7050007696962,-47.1301014014003));
#7152=CARTESIAN_POINT('Ctrl Pts',(4.20070657431545,-0.795488707894733,-46.8649500031426));
#7153=CARTESIAN_POINT('Ctrl Pts',(4.20070657431545,6.03800778463558,-46.8649500031426));
#7154=CARTESIAN_POINT('Ctrl Pts',(4.20070657431545,12.8715042771659,-46.8649500031426));
#7155=CARTESIAN_POINT('Ctrl Pts',(4.20070657431545,19.7050007696962,-46.8649500031426));
#7156=CARTESIAN_POINT('Ctrl Pts',(3.91878537620682,-0.795488707894733,-46.5616880447865));
#7157=CARTESIAN_POINT('Ctrl Pts',(3.91878537620682,6.03800778463558,-46.5616880447865));
#7158=CARTESIAN_POINT('Ctrl Pts',(3.91878537620681,12.8715042771659,-46.5616880447865));
#7159=CARTESIAN_POINT('Ctrl Pts',(3.91878537620681,19.7050007696962,-46.5616880447865));
#7160=CARTESIAN_POINT('Ctrl Pts',(3.81254299965209,-0.795488707894733,-46.4307543382921));
#7161=CARTESIAN_POINT('Ctrl Pts',(3.81254299965209,6.03800778463557,-46.4307543382921));
#7162=CARTESIAN_POINT('Ctrl Pts',(3.81254299965208,12.8715042771659,-46.4307543382921));
#7163=CARTESIAN_POINT('Ctrl Pts',(3.81254299965208,19.7050007696962,-46.4307543382921));
#7164=CARTESIAN_POINT('Ctrl Pts',(3.76651378711517,-0.795488707894733,-46.3622143905435));
#7165=CARTESIAN_POINT('Ctrl Pts',(3.76651378711517,6.03800778463558,-46.3622143905435));
#7166=CARTESIAN_POINT('Ctrl Pts',(3.76651378711517,12.8715042771659,-46.3622143905435));
#7167=CARTESIAN_POINT('Ctrl Pts',(3.76651378711517,19.7050007696962,-46.3622143905435));
#7168=CARTESIAN_POINT('Ctrl Pts',(3.76000015484169,-0.795488707894733,-46.3463659796724));
#7169=CARTESIAN_POINT('Ctrl Pts',(3.76000015484169,6.03800778463558,-46.3463659796724));
#7170=CARTESIAN_POINT('Ctrl Pts',(3.76000015484169,12.8715042771659,-46.3463659796724));
#7171=CARTESIAN_POINT('Ctrl Pts',(3.76000015484169,19.7050007696962,-46.3463659796724));
#7172=CARTESIAN_POINT('Ctrl Pts',(3.76000015484169,-0.795488707894733,-46.3400020186417));
#7173=CARTESIAN_POINT('Ctrl Pts',(3.76000015484169,6.03800778463558,-46.3400020186417));
#7174=CARTESIAN_POINT('Ctrl Pts',(3.76000015484169,12.8715042771659,-46.3400020186417));
#7175=CARTESIAN_POINT('Ctrl Pts',(3.76000015484169,19.7050007696962,-46.3400020186417));
#7176=CARTESIAN_POINT('',(3.76000015484169,2.20451129210527,-46.3400020186417));
#7177=CARTESIAN_POINT('',(3.76000015484169,16.7050007696962,-46.3400020186417));
#7178=CARTESIAN_POINT('Ctrl Pts',(3.76000015484169,2.20451129210527,-46.3400020186417));
#7179=CARTESIAN_POINT('Ctrl Pts',(3.76000015484169,7.03800778463558,-46.3400020186417));
#7180=CARTESIAN_POINT('Ctrl Pts',(3.76000015484169,11.8715042771659,-46.3400020186417));
#7181=CARTESIAN_POINT('Ctrl Pts',(3.76000015484169,16.7050007696962,-46.3400020186417));
#7182=CARTESIAN_POINT('Ctrl Pts',(3.76000015484169,16.7050007696962,-46.3400020186417));
#7183=CARTESIAN_POINT('Ctrl Pts',(3.76000015484169,17.2192748088519,-46.3400020186417));
#7184=CARTESIAN_POINT('Ctrl Pts',(3.76000015484169,17.7335488480076,-46.3400020186417));
#7185=CARTESIAN_POINT('Ctrl Pts',(3.76000015484169,18.2478228871632,-46.3400020186417));
#7186=CARTESIAN_POINT('Ctrl Pts',(3.76000015484169,0.661689174638191,-46.3400020186417));
#7187=CARTESIAN_POINT('Ctrl Pts',(3.76000015484169,1.17596321379388,-46.3400020186417));
#7188=CARTESIAN_POINT('Ctrl Pts',(3.76000015484169,1.69023725294957,-46.3400020186417));
#7189=CARTESIAN_POINT('Ctrl Pts',(3.76000015484169,2.20451129210527,-46.3400020186417));
#7190=CARTESIAN_POINT('Origin',(3.76000015484169,2.20451129210527,-47.6000020186417));
#7191=CARTESIAN_POINT('',(3.7600001548417,1.10225564605264,-42.6000020186417));
#7192=CARTESIAN_POINT('Ctrl Pts',(5.04830309358415,21.7999995909631,-47.6000020186417));
#7193=CARTESIAN_POINT('Ctrl Pts',(5.04830309358415,14.4014758554573,-47.6000020186417));
#7194=CARTESIAN_POINT('Ctrl Pts',(5.04830309358415,7.00295211995145,-47.6000020186417));
#7195=CARTESIAN_POINT('Ctrl Pts',(5.04830309358415,-0.395571615554398,-47.6000020186417));
#7196=CARTESIAN_POINT('Ctrl Pts',(5.05890969530194,21.7999995909631,-47.6000020186417));
#7197=CARTESIAN_POINT('Ctrl Pts',(5.05890969530194,14.4014758554573,-47.6000020186417));
#7198=CARTESIAN_POINT('Ctrl Pts',(5.05890969530194,7.00295211995144,-47.6000020186417));
#7199=CARTESIAN_POINT('Ctrl Pts',(5.05890969530194,-0.395571615554398,-47.6000020186417));
#7200=CARTESIAN_POINT('Ctrl Pts',(5.09936225960478,21.7999995909631,-47.5795053272084));
#7201=CARTESIAN_POINT('Ctrl Pts',(5.09936225960478,14.4014758554573,-47.5795053272084));
#7202=CARTESIAN_POINT('Ctrl Pts',(5.09936225960478,7.00295211995145,-47.5795053272084));
#7203=CARTESIAN_POINT('Ctrl Pts',(5.09936225960478,-0.395571615554398,-47.5795053272084));
#7204=CARTESIAN_POINT('Ctrl Pts',(5.24562606245367,21.7999995909631,-47.4594824354623));
#7205=CARTESIAN_POINT('Ctrl Pts',(5.24562606245367,14.4014758554573,-47.4594824354623));
#7206=CARTESIAN_POINT('Ctrl Pts',(5.24562606245367,7.00295211995144,-47.4594824354623));
#7207=CARTESIAN_POINT('Ctrl Pts',(5.24562606245367,-0.395571615554398,-47.4594824354623));
#7208=CARTESIAN_POINT('Ctrl Pts',(5.39538356762376,21.7999995909631,-47.3249574330873));
#7209=CARTESIAN_POINT('Ctrl Pts',(5.39538356762376,14.4014758554573,-47.3249574330873));
#7210=CARTESIAN_POINT('Ctrl Pts',(5.39538356762376,7.00295211995145,-47.3249574330873));
#7211=CARTESIAN_POINT('Ctrl Pts',(5.39538356762376,-0.395571615554398,-47.3249574330873));
#7212=CARTESIAN_POINT('Ctrl Pts',(5.6023841989513,21.7999995909631,-47.1301033536019));
#7213=CARTESIAN_POINT('Ctrl Pts',(5.6023841989513,14.4014758554573,-47.1301033536019));
#7214=CARTESIAN_POINT('Ctrl Pts',(5.6023841989513,7.00295211995145,-47.1301033536019));
#7215=CARTESIAN_POINT('Ctrl Pts',(5.6023841989513,-0.395571615554398,-47.1301033536019));
#7216=CARTESIAN_POINT('Ctrl Pts',(5.86759522019276,21.7999995909631,-46.8649517962283));
#7217=CARTESIAN_POINT('Ctrl Pts',(5.86759522019276,14.4014758554573,-46.8649517962283));
#7218=CARTESIAN_POINT('Ctrl Pts',(5.86759522019276,7.00295211995145,-46.8649517962283));
#7219=CARTESIAN_POINT('Ctrl Pts',(5.86759522019276,-0.395571615554398,-46.8649517962283));
#7220=CARTESIAN_POINT('Ctrl Pts',(6.14951645998101,21.7999995909631,-46.5616897884369));
#7221=CARTESIAN_POINT('Ctrl Pts',(6.14951645998101,14.4014758554573,-46.5616897884369));
#7222=CARTESIAN_POINT('Ctrl Pts',(6.14951645998101,7.00295211995145,-46.5616897884369));
#7223=CARTESIAN_POINT('Ctrl Pts',(6.14951645998101,-0.395571615554398,-46.5616897884369));
#7224=CARTESIAN_POINT('Ctrl Pts',(6.25575952191916,21.7999995909631,-46.4307552366652));
#7225=CARTESIAN_POINT('Ctrl Pts',(6.25575952191916,14.4014758554573,-46.4307552366652));
#7226=CARTESIAN_POINT('Ctrl Pts',(6.25575952191916,7.00295211995144,-46.4307552366652));
#7227=CARTESIAN_POINT('Ctrl Pts',(6.25575952191916,-0.395571615554398,-46.4307552366652));
#7228=CARTESIAN_POINT('Ctrl Pts',(6.3017890778522,21.7999995909631,-46.3622148760788));
#7229=CARTESIAN_POINT('Ctrl Pts',(6.3017890778522,14.4014758554573,-46.3622148760788));
#7230=CARTESIAN_POINT('Ctrl Pts',(6.3017890778522,7.00295211995145,-46.3622148760788));
#7231=CARTESIAN_POINT('Ctrl Pts',(6.3017890778522,-0.395571615554398,-46.3622148760788));
#7232=CARTESIAN_POINT('Ctrl Pts',(6.30830309358415,21.7999995909631,-46.3463659796723));
#7233=CARTESIAN_POINT('Ctrl Pts',(6.30830309358415,14.4014758554573,-46.3463659796723));
#7234=CARTESIAN_POINT('Ctrl Pts',(6.30830309358415,7.00295211995145,-46.3463659796723));
#7235=CARTESIAN_POINT('Ctrl Pts',(6.30830309358415,-0.395571615554398,-46.3463659796723));
#7236=CARTESIAN_POINT('Ctrl Pts',(6.30830309358415,21.7999995909631,-46.3400020186417));
#7237=CARTESIAN_POINT('Ctrl Pts',(6.30830309358415,14.4014758554573,-46.3400020186417));
#7238=CARTESIAN_POINT('Ctrl Pts',(6.30830309358415,7.00295211995145,-46.3400020186417));
#7239=CARTESIAN_POINT('Ctrl Pts',(6.30830309358415,-0.395571615554398,-46.3400020186417));
#7240=CARTESIAN_POINT('',(6.30830309358415,20.3428217084302,-46.3400020186417));
#7241=CARTESIAN_POINT('Ctrl Pts',(6.30830309358415,20.3428217084302,-46.3400020186417));
#7242=CARTESIAN_POINT('Ctrl Pts',(6.30830309358415,20.3456607436563,-46.3428032872214));
#7243=CARTESIAN_POINT('Ctrl Pts',(6.30737151640695,20.3490698122812,-46.3461656521482));
#7244=CARTESIAN_POINT('Ctrl Pts',(6.30144555864764,20.3654507179368,-46.3623141795811));
#7245=CARTESIAN_POINT('Ctrl Pts',(6.28936343038753,20.3844026610056,-46.3809593148166));
#7246=CARTESIAN_POINT('Ctrl Pts',(6.20190466648202,20.5126237350129,-46.5067945158313));
#7247=CARTESIAN_POINT('Ctrl Pts',(5.98325355819516,20.7594520276265,-46.7475738821669));
#7248=CARTESIAN_POINT('Ctrl Pts',(5.54511798599883,21.2410643134817,-47.1868826037871));
#7249=CARTESIAN_POINT('Ctrl Pts',(5.36141810504875,21.4398703228793,-47.3595774641236));
#7250=CARTESIAN_POINT('Ctrl Pts',(5.18853549179837,21.6324555971206,-47.5062164224652));
#7251=CARTESIAN_POINT('Ctrl Pts',(5.13832248097494,21.6887715352344,-47.5473993605599));
#7252=CARTESIAN_POINT('Ctrl Pts',(5.08942121538752,21.7467320378017,-47.5808019439286));
#7253=CARTESIAN_POINT('Ctrl Pts',(5.07722450753519,21.7614229121301,-47.5886337194481));
#7254=CARTESIAN_POINT('Ctrl Pts',(5.0600348775687,21.7833734429177,-47.597247120047));
#7255=CARTESIAN_POINT('Ctrl Pts',(5.05349425093078,21.7920914489037,-47.5998122176119));
#7256=CARTESIAN_POINT('Ctrl Pts',(5.04864452718047,21.7994746022245,-47.5999985686631));
#7257=CARTESIAN_POINT('Ctrl Pts',(5.04847332755041,21.7997369142504,-47.6000020186417));
#7258=CARTESIAN_POINT('Ctrl Pts',(5.04830309358415,21.7999995909631,-47.6000020186417));
#7259=CARTESIAN_POINT('',(6.30830309358415,2.6044283844456,-46.3400020186417));
#7260=CARTESIAN_POINT('Ctrl Pts',(6.30830309358415,20.3428217084302,-46.3400020186417));
#7261=CARTESIAN_POINT('Ctrl Pts',(6.30830309358415,14.4300239337687,-46.3400020186417));
#7262=CARTESIAN_POINT('Ctrl Pts',(6.30830309358415,8.51722615910713,-46.3400020186417));
#7263=CARTESIAN_POINT('Ctrl Pts',(6.30830309358415,2.6044283844456,-46.3400020186417));
#7264=CARTESIAN_POINT('Ctrl Pts',(6.30830309358415,2.6044283844456,-46.3400020186417));
#7265=CARTESIAN_POINT('Ctrl Pts',(6.30830309358415,2.09015434528992,-46.3400020186417));
#7266=CARTESIAN_POINT('Ctrl Pts',(6.30830309358415,1.57588030613423,-46.3400020186417));
#7267=CARTESIAN_POINT('Ctrl Pts',(6.30830309358415,1.06160626697855,-46.3400020186417));
#7268=CARTESIAN_POINT('Origin',(6.30830309358415,18.7999995909631,-47.6000020186417));
#7269=CARTESIAN_POINT('',(6.30830309358415,18.7999995909631,-44.6000020186417));
#7270=CARTESIAN_POINT('Ctrl Pts',(6.308297743771,20.3417593672827,-46.3390711775294));
#7271=CARTESIAN_POINT('Ctrl Pts',(6.308297743771,20.1607715048013,-46.1604127430966));
#7272=CARTESIAN_POINT('Ctrl Pts',(6.30829774377101,19.9772107569368,-45.974795146269));
#7273=CARTESIAN_POINT('Ctrl Pts',(6.30829774377101,19.8097020467857,-45.8007782058857));
#7274=CARTESIAN_POINT('Ctrl Pts',(6.308297743771,19.5622878731232,-45.5437512281878));
#7275=CARTESIAN_POINT('Ctrl Pts',(6.308297743771,19.3498927634214,-45.3120321981326));
#7276=CARTESIAN_POINT('Ctrl Pts',(6.308297743771,19.1939404029581,-45.1336072617285));
#7277=CARTESIAN_POINT('Ctrl Pts',(6.308297743771,19.0379880424948,-44.9551823253245));
#7278=CARTESIAN_POINT('Ctrl Pts',(6.308297743771,18.9384784312699,-44.8300514825717));
#7279=CARTESIAN_POINT('Ctrl Pts',(6.308297743771,18.878981318387,-44.7463071686238));
#7280=CARTESIAN_POINT('Ctrl Pts',(6.308297743771,18.8194842055041,-44.6625628546758));
#7281=CARTESIAN_POINT('Ctrl Pts',(6.308297743771,18.7999995909631,-44.6202050695327));
#7282=CARTESIAN_POINT('Ctrl Pts',(6.308297743771,18.7999995909631,-44.6000020186417));
#7283=CARTESIAN_POINT('',(6.30830309358415,18.7999995909631,-42.6000020186417));
#7284=CARTESIAN_POINT('',(6.30830309358415,18.7999995909631,-47.6000020186417));
#7285=CARTESIAN_POINT('',(6.30830309358415,18.6438280102069,-42.6000020186417));
#7286=CARTESIAN_POINT('',(6.30830309358415,2.6044283844456,-42.6000020186417));
#7287=CARTESIAN_POINT('',(6.30830309358416,9.39999979548156,-42.6000020186417));
#7288=CARTESIAN_POINT('Ctrl Pts',(43.0082099127639,-0.395440665555784,-47.6000020186417));
#7289=CARTESIAN_POINT('Ctrl Pts',(43.0082099127639,6.97842827356066,-47.6000020186417));
#7290=CARTESIAN_POINT('Ctrl Pts',(43.0082099127639,14.3522972126771,-47.6000020186417));
#7291=CARTESIAN_POINT('Ctrl Pts',(43.0082099127639,21.7261661517936,-47.6000020186417));
#7292=CARTESIAN_POINT('Ctrl Pts',(42.9779053364273,-0.395440665555784,-47.6000020186417));
#7293=CARTESIAN_POINT('Ctrl Pts',(42.9779053364273,6.97842827356069,-47.6000020186417));
#7294=CARTESIAN_POINT('Ctrl Pts',(42.9779053364273,14.3522972126771,-47.6000020186417));
#7295=CARTESIAN_POINT('Ctrl Pts',(42.9779053364273,21.7261661517936,-47.6000020186417));
#7296=CARTESIAN_POINT('Ctrl Pts',(42.8672129769801,-0.395440665555784,-47.539222256977));
#7297=CARTESIAN_POINT('Ctrl Pts',(42.8672129769801,6.97842827356065,-47.539222256977));
#7298=CARTESIAN_POINT('Ctrl Pts',(42.8672129769801,14.3522972126771,-47.539222256977));
#7299=CARTESIAN_POINT('Ctrl Pts',(42.8672129769801,21.7261661517936,-47.539222256977));
#7300=CARTESIAN_POINT('Ctrl Pts',(42.4112616253781,-0.395440665555784,-47.1558037539712));
#7301=CARTESIAN_POINT('Ctrl Pts',(42.4112616253781,6.97842827356067,-47.1558037539712));
#7302=CARTESIAN_POINT('Ctrl Pts',(42.4112616253781,14.3522972126771,-47.1558037539712));
#7303=CARTESIAN_POINT('Ctrl Pts',(42.4112616253781,21.7261661517936,-47.1558037539712));
#7304=CARTESIAN_POINT('Ctrl Pts',(41.8301387987938,-0.395440665555784,-46.6224368024037));
#7305=CARTESIAN_POINT('Ctrl Pts',(41.8301387987938,6.97842827356066,-46.6224368024037));
#7306=CARTESIAN_POINT('Ctrl Pts',(41.8301387987938,14.3522972126771,-46.6224368024037));
#7307=CARTESIAN_POINT('Ctrl Pts',(41.8301387987938,21.7261661517936,-46.6224368024037));
#7308=CARTESIAN_POINT('Ctrl Pts',(40.9828521731465,-0.395440665555784,-45.7754422144158));
#7309=CARTESIAN_POINT('Ctrl Pts',(40.9828521731465,6.97842827356067,-45.7754422144158));
#7310=CARTESIAN_POINT('Ctrl Pts',(40.9828521731465,14.3522972126771,-45.7754422144158));
#7311=CARTESIAN_POINT('Ctrl Pts',(40.9828521731465,21.7261661517936,-45.7754422144158));
#7312=CARTESIAN_POINT('Ctrl Pts',(40.3456769073157,-0.395440665555784,-45.080293242834));
#7313=CARTESIAN_POINT('Ctrl Pts',(40.3456769073157,6.97842827356065,-45.080293242834));
#7314=CARTESIAN_POINT('Ctrl Pts',(40.3456769073157,14.3522972126771,-45.080293242834));
#7315=CARTESIAN_POINT('Ctrl Pts',(40.3456769073157,21.7261661517936,-45.080293242834));
#7316=CARTESIAN_POINT('Ctrl Pts',(40.0471554256689,-0.395440665555784,-44.7049048851553));
#7317=CARTESIAN_POINT('Ctrl Pts',(40.0471554256689,6.97842827356068,-44.7049048851553));
#7318=CARTESIAN_POINT('Ctrl Pts',(40.0471554256689,14.3522972126771,-44.7049048851553));
#7319=CARTESIAN_POINT('Ctrl Pts',(40.0471554256689,21.7261661517936,-44.7049048851553));
#7320=CARTESIAN_POINT('Ctrl Pts',(40.0082099127639,-0.395440665555784,-44.6202050695327));
#7321=CARTESIAN_POINT('Ctrl Pts',(40.0082099127639,6.97842827356066,-44.6202050695327));
#7322=CARTESIAN_POINT('Ctrl Pts',(40.0082099127639,14.3522972126771,-44.6202050695327));
#7323=CARTESIAN_POINT('Ctrl Pts',(40.0082099127639,21.7261661517936,-44.6202050695327));
#7324=CARTESIAN_POINT('Ctrl Pts',(40.0082099127639,-0.395440665555784,-44.6000020186417));
#7325=CARTESIAN_POINT('Ctrl Pts',(40.0082099127639,6.97842827356066,-44.6000020186417));
#7326=CARTESIAN_POINT('Ctrl Pts',(40.0082099127639,14.3522972126771,-44.6000020186417));
#7327=CARTESIAN_POINT('Ctrl Pts',(40.0082099127639,21.7261661517936,-44.6000020186417));
#7328=CARTESIAN_POINT('',(40.0082099127639,18.8038507791992,-44.6000020186417));
#7329=CARTESIAN_POINT('Ctrl Pts',(40.0082099127639,2.60455933444422,-44.6000020186417));
#7330=CARTESIAN_POINT('Ctrl Pts',(40.0082099127639,8.00432314936256,-44.6000020186417));
#7331=CARTESIAN_POINT('Ctrl Pts',(40.0082099127639,13.4040869642809,-44.6000020186417));
#7332=CARTESIAN_POINT('Ctrl Pts',(40.0082099127639,18.8038507791992,-44.6000020186417));
#7333=CARTESIAN_POINT('Ctrl Pts',(42.9305252853582,21.7261661517935,-47.5665406283766));
#7334=CARTESIAN_POINT('Ctrl Pts',(42.8781837485072,21.6738246149426,-47.5347864962148));
#7335=CARTESIAN_POINT('Ctrl Pts',(42.8134681812999,21.6091090477353,-47.4861478635809));
#7336=CARTESIAN_POINT('Ctrl Pts',(42.5925391535355,21.3881800199709,-47.3134484028342));
#7337=CARTESIAN_POINT('Ctrl Pts',(42.351519746789,21.1471606132244,-47.1019452152628));
#7338=CARTESIAN_POINT('Ctrl Pts',(41.4312246237615,20.2268654901969,-46.2421880021115));
#7339=CARTESIAN_POINT('Ctrl Pts',(40.6984903621292,19.4941312285646,-45.4871663060053));
#7340=CARTESIAN_POINT('Ctrl Pts',(40.218111233802,19.0137521002374,-44.9175334003132));
#7341=CARTESIAN_POINT('Ctrl Pts',(40.0947479228763,18.8903887893117,-44.7673817621689));
#7342=CARTESIAN_POINT('Ctrl Pts',(40.0310573231896,18.826698189625,-44.6598398022287));
#7343=CARTESIAN_POINT('Ctrl Pts',(40.0233263684182,18.8189672348559,-44.6459029085559));
#7344=CARTESIAN_POINT('Ctrl Pts',(40.0141578049404,18.8097986713779,-44.6252400671918));
#7345=CARTESIAN_POINT('Ctrl Pts',(40.0110249047721,18.8066657712073,-44.6170294246502));
#7346=CARTESIAN_POINT('Ctrl Pts',(40.0087209166659,18.804361783101,-44.6065359002298));
#7347=CARTESIAN_POINT('Ctrl Pts',(40.0082099127639,18.8038507791992,-44.6031951337767));
#7348=CARTESIAN_POINT('Ctrl Pts',(40.0082099127639,18.8038507791992,-44.6000020186417));
#7349=CARTESIAN_POINT('Origin',(40.0082099127639,2.60455933444422,-47.6000020186417));
#7350=CARTESIAN_POINT('',(40.0082099127639,2.60455933444422,-42.6000020186417));
#7351=CARTESIAN_POINT('',(40.0082099127639,2.60455933444422,-47.6000020186417));
#7352=CARTESIAN_POINT('',(40.0082099127639,18.6438280102069,-42.6000020186417));
#7353=CARTESIAN_POINT('',(40.0082099127639,1.30227966722211,-42.6000020186417));
#7354=CARTESIAN_POINT('',(40.0082099127639,18.8038507791992,-42.6000020186417));
#7355=CARTESIAN_POINT('',(40.0082099127639,18.6438507791992,-42.6000020186417));
#7356=CARTESIAN_POINT('',(40.0082099127639,18.8038507791992,-47.6000020186417));
#7357=CARTESIAN_POINT('Ctrl Pts',(21.8083387641103,21.7999995909631,-47.6000020186417));
#7358=CARTESIAN_POINT('Ctrl Pts',(19.424812055198,21.7999995909631,-47.6000020186417));
#7359=CARTESIAN_POINT('Ctrl Pts',(13.8281093947112,21.7999995909631,-47.6000020186417));
#7360=CARTESIAN_POINT('Ctrl Pts',(8.24112108798025,21.7999995909631,-47.6000020186417));
#7361=CARTESIAN_POINT('Ctrl Pts',(5.04830309358414,21.7999995909631,-47.6000020186417));
#7362=CARTESIAN_POINT('Ctrl Pts',(21.8083387641103,21.7696950146266,-47.6000020186417));
#7363=CARTESIAN_POINT('Ctrl Pts',(19.424812055198,21.7696950146266,-47.6000020186417));
#7364=CARTESIAN_POINT('Ctrl Pts',(13.8281093947112,21.7696950146266,-47.6000020186417));
#7365=CARTESIAN_POINT('Ctrl Pts',(8.24112108798025,21.7696950146266,-47.6000020186417));
#7366=CARTESIAN_POINT('Ctrl Pts',(5.04830309358414,21.7696950146266,-47.6000020186417));
#7367=CARTESIAN_POINT('Ctrl Pts',(21.8083387641103,21.6590453235908,-47.5392491417203));
#7368=CARTESIAN_POINT('Ctrl Pts',(19.424812055198,21.6590453235908,-47.5392491417203));
#7369=CARTESIAN_POINT('Ctrl Pts',(13.8281093947112,21.6590453235908,-47.5392491417203));
#7370=CARTESIAN_POINT('Ctrl Pts',(8.24112108798025,21.6590453235908,-47.5392491417203));
#7371=CARTESIAN_POINT('Ctrl Pts',(5.04830309358414,21.6590453235908,-47.5392491417203));
#7372=CARTESIAN_POINT('Ctrl Pts',(21.8083387641103,21.2030887207552,-47.1558286135738));
#7373=CARTESIAN_POINT('Ctrl Pts',(19.424812055198,21.2030887207552,-47.1558286135738));
#7374=CARTESIAN_POINT('Ctrl Pts',(13.8281093947112,21.2030887207552,-47.1558286135737));
#7375=CARTESIAN_POINT('Ctrl Pts',(8.24112108798025,21.2030887207552,-47.1558286135738));
#7376=CARTESIAN_POINT('Ctrl Pts',(5.04830309358414,21.2030887207552,-47.1558286135738));
#7377=CARTESIAN_POINT('Ctrl Pts',(21.8083387641103,20.6219826956944,-46.6224750342648));
#7378=CARTESIAN_POINT('Ctrl Pts',(19.424812055198,20.6219826956944,-46.6224750342648));
#7379=CARTESIAN_POINT('Ctrl Pts',(13.8281093947112,20.6219826956944,-46.6224750342648));
#7380=CARTESIAN_POINT('Ctrl Pts',(8.24112108798025,20.6219826956944,-46.6224750342648));
#7381=CARTESIAN_POINT('Ctrl Pts',(5.04830309358414,20.6219826956944,-46.6224750342648));
#7382=CARTESIAN_POINT('Ctrl Pts',(21.8083387641103,19.7746829828251,-45.775470258243));
#7383=CARTESIAN_POINT('Ctrl Pts',(19.424812055198,19.7746829828251,-45.775470258243));
#7384=CARTESIAN_POINT('Ctrl Pts',(13.8281093947112,19.7746829828251,-45.775470258243));
#7385=CARTESIAN_POINT('Ctrl Pts',(8.24112108798025,19.7746829828251,-45.775470258243));
#7386=CARTESIAN_POINT('Ctrl Pts',(5.04830309358414,19.7746829828251,-45.775470258243));
#7387=CARTESIAN_POINT('Ctrl Pts',(21.8083387641103,19.1374976537196,-45.0803131680773));
#7388=CARTESIAN_POINT('Ctrl Pts',(19.424812055198,19.1374976537196,-45.0803131680773));
#7389=CARTESIAN_POINT('Ctrl Pts',(13.8281093947112,19.1374976537196,-45.0803131680773));
#7390=CARTESIAN_POINT('Ctrl Pts',(8.24112108798024,19.1374976537196,-45.0803131680773));
#7391=CARTESIAN_POINT('Ctrl Pts',(5.04830309358414,19.1374976537196,-45.0803131680773));
#7392=CARTESIAN_POINT('Ctrl Pts',(21.8083387641103,18.8389688200451,-44.7049206398189));
#7393=CARTESIAN_POINT('Ctrl Pts',(19.424812055198,18.8389688200451,-44.7049206398189));
#7394=CARTESIAN_POINT('Ctrl Pts',(13.8281093947112,18.8389688200451,-44.7049206398189));
#7395=CARTESIAN_POINT('Ctrl Pts',(8.24112108798025,18.8389688200451,-44.7049206398189));
#7396=CARTESIAN_POINT('Ctrl Pts',(5.04830309358414,18.8389688200451,-44.7049206398189));
#7397=CARTESIAN_POINT('Ctrl Pts',(21.8083387641103,18.7999995909631,-44.6202050695327));
#7398=CARTESIAN_POINT('Ctrl Pts',(19.424812055198,18.7999995909631,-44.6202050695327));
#7399=CARTESIAN_POINT('Ctrl Pts',(13.8281093947112,18.7999995909631,-44.6202050695327));
#7400=CARTESIAN_POINT('Ctrl Pts',(8.24112108798024,18.7999995909631,-44.6202050695327));
#7401=CARTESIAN_POINT('Ctrl Pts',(5.04830309358413,18.7999995909631,-44.6202050695327));
#7402=CARTESIAN_POINT('Ctrl Pts',(21.8083387641103,18.7999995909631,-44.6000020186417));
#7403=CARTESIAN_POINT('Ctrl Pts',(19.424812055198,18.7999995909631,-44.6000020186417));
#7404=CARTESIAN_POINT('Ctrl Pts',(13.8281093947112,18.7999995909631,-44.6000020186417));
#7405=CARTESIAN_POINT('Ctrl Pts',(8.24112108798024,18.7999995909631,-44.6000020186417));
#7406=CARTESIAN_POINT('Ctrl Pts',(5.04830309358413,18.7999995909631,-44.6000020186417));
#7407=CARTESIAN_POINT('',(21.8083387641103,18.7999995909631,-44.6000020186417));
#7408=CARTESIAN_POINT('Ctrl Pts',(21.8083387641103,20.4548158716124,-46.4500909753614));
#7409=CARTESIAN_POINT('Ctrl Pts',(21.8083387641103,20.2382597243789,-46.2385666381655));
#7410=CARTESIAN_POINT('Ctrl Pts',(21.8083387641103,19.7361640144907,-45.7334467954914));
#7411=CARTESIAN_POINT('Ctrl Pts',(21.8083387641103,19.1374976537196,-45.0803131680773));
#7412=CARTESIAN_POINT('Ctrl Pts',(21.8083387641103,18.8389688200451,-44.7049206398189));
#7413=CARTESIAN_POINT('Ctrl Pts',(21.8083387641103,18.7999995909631,-44.6202050695327));
#7414=CARTESIAN_POINT('Ctrl Pts',(21.8083387641103,18.7999995909631,-44.6000020186417));
#7415=CARTESIAN_POINT('Ctrl Pts',(21.8083387641103,18.7999995909631,-44.6000020186417));
#7416=CARTESIAN_POINT('Ctrl Pts',(19.424812055198,18.7999995909631,-44.6000020186417));
#7417=CARTESIAN_POINT('Ctrl Pts',(14.2488080828278,18.7999995909631,-44.6000020186417));
#7418=CARTESIAN_POINT('Ctrl Pts',(9.08111291700638,18.7999995909631,-44.6000020186417));
#7419=CARTESIAN_POINT('Ctrl Pts',(6.30830309358415,18.7999995909631,-44.6000020186417));
#7420=CARTESIAN_POINT('Ctrl Pts',(21.8083387641103,21.7999995909631,-47.6000020186417));
#7421=CARTESIAN_POINT('Ctrl Pts',(21.8083387641103,21.7696950146266,-47.6000020186417));
#7422=CARTESIAN_POINT('Ctrl Pts',(21.8083387641103,21.6590453235908,-47.5392491417203));
#7423=CARTESIAN_POINT('Ctrl Pts',(21.8083387641103,21.2030887207552,-47.1558286135738));
#7424=CARTESIAN_POINT('Ctrl Pts',(21.8083387641103,20.8122704542116,-46.7971258771867));
#7425=CARTESIAN_POINT('Ctrl Pts',(21.8083387641103,20.5027897874832,-46.4969501889506));
#7426=CARTESIAN_POINT('Ctrl Pts',(21.8083387641103,20.4548158716124,-46.4500909753614));
#7427=CARTESIAN_POINT('Ctrl Pts',(22.9570451972446,21.7999995909631,-47.6000020186417));
#7428=CARTESIAN_POINT('Ctrl Pts',(22.5642999296645,21.7999995909631,-47.6000020186417));
#7429=CARTESIAN_POINT('Ctrl Pts',(22.1850604027031,21.7999995909631,-47.6000020186417));
#7430=CARTESIAN_POINT('Ctrl Pts',(21.8083387641103,21.7999995909631,-47.6000020186417));
#7431=CARTESIAN_POINT('Ctrl Pts',(22.9570451972446,21.7632601335461,-47.6000020186417));
#7432=CARTESIAN_POINT('Ctrl Pts',(22.5642999296645,21.7632601335461,-47.6000020186417));
#7433=CARTESIAN_POINT('Ctrl Pts',(22.1850604027031,21.7632601335461,-47.6000020186417));
#7434=CARTESIAN_POINT('Ctrl Pts',(21.8083387641103,21.7632601335461,-47.6000020186417));
#7435=CARTESIAN_POINT('Ctrl Pts',(22.9570451972446,21.5644603451752,-47.4852101893549));
#7436=CARTESIAN_POINT('Ctrl Pts',(22.5642999296645,21.5644603451752,-47.4852101893549));
#7437=CARTESIAN_POINT('Ctrl Pts',(22.1850604027031,21.5644603451752,-47.4852101893549));
#7438=CARTESIAN_POINT('Ctrl Pts',(21.8083387641103,21.5644603451752,-47.4852101893549));
#7439=CARTESIAN_POINT('Ctrl Pts',(22.9570451972446,20.8154378470654,-46.8019361656471));
#7440=CARTESIAN_POINT('Ctrl Pts',(22.5642999296645,20.8154378470654,-46.8019361656471));
#7441=CARTESIAN_POINT('Ctrl Pts',(22.1850604027031,20.8154378470654,-46.801936165647));
#7442=CARTESIAN_POINT('Ctrl Pts',(21.8083387641103,20.8154378470654,-46.801936165647));
#7443=CARTESIAN_POINT('Ctrl Pts',(22.9570451972446,20.454902761365,-46.4500020186417));
#7444=CARTESIAN_POINT('Ctrl Pts',(22.5642999296645,20.454902761365,-46.4500020186417));
#7445=CARTESIAN_POINT('Ctrl Pts',(22.1850604027031,20.454902761365,-46.4500020186417));
#7446=CARTESIAN_POINT('Ctrl Pts',(21.8083387641103,20.454902761365,-46.4500020186417));
#7447=CARTESIAN_POINT('Ctrl Pts',(22.9557516303789,21.7999995909631,-47.6000020186417));
#7448=CARTESIAN_POINT('Ctrl Pts',(22.9561759090867,21.7993143190299,-47.6000020186417));
#7449=CARTESIAN_POINT('Ctrl Pts',(22.9566067224808,21.7986326589599,-47.5999787549837));
#7450=CARTESIAN_POINT('Ctrl Pts',(22.9570451972447,21.7979502264248,-47.5999363871913));
#7451=CARTESIAN_POINT('Ctrl Pts',(22.9557516303789,-8.1954406655558,-47.6000020186417));
#7452=CARTESIAN_POINT('Ctrl Pts',(22.9557516303789,21.8038507791992,-47.6000020186417));
#7453=CARTESIAN_POINT('Ctrl Pts',(22.9561823815829,-8.1954406655558,-47.6000020186417));
#7454=CARTESIAN_POINT('Ctrl Pts',(22.9561823815829,21.8038507791992,-47.6000020186417));
#7455=CARTESIAN_POINT('Ctrl Pts',(22.9566164429153,-8.1954406655558,-47.599977815743));
#7456=CARTESIAN_POINT('Ctrl Pts',(22.9566164429153,21.8038507791992,-47.599977815743));
#7457=CARTESIAN_POINT('Ctrl Pts',(22.9570451972446,-8.1954406655558,-47.5999363871913));
#7458=CARTESIAN_POINT('Ctrl Pts',(22.9570451972446,21.8038507791993,-47.5999363871913));
#7459=CARTESIAN_POINT('Ctrl Pts',(22.9598118119539,-8.1954406655558,-47.5996690619834));
#7460=CARTESIAN_POINT('Ctrl Pts',(22.9598118119539,21.8038507791993,-47.5996690619834));
#7461=CARTESIAN_POINT('Ctrl Pts',(22.963161733003,-8.1954406655558,-47.5986072481105));
#7462=CARTESIAN_POINT('Ctrl Pts',(22.963161733003,21.8038507791993,-47.5986072481105));
#7463=CARTESIAN_POINT('Ctrl Pts',(22.9726769911038,-8.1954406655558,-47.5946484048439));
#7464=CARTESIAN_POINT('Ctrl Pts',(22.9726769911038,21.8038507791993,-47.5946484048439));
#7465=CARTESIAN_POINT('Ctrl Pts',(22.9793903121253,-8.1954406655558,-47.5908790881274));
#7466=CARTESIAN_POINT('Ctrl Pts',(22.9793903121253,21.8038507791992,-47.5908790881274));
#7467=CARTESIAN_POINT('Ctrl Pts',(23.005405540818,-8.1954406655558,-47.5751912880253));
#7468=CARTESIAN_POINT('Ctrl Pts',(23.005405540818,21.8038507791992,-47.5751912880253));
#7469=CARTESIAN_POINT('Ctrl Pts',(23.0309465750202,-8.1954406655558,-47.5559395348768));
#7470=CARTESIAN_POINT('Ctrl Pts',(23.0309465750202,21.8038507791993,-47.5559395348768));
#7471=CARTESIAN_POINT('Ctrl Pts',(23.1167189160591,-8.1954406655558,-47.4888601128923));
#7472=CARTESIAN_POINT('Ctrl Pts',(23.1167189160591,21.8038507791993,-47.4888601128923));
#7473=CARTESIAN_POINT('Ctrl Pts',(23.2113280071767,-8.1954406655558,-47.4057100817467));
#7474=CARTESIAN_POINT('Ctrl Pts',(23.2113280071767,21.8038507791993,-47.4057100817467));
#7475=CARTESIAN_POINT('Ctrl Pts',(23.5731942440663,-8.1954406655558,-47.0668999945603));
#7476=CARTESIAN_POINT('Ctrl Pts',(23.5731942440663,21.8038507791993,-47.0668999945603));
#7477=CARTESIAN_POINT('Ctrl Pts',(23.8593271632766,-8.19544066555581,-46.7707407901548));
#7478=CARTESIAN_POINT('Ctrl Pts',(23.8593271632766,21.8038507791992,-46.7707407901548));
#7479=CARTESIAN_POINT('Ctrl Pts',(24.0352584196183,-8.19544066555581,-46.5593979520715));
#7480=CARTESIAN_POINT('Ctrl Pts',(24.0352584196183,21.8038507791992,-46.5593979520715));
#7481=CARTESIAN_POINT('Ctrl Pts',(24.0779855614594,-8.1954406655558,-46.5065483244729));
#7482=CARTESIAN_POINT('Ctrl Pts',(24.0779855614594,21.8038507791992,-46.5065483244729));
#7483=CARTESIAN_POINT('Ctrl Pts',(24.0999222929911,-8.1954406655558,-46.4676166326803));
#7484=CARTESIAN_POINT('Ctrl Pts',(24.0999222929911,21.8038507791992,-46.4676166326803));
#7485=CARTESIAN_POINT('Ctrl Pts',(24.1032647404403,-8.1954406655558,-46.4609798031063));
#7486=CARTESIAN_POINT('Ctrl Pts',(24.1032647404403,21.8038507791992,-46.4609798031063));
#7487=CARTESIAN_POINT('Ctrl Pts',(24.1053656431131,-8.1954406655558,-46.453647162124));
#7488=CARTESIAN_POINT('Ctrl Pts',(24.1053656431131,21.8038507791992,-46.453647162124));
#7489=CARTESIAN_POINT('Ctrl Pts',(24.1057516303789,-8.1954406655558,-46.4517239954664));
#7490=CARTESIAN_POINT('Ctrl Pts',(24.1057516303789,21.8038507791992,-46.4517239954664));
#7491=CARTESIAN_POINT('Ctrl Pts',(24.1057516303789,-8.1954406655558,-46.4500020186417));
#7492=CARTESIAN_POINT('Ctrl Pts',(24.1057516303789,21.8038507791992,-46.4500020186417));
#7493=CARTESIAN_POINT('',(24.1057516303789,20.4587480781681,-46.4499962872762));
#7494=CARTESIAN_POINT('Ctrl Pts',(22.9557516303789,21.8038507791992,-47.6000020186417));
#7495=CARTESIAN_POINT('Ctrl Pts',(22.9559141367971,21.8035883076557,-47.6000020186417));
#7496=CARTESIAN_POINT('Ctrl Pts',(22.9560776948224,21.8033262350668,-47.5999985741095));
#7497=CARTESIAN_POINT('Ctrl Pts',(22.9573100611442,21.8013658753367,-47.5999491378386));
#7498=CARTESIAN_POINT('Ctrl Pts',(22.9584369767006,21.7996534339227,-47.5997720821136));
#7499=CARTESIAN_POINT('Ctrl Pts',(22.9608888606766,21.7960279375159,-47.5992206171576));
#7500=CARTESIAN_POINT('Ctrl Pts',(22.9622750282369,21.7940445479101,-47.5987990726759));
#7501=CARTESIAN_POINT('Ctrl Pts',(22.9670880155545,21.7872987216465,-47.5971000532554));
#7502=CARTESIAN_POINT('Ctrl Pts',(22.9708177159707,21.7823286573143,-47.5953525966899));
#7503=CARTESIAN_POINT('Ctrl Pts',(22.9845980118845,21.7643753837205,-47.5881923269988));
#7504=CARTESIAN_POINT('Ctrl Pts',(22.9966147055186,21.7496714217217,-47.5803075801495));
#7505=CARTESIAN_POINT('Ctrl Pts',(23.0434590344826,21.6933400249192,-47.547696473568));
#7506=CARTESIAN_POINT('Ctrl Pts',(23.0906307900972,21.6398080014791,-47.508741408996));
#7507=CARTESIAN_POINT('Ctrl Pts',(23.1687865008519,21.5517814278928,-47.4420042674068));
#7508=CARTESIAN_POINT('Ctrl Pts',(23.213337532227,21.5022521343236,-47.4022075067451));
#7509=CARTESIAN_POINT('Ctrl Pts',(23.5108990906745,21.172589588658,-47.130091880507));
#7510=CARTESIAN_POINT('Ctrl Pts',(23.8354589477084,20.8196426573014,-46.7980684481458));
#7511=CARTESIAN_POINT('Ctrl Pts',(24.0047816417402,20.6094401848031,-46.596002446446));
#7512=CARTESIAN_POINT('Ctrl Pts',(24.0068527955699,20.6068611588718,-46.5935222581245));
#7513=CARTESIAN_POINT('Ctrl Pts',(24.0366268821546,20.5696638553118,-46.5577362129069));
#7514=CARTESIAN_POINT('Ctrl Pts',(24.0734762115628,20.5221724292507,-46.5117668039559));
#7515=CARTESIAN_POINT('Ctrl Pts',(24.0954127644783,20.485102144094,-46.475689580936));
#7516=CARTESIAN_POINT('Ctrl Pts',(24.0980700455265,20.4803364291436,-46.4710484748192));
#7517=CARTESIAN_POINT('Ctrl Pts',(24.1018907978211,20.4724631643799,-46.4633757791614));
#7518=CARTESIAN_POINT('Ctrl Pts',(24.1035103521369,20.4687520439466,-46.4597574104864));
#7519=CARTESIAN_POINT('Ctrl Pts',(24.1051919680679,20.4632616461225,-46.4544014157172));
#7520=CARTESIAN_POINT('Ctrl Pts',(24.1057516303789,20.4608702190266,-46.4520678022634));
#7521=CARTESIAN_POINT('Ctrl Pts',(24.1057516303789,20.4587539496011,-46.4500020186417));
#7522=CARTESIAN_POINT('',(24.1057516303789,18.6438507791992,-46.4500020186417));
#7523=CARTESIAN_POINT('Ctrl Pts',(42.9305252853582,21.8038507791992,-47.6000020186417));
#7524=CARTESIAN_POINT('Ctrl Pts',(36.2722674003651,21.8038507791992,-47.6000020186417));
#7525=CARTESIAN_POINT('Ctrl Pts',(29.614009515372,21.8038507791992,-47.6000020186417));
#7526=CARTESIAN_POINT('Ctrl Pts',(22.9557516303789,21.8038507791992,-47.6000020186417));
#7527=CARTESIAN_POINT('Ctrl Pts',(42.9305252853582,21.7735462028627,-47.6000020186417));
#7528=CARTESIAN_POINT('Ctrl Pts',(36.272267400365,21.7735462028627,-47.6000020186417));
#7529=CARTESIAN_POINT('Ctrl Pts',(29.614009515372,21.7735462028627,-47.6000020186417));
#7530=CARTESIAN_POINT('Ctrl Pts',(22.9557516303789,21.7735462028627,-47.6000020186417));
#7531=CARTESIAN_POINT('Ctrl Pts',(42.9305252853582,21.6628538434155,-47.539222256977));
#7532=CARTESIAN_POINT('Ctrl Pts',(36.2722674003651,21.6628538434155,-47.539222256977));
#7533=CARTESIAN_POINT('Ctrl Pts',(29.614009515372,21.6628538434155,-47.539222256977));
#7534=CARTESIAN_POINT('Ctrl Pts',(22.9557516303789,21.6628538434155,-47.539222256977));
#7535=CARTESIAN_POINT('Ctrl Pts',(42.9305252853582,21.2069024918134,-47.1558037539712));
#7536=CARTESIAN_POINT('Ctrl Pts',(36.2722674003651,21.2069024918134,-47.1558037539712));
#7537=CARTESIAN_POINT('Ctrl Pts',(29.614009515372,21.2069024918134,-47.1558037539712));
#7538=CARTESIAN_POINT('Ctrl Pts',(22.9557516303789,21.2069024918134,-47.1558037539712));
#7539=CARTESIAN_POINT('Ctrl Pts',(42.9305252853582,20.6257796652291,-46.6224368024037));
#7540=CARTESIAN_POINT('Ctrl Pts',(36.2722674003651,20.6257796652291,-46.6224368024037));
#7541=CARTESIAN_POINT('Ctrl Pts',(29.614009515372,20.6257796652291,-46.6224368024037));
#7542=CARTESIAN_POINT('Ctrl Pts',(22.9557516303789,20.6257796652291,-46.6224368024037));
#7543=CARTESIAN_POINT('Ctrl Pts',(42.9305252853582,19.7784930395819,-45.7754422144158));
#7544=CARTESIAN_POINT('Ctrl Pts',(36.2722674003651,19.7784930395819,-45.7754422144158));
#7545=CARTESIAN_POINT('Ctrl Pts',(29.614009515372,19.7784930395819,-45.7754422144158));
#7546=CARTESIAN_POINT('Ctrl Pts',(22.9557516303789,19.7784930395819,-45.7754422144158));
#7547=CARTESIAN_POINT('Ctrl Pts',(42.9305252853582,19.141317773751,-45.080293242834));
#7548=CARTESIAN_POINT('Ctrl Pts',(36.2722674003651,19.141317773751,-45.080293242834));
#7549=CARTESIAN_POINT('Ctrl Pts',(29.614009515372,19.141317773751,-45.080293242834));
#7550=CARTESIAN_POINT('Ctrl Pts',(22.9557516303789,19.141317773751,-45.080293242834));
#7551=CARTESIAN_POINT('Ctrl Pts',(42.9305252853582,18.8427962921042,-44.7049048851553));
#7552=CARTESIAN_POINT('Ctrl Pts',(36.2722674003651,18.8427962921042,-44.7049048851553));
#7553=CARTESIAN_POINT('Ctrl Pts',(29.614009515372,18.8427962921042,-44.7049048851553));
#7554=CARTESIAN_POINT('Ctrl Pts',(22.9557516303789,18.8427962921042,-44.7049048851553));
#7555=CARTESIAN_POINT('Ctrl Pts',(42.9305252853582,18.8038507791992,-44.6202050695327));
#7556=CARTESIAN_POINT('Ctrl Pts',(36.2722674003651,18.8038507791992,-44.6202050695327));
#7557=CARTESIAN_POINT('Ctrl Pts',(29.614009515372,18.8038507791992,-44.6202050695327));
#7558=CARTESIAN_POINT('Ctrl Pts',(22.9557516303789,18.8038507791992,-44.6202050695327));
#7559=CARTESIAN_POINT('Ctrl Pts',(42.9305252853582,18.8038507791992,-44.6000020186417));
#7560=CARTESIAN_POINT('Ctrl Pts',(36.2722674003651,18.8038507791992,-44.6000020186417));
#7561=CARTESIAN_POINT('Ctrl Pts',(29.614009515372,18.8038507791992,-44.6000020186417));
#7562=CARTESIAN_POINT('Ctrl Pts',(22.9557516303789,18.8038507791992,-44.6000020186417));
#7563=CARTESIAN_POINT('',(24.1057516303789,18.8038507791992,-44.6000020186417));
#7564=CARTESIAN_POINT('Ctrl Pts',(40.0082099127639,18.8038507791992,-44.6000020186417));
#7565=CARTESIAN_POINT('Ctrl Pts',(34.7073904853022,18.8038507791992,-44.6000020186417));
#7566=CARTESIAN_POINT('Ctrl Pts',(29.4065710578405,18.8038507791992,-44.6000020186417));
#7567=CARTESIAN_POINT('Ctrl Pts',(24.1057516303789,18.8038507791992,-44.6000020186417));
#7568=CARTESIAN_POINT('Ctrl Pts',(24.1057516303789,20.457788676492,-46.449246655442));
#7569=CARTESIAN_POINT('Ctrl Pts',(24.1057516303789,20.2414854974879,-46.237952409305));
#7570=CARTESIAN_POINT('Ctrl Pts',(24.1057516303789,20.0157941397813,-46.0108924408308));
#7571=CARTESIAN_POINT('Ctrl Pts',(24.1057516303789,19.8135115995513,-45.8007498171502));
#7572=CARTESIAN_POINT('Ctrl Pts',(24.1057516303789,19.566101284305,-45.5437258905552));
#7573=CARTESIAN_POINT('Ctrl Pts',(24.1057516303789,19.353709529028,-45.3120095666946));
#7574=CARTESIAN_POINT('Ctrl Pts',(24.1057516303789,19.197760071115,-45.1335866784845));
#7575=CARTESIAN_POINT('Ctrl Pts',(24.1057516303789,19.0418106132021,-44.9551637902744));
#7576=CARTESIAN_POINT('Ctrl Pts',(24.1057516303789,18.9423034526532,-44.8300343377149));
#7577=CARTESIAN_POINT('Ctrl Pts',(24.1057516303789,18.8828134941525,-44.7462946575294));
#7578=CARTESIAN_POINT('Ctrl Pts',(24.1057516303789,18.8233235356517,-44.662554977344));
#7579=CARTESIAN_POINT('Ctrl Pts',(24.1057516303789,18.8038507791992,-44.6202050695327));
#7580=CARTESIAN_POINT('Ctrl Pts',(24.1057516303789,18.8038507791992,-44.6000020186417));
#7581=CARTESIAN_POINT('Origin',(40.0082099127639,18.8038507791992,-47.6000020186417));
#7582=CARTESIAN_POINT('',(24.1057516303789,18.8038507791992,-42.6000020186417));
#7583=CARTESIAN_POINT('',(40.0082099127639,18.8038507791992,-42.6000020186417));
#7584=CARTESIAN_POINT('',(24.1057516303789,18.8038507791992,-47.6000020186417));
#7585=CARTESIAN_POINT('Origin',(24.1057516303789,2.60455933444422,-47.6000020186417));
#7586=CARTESIAN_POINT('',(24.1057516303789,2.60455933444422,-42.6000020186417));
#7587=CARTESIAN_POINT('',(24.1057516303789,2.60455933444422,-47.6000020186417));
#7588=CARTESIAN_POINT('',(-33.3384588938968,2.60455933444422,-42.6000020186417));
#7589=CARTESIAN_POINT('Origin',(24.1057516303789,18.6438507791992,-47.6000020186417));
#7590=CARTESIAN_POINT('',(24.1057516303789,18.6438280102069,-42.6000020186417));
#7591=CARTESIAN_POINT('',(24.1057516303789,18.6438507791992,-42.6000020186417));
#7592=CARTESIAN_POINT('',(24.1057516303789,9.32192538959962,-42.6000020186417));
#7593=CARTESIAN_POINT('Origin',(32.0569807715714,10.6242050568217,-42.6000020186417));
#7594=CARTESIAN_POINT('',(-40.6962948565185,18.6438280102069,-42.6000020186417));
#7595=CARTESIAN_POINT('Origin',(14.0583209288472,10.7022139877044,-42.6000020186417));
#7596=CARTESIAN_POINT('',(21.8083387641103,18.6438280102069,-42.6000020186417));
#7597=CARTESIAN_POINT('',(-40.6962948565185,18.6438280102069,-42.6000020186417));
#7598=CARTESIAN_POINT('',(21.8083387641103,18.7999995909631,-42.6000020186417));
#7599=CARTESIAN_POINT('',(6.30830309358415,18.7999995909631,-42.6000020186417));
#7600=CARTESIAN_POINT('',(21.8083387641103,18.7999995909631,-42.6000020186417));
#7601=CARTESIAN_POINT('Origin',(21.8083387641103,18.7999995909631,-47.6000020186417));
#7602=CARTESIAN_POINT('',(21.8083387641103,18.7999995909631,-47.6000020186417));
#7603=CARTESIAN_POINT('Origin',(21.8083387641103,2.6044283844456,-47.6000020186417));
#7604=CARTESIAN_POINT('',(21.8083387641103,1.3022141922228,-42.6000020186417));
#7605=CARTESIAN_POINT('Origin',(37.5594320187622,-7.5,39.0055233276637));
#7606=CARTESIAN_POINT('',(37.5594320187622,-10.,40.5055233276637));
#7607=CARTESIAN_POINT('Origin',(37.5594320187622,-10.,39.0055233276637));
#7608=CARTESIAN_POINT('',(37.5594320187622,-5.,40.5055233276637));
#7609=CARTESIAN_POINT('',(37.5594320187622,-7.5,40.5055233276637));
#7610=CARTESIAN_POINT('Origin',(37.5594320187622,-5.,39.0055233276637));
#7611=CARTESIAN_POINT('Origin',(37.5594320187622,-5.,39.0055233276637));
#7612=CARTESIAN_POINT('',(37.5594320187622,-5.,37.9055233276637));
#7613=CARTESIAN_POINT('Origin',(37.5594320187622,-5.,39.0055233276637));
#7614=CARTESIAN_POINT('Origin',(-11.4571806044535,-7.5,-19.0222239246659));
#7615=CARTESIAN_POINT('',(-11.4571806044535,-10.,-17.5222239246659));
#7616=CARTESIAN_POINT('Origin',(-11.4571806044535,-10.,-19.0222239246659));
#7617=CARTESIAN_POINT('',(-11.4571806044535,-5.,-17.5222239246659));
#7618=CARTESIAN_POINT('',(-11.4571806044535,-7.5,-17.5222239246659));
#7619=CARTESIAN_POINT('Origin',(-11.4571806044535,-5.,-19.0222239246659));
#7620=CARTESIAN_POINT('Origin',(-11.4571806044535,-5.,-19.0222239246659));
#7621=CARTESIAN_POINT('',(-11.4571806044535,-5.,-20.1222239246659));
#7622=CARTESIAN_POINT('Origin',(-11.4571806044535,-5.,-19.0222239246659));
#7623=CARTESIAN_POINT('Origin',(37.5713032626127,-7.5,-18.9924814548316));
#7624=CARTESIAN_POINT('',(37.5713032626127,-10.,-17.4924814548316));
#7625=CARTESIAN_POINT('Origin',(37.5713032626127,-10.,-18.9924814548316));
#7626=CARTESIAN_POINT('',(37.5713032626127,-5.,-17.4924814548316));
#7627=CARTESIAN_POINT('',(37.5713032626127,-7.5,-17.4924814548316));
#7628=CARTESIAN_POINT('Origin',(37.5713032626127,-5.,-18.9924814548316));
#7629=CARTESIAN_POINT('Origin',(37.5713032626127,-5.,-18.9924814548316));
#7630=CARTESIAN_POINT('',(37.5713032626127,-5.,-17.8924814548316));
#7631=CARTESIAN_POINT('Origin',(37.5713032626127,-5.,-18.9924814548316));
#7632=CARTESIAN_POINT('Origin',(-11.4325242977401,-7.5,38.9829151155651));
#7633=CARTESIAN_POINT('',(-11.4325242977401,-10.,40.4829151155651));
#7634=CARTESIAN_POINT('Origin',(-11.4325242977401,-10.,38.9829151155651));
#7635=CARTESIAN_POINT('',(-11.4325242977401,-5.,40.4829151155651));
#7636=CARTESIAN_POINT('',(-11.4325242977401,-7.5,40.4829151155651));
#7637=CARTESIAN_POINT('Origin',(-11.4325242977401,-5.,38.9829151155651));
#7638=CARTESIAN_POINT('Origin',(-11.4325242977401,-5.,38.9829151155651));
#7639=CARTESIAN_POINT('',(-11.4325242977401,-5.,37.8829151155651));
#7640=CARTESIAN_POINT('Origin',(-11.4325242977401,-5.,38.9829151155651));
#7641=CARTESIAN_POINT('Origin',(9.39007970513543,20.6438280102069,-19.3003285648757));
#7642=CARTESIAN_POINT('',(41.1581506928567,20.6438280102069,-42.6000020233914));
#7643=CARTESIAN_POINT('',(41.1581506928567,20.6438280102069,3.99934489363996));
#7644=CARTESIAN_POINT('',(41.1581506928567,20.6438280102069,-30.9501652917587));
#7645=CARTESIAN_POINT('',(-22.4325010726112,20.6438280102069,-42.6000020233914));
#7646=CARTESIAN_POINT('',(-40.6962948565185,20.6438280102069,-42.6000020186417));
#7647=CARTESIAN_POINT('',(-22.4325010726112,20.6438280102069,-41.6000020233914));
#7648=CARTESIAN_POINT('',(-22.4325010726112,20.6438280102069,-41.6000020233914));
#7649=CARTESIAN_POINT('',(40.1582926259642,20.6438280102069,-41.5999989599935));
#7650=CARTESIAN_POINT('',(41.2126604828821,20.6438280102069,-41.6000020233914));
#7651=CARTESIAN_POINT('',(40.1582926259642,20.6438280102069,3.99934489363996));
#7652=CARTESIAN_POINT('',(40.1582926259642,20.6438280102069,-41.5999989599935));
#7653=CARTESIAN_POINT('',(40.1582926259642,20.6438280102069,3.99934489363996));
#7654=CARTESIAN_POINT('Origin',(41.1582926259642,20.6438280102069,3.99934489363996));
#7655=CARTESIAN_POINT('',(41.1581506928567,18.6438280102069,3.99934489363996));
#7656=CARTESIAN_POINT('',(41.1581506928567,10.3219140051034,3.99934489363996));
#7657=CARTESIAN_POINT('',(40.1582926259642,18.6438280102069,3.99934489363996));
#7658=CARTESIAN_POINT('',(40.1582926259642,20.6438280102069,3.99934489363996));
#7659=CARTESIAN_POINT('',(40.1582926259642,18.6438280102069,3.99934489363996));
#7660=CARTESIAN_POINT('Origin',(-22.4325010726112,20.6438280102069,-41.6000020233914));
#7661=CARTESIAN_POINT('',(-22.4325010726112,18.6438280102069,-42.6000020233914));
#7662=CARTESIAN_POINT('',(-22.4325010726112,10.3219140051034,-42.6000020186417));
#7663=CARTESIAN_POINT('',(-22.4325010726112,18.6438280102069,-41.6000020233914));
#7664=CARTESIAN_POINT('',(-22.4325010726112,18.6438280102069,-41.6000020233914));
#7665=CARTESIAN_POINT('',(-22.4325010726112,20.6438280102069,-41.6000020233914));
#7666=CARTESIAN_POINT('Origin',(40.1582926259642,20.6438280102069,-41.6000020233914));
#7667=CARTESIAN_POINT('',(40.1582926259642,18.6438280102069,-41.5999989599935));
#7668=CARTESIAN_POINT('',(41.2126604828821,18.6438280102069,-41.6000020233914));
#7669=CARTESIAN_POINT('',(40.1582926259642,20.6438280102069,-41.5999989599935));
#7670=CARTESIAN_POINT('Origin',(40.1582926259642,20.6438280102069,3.99934489363996));
#7671=CARTESIAN_POINT('',(40.1582926259642,18.6438280102069,-41.5999989599935));
#7672=CARTESIAN_POINT('Origin',(9.39007970513543,18.6438280102069,-19.3003285648757));
#7673=CARTESIAN_POINT('',(41.1581506928567,18.6438280102069,-42.6000020233914));
#7674=CARTESIAN_POINT('',(41.1581506928567,18.6438280102069,-30.9501652917587));
#7675=CARTESIAN_POINT('',(-40.6962948565185,18.6438280102069,-42.6000020186417));
#7676=CARTESIAN_POINT('',(-40.6962948565185,18.6438280102069,-42.6000020186417));
#7677=CARTESIAN_POINT('',(-40.6962948565185,18.6438280102069,-42.6000020186417));
#7678=CARTESIAN_POINT('Origin',(41.1581506928567,0.,-42.6000020186417));
#7679=CARTESIAN_POINT('',(41.1581506928567,-5.,-42.6000020186417));
#7680=CARTESIAN_POINT('',(41.1581506928567,0.,-42.6000020186417));
#7681=CARTESIAN_POINT('',(41.1581506928567,-5.,77.6002926500507));
#7682=CARTESIAN_POINT('',(41.1581506928567,-5.,77.6002926500507));
#7683=CARTESIAN_POINT('',(41.1581506928567,18.6438280102069,77.6002926500507));
#7684=CARTESIAN_POINT('',(41.1581506928567,0.,77.6002926500507));
#7685=CARTESIAN_POINT('',(41.1581506928567,18.6438280102069,31.0011671483292));
#7686=CARTESIAN_POINT('',(41.1581506928567,18.6438280102069,17.2493017789378));
#7687=CARTESIAN_POINT('',(41.1581506928567,20.6438280102069,31.0011671483292));
#7688=CARTESIAN_POINT('',(41.1581506928567,10.3219140051034,31.0011671483292));
#7689=CARTESIAN_POINT('',(41.1581506928567,20.6438280102069,77.6002926500507));
#7690=CARTESIAN_POINT('',(41.1581506928567,20.6438280102069,17.2493017789378));
#7691=CARTESIAN_POINT('',(41.1581506928567,25.6453,77.6002926500507));
#7692=CARTESIAN_POINT('',(41.1581506928567,0.,77.6002926500507));
#7693=CARTESIAN_POINT('',(41.1581506928567,25.6453,-42.6000020186417));
#7694=CARTESIAN_POINT('',(41.1581506928567,25.6453,77.6002926500507));
#7695=CARTESIAN_POINT('',(41.1581506928567,0.,-42.6000020186417));
#7696=CARTESIAN_POINT('',(41.1581506928567,2.50451346556051,-7.80011298229765));
#7697=CARTESIAN_POINT('',(41.1581506928567,2.50451346556051,-15.2000128157507));
#7698=CARTESIAN_POINT('',(41.1581506928567,2.50451346556051,-25.3000575004697));
#7699=CARTESIAN_POINT('',(41.1581506928567,8.90453369509053,-15.2000128157507));
#7700=CARTESIAN_POINT('',(41.1581506928567,4.35226684754526,-15.2000128157507));
#7701=CARTESIAN_POINT('',(41.1581506928567,8.90453369509053,-7.80011298229765));
#7702=CARTESIAN_POINT('',(41.1581506928567,8.90453369509053,-25.3000575004697));
#7703=CARTESIAN_POINT('',(41.1581506928567,1.35225673278025,-7.80011298229765));
#7704=CARTESIAN_POINT('',(41.1581506928567,6.36428572212741,36.2700016989838));
#7705=CARTESIAN_POINT('',(41.1581506928567,2.20025039638433,36.2700016989838));
#7706=CARTESIAN_POINT('',(41.1581506928567,1.10012519819217,36.2700016989838));
#7707=CARTESIAN_POINT('',(41.1581506928567,2.20025039638433,26.3300012743566));
#7708=CARTESIAN_POINT('',(41.1581506928567,2.20025039638433,-8.13500037214253));
#7709=CARTESIAN_POINT('',(41.1581506928567,6.36428572212741,26.3300012743566));
#7710=CARTESIAN_POINT('',(41.1581506928567,3.18214286106371,26.3300012743566));
#7711=CARTESIAN_POINT('',(41.1581506928567,6.36428572212741,-3.16500015982893));
#7712=CARTESIAN_POINT('',(41.1581506928567,6.10352264456218,6.74912308574538));
#7713=CARTESIAN_POINT('',(41.1581506928567,2.20452212310399,6.74912308574538));
#7714=CARTESIAN_POINT('',(41.1581506928567,1.10226106155199,6.74912308574538));
#7715=CARTESIAN_POINT('',(41.1581506928567,2.20452212310399,-0.749876416416874));
#7716=CARTESIAN_POINT('',(41.1581506928567,2.20452212310399,-21.6749392175293));
#7717=CARTESIAN_POINT('',(41.1581506928567,6.10352264456218,-0.749876416416874));
#7718=CARTESIAN_POINT('',(41.1581506928567,3.05176132228109,-0.749876416416875));
#7719=CARTESIAN_POINT('',(41.1581506928567,6.10352264456218,-17.9254394664482));
#7720=CARTESIAN_POINT('',(41.1581506928567,6.10229131150282,20.2481408334578));
#7721=CARTESIAN_POINT('',(41.1581506928567,2.20456368773976,20.2481408334578));
#7722=CARTESIAN_POINT('',(41.1581506928567,1.10228184386988,20.2481408334578));
#7723=CARTESIAN_POINT('',(41.1581506928567,2.20456368773976,12.7500242438848));
#7724=CARTESIAN_POINT('',(41.1581506928567,2.20456368773976,-14.9249888873785));
#7725=CARTESIAN_POINT('',(41.1581506928567,6.10229131150282,12.7500242438848));
#7726=CARTESIAN_POINT('',(41.1581506928567,3.05114565575141,12.7500242438848));
#7727=CARTESIAN_POINT('',(41.1581506928567,6.10229131150282,-11.1759305925919));
#7728=CARTESIAN_POINT('Origin',(40.6582924261703,18.6438280102069,77.0986055765173));
#7729=CARTESIAN_POINT('',(-22.5826309114838,18.6438280102069,77.6002926500507));
#7730=CARTESIAN_POINT('',(40.9082215595135,18.6438280102069,77.6002926500507));
#7731=CARTESIAN_POINT('',(-22.5826309114838,18.6438280102069,76.6005024861285));
#7732=CARTESIAN_POINT('',(-22.5826309114838,18.6438280102069,76.6005024861285));
#7733=CARTESIAN_POINT('',(40.158314157118,18.6438280102069,76.6005024861285));
#7734=CARTESIAN_POINT('',(41.1582706952227,18.6438280102069,76.6005024861285));
#7735=CARTESIAN_POINT('',(40.158314157118,18.6438280102069,31.0011671483292));
#7736=CARTESIAN_POINT('',(40.158314157118,18.6438280102069,31.0011671483292));
#7737=CARTESIAN_POINT('',(41.158314157118,18.6438280102069,31.0011671483292));
#7738=CARTESIAN_POINT('Origin',(-22.5826309114838,20.6438280102069,77.6005024861285));
#7739=CARTESIAN_POINT('',(-22.5826309114838,20.6438280102069,77.6002926500507));
#7740=CARTESIAN_POINT('',(-22.5826309114838,10.3219140051034,77.6002926500507));
#7741=CARTESIAN_POINT('',(-22.5826309114838,20.6438280102069,76.6005024861285));
#7742=CARTESIAN_POINT('',(-22.5826309114838,20.6438280102069,76.6005024861285));
#7743=CARTESIAN_POINT('',(-22.5826309114838,20.6438280102069,76.6005024861285));
#7744=CARTESIAN_POINT('Origin',(40.158314157118,20.6438280102069,31.0011671483292));
#7745=CARTESIAN_POINT('',(40.158314157118,20.6438280102069,31.0011671483292));
#7746=CARTESIAN_POINT('',(40.158314157118,20.6438280102069,31.0011671483292));
#7747=CARTESIAN_POINT('',(41.158314157118,20.6438280102069,31.0011671483292));
#7748=CARTESIAN_POINT('Origin',(40.158314157118,20.6438280102069,76.6005024861285));
#7749=CARTESIAN_POINT('',(40.158314157118,20.6438280102069,76.6005024861285));
#7750=CARTESIAN_POINT('',(40.158314157118,20.6438280102069,31.0011671483292));
#7751=CARTESIAN_POINT('',(40.158314157118,20.6438280102069,76.6005024861285));
#7752=CARTESIAN_POINT('Origin',(-22.5826309114838,20.6438280102069,76.6005024861285));
#7753=CARTESIAN_POINT('',(41.1582706952227,20.6438280102069,76.6005024861285));
#7754=CARTESIAN_POINT('Origin',(40.6582924261703,20.6438280102069,77.0986055765173));
#7755=CARTESIAN_POINT('',(40.9082215595135,20.6438280102069,77.6002926500507));
#7756=CARTESIAN_POINT('Ctrl Pts',(-94.1361453633559,-8.35347594518334,-45.953477963825));
#7757=CARTESIAN_POINT('Ctrl Pts',(-93.9940420064399,-8.63768265901518,-45.8113746069091));
#7758=CARTESIAN_POINT('Ctrl Pts',(-93.6803316910472,-9.12202891838768,-45.4976642915164));
#7759=CARTESIAN_POINT('Ctrl Pts',(-92.8560165263587,-9.79450542406944,-44.6733491268279));
#7760=CARTESIAN_POINT('Ctrl Pts',(-92.1953132353576,-10.,-44.0126458358268));
#7761=CARTESIAN_POINT('Ctrl Pts',(-91.9041224523792,-10.,-43.7214550528483));
#7762=CARTESIAN_POINT('Ctrl Pts',(-93.851938649524,-8.49557930209926,-46.095581320741));
#7763=CARTESIAN_POINT('Ctrl Pts',(-93.7123094855818,-8.75068168514573,-45.9517187911861));
#7764=CARTESIAN_POINT('Ctrl Pts',(-93.3986667678094,-9.19647052077535,-45.6366538121199));
#7765=CARTESIAN_POINT('Ctrl Pts',(-92.5764552884067,-9.82268364474183,-44.8265460646377));
#7766=CARTESIAN_POINT('Ctrl Pts',(-91.9789155911975,-10.,-44.1966889485449));
#7767=CARTESIAN_POINT('Ctrl Pts',(-91.7190302852052,-10.,-43.9065472200223));
#7768=CARTESIAN_POINT('Ctrl Pts',(-93.237202265884,-8.7314095932981,-46.3314116119398));
#7769=CARTESIAN_POINT('Ctrl Pts',(-93.0978613887265,-8.94559060790824,-46.1883395638663));
#7770=CARTESIAN_POINT('Ctrl Pts',(-92.768713374803,-9.33909459968181,-45.8690016042643));
#7771=CARTESIAN_POINT('Ctrl Pts',(-91.9398933559301,-9.88557811530693,-45.0804929774087));
#7772=CARTESIAN_POINT('Ctrl Pts',(-91.5003213478907,-10.,-44.5181761559379));
#7773=CARTESIAN_POINT('Ctrl Pts',(-91.3001293421207,-10.,-44.2279802616589));
#7774=CARTESIAN_POINT('Ctrl Pts',(-91.6213613698294,-9.05127630677588,-46.6512783254176));
#7775=CARTESIAN_POINT('Ctrl Pts',(-91.4996542475046,-9.23448056921145,-46.491602256262));
#7776=CARTESIAN_POINT('Ctrl Pts',(-91.214542017747,-9.57391978180554,-46.1175569539851));
#7777=CARTESIAN_POINT('Ctrl Pts',(-90.8261106038726,-9.92584770121986,-45.3747252377878));
#7778=CARTESIAN_POINT('Ctrl Pts',(-90.6650000983332,-10.,-44.8263772382368));
#7779=CARTESIAN_POINT('Ctrl Pts',(-90.5683774864247,-10.,-44.5310818045798));
#7780=CARTESIAN_POINT('Ctrl Pts',(-90.3654513054126,-9.12132034355965,-46.7213223622013));
#7781=CARTESIAN_POINT('Ctrl Pts',(-90.3330997024663,-9.29615601473717,-46.5464866910238));
#7782=CARTESIAN_POINT('Ctrl Pts',(-90.2626214391454,-9.60958722789212,-46.1464168906486));
#7783=CARTESIAN_POINT('Ctrl Pts',(-90.1490699289365,-9.92340148579201,-45.4189729050639));
#7784=CARTESIAN_POINT('Ctrl Pts',(-90.0788674958436,-10.,-44.8763458168741));
#7785=CARTESIAN_POINT('Ctrl Pts',(-90.0448823054857,-10.,-44.6000020186417));
#7786=CARTESIAN_POINT('Ctrl Pts',(-89.7831224523792,-9.12132034355965,-46.7213223622013));
#7787=CARTESIAN_POINT('Ctrl Pts',(-89.7831224523792,-9.30644046598291,-46.5362022397781));
#7788=CARTESIAN_POINT('Ctrl Pts',(-89.7831224523792,-9.62792205500499,-46.1172380283205));
#7789=CARTESIAN_POINT('Ctrl Pts',(-89.7831224523792,-9.93106937662807,-45.3853756530611));
#7790=CARTESIAN_POINT('Ctrl Pts',(-89.7831224523792,-10.,-44.8618014064408));
#7791=CARTESIAN_POINT('Ctrl Pts',(-89.7831224523792,-10.,-44.6000020186417));
#7792=CARTESIAN_POINT('',(-89.7831224523792,-10.,-44.6000020186417));
#7793=CARTESIAN_POINT('Origin',(-89.7831224523792,-7.,-44.6000020186417));
#7794=CARTESIAN_POINT('Origin',(-89.7831224523792,-10.,-41.6004550528484));
#7795=CARTESIAN_POINT('Ctrl Pts',(-94.1361453633558,-8.35347594518334,80.953768595234));
#7796=CARTESIAN_POINT('Ctrl Pts',(-94.4203520771877,-8.21137258826742,80.8116652383181));
#7797=CARTESIAN_POINT('Ctrl Pts',(-94.9046983365601,-7.89766227287473,80.4979549229254));
#7798=CARTESIAN_POINT('Ctrl Pts',(-95.5771748422419,-7.07334710818623,79.6736397582369));
#7799=CARTESIAN_POINT('Ctrl Pts',(-95.7826694181725,-6.41264381718516,79.0129364672359));
#7800=CARTESIAN_POINT('Ctrl Pts',(-95.7826694181725,-6.12145303420666,78.7217456842574));
#7801=CARTESIAN_POINT('Ctrl Pts',(-94.2782487202717,-8.0692692313515,81.09587195215));
#7802=CARTESIAN_POINT('Ctrl Pts',(-94.5333511033182,-7.9296400674093,80.9520094225951));
#7803=CARTESIAN_POINT('Ctrl Pts',(-94.9791399389478,-7.61599734963689,80.6369444435289));
#7804=CARTESIAN_POINT('Ctrl Pts',(-95.6053530629143,-6.79378587023421,79.8268366960467));
#7805=CARTESIAN_POINT('Ctrl Pts',(-95.7826694181725,-6.19624617302502,79.1969795799539));
#7806=CARTESIAN_POINT('Ctrl Pts',(-95.7826694181725,-5.93636086703266,78.9068378514314));
#7807=CARTESIAN_POINT('Ctrl Pts',(-94.5140790114706,-7.45453284771157,81.3317022433488));
#7808=CARTESIAN_POINT('Ctrl Pts',(-94.7282600260807,-7.31519197055403,81.1886301952754));
#7809=CARTESIAN_POINT('Ctrl Pts',(-95.1217640178542,-6.98604395663048,80.8692922356733));
#7810=CARTESIAN_POINT('Ctrl Pts',(-95.6682475334794,-6.1572239377576,80.0807836088177));
#7811=CARTESIAN_POINT('Ctrl Pts',(-95.7826694181725,-5.71765192971816,79.5184667873469));
#7812=CARTESIAN_POINT('Ctrl Pts',(-95.7826694181725,-5.51745992394822,79.2282708930679));
#7813=CARTESIAN_POINT('Ctrl Pts',(-94.8339457249484,-5.83869195165687,81.6515689568266));
#7814=CARTESIAN_POINT('Ctrl Pts',(-95.0171499873839,-5.71698482933207,81.4918928876709));
#7815=CARTESIAN_POINT('Ctrl Pts',(-95.356589199978,-5.43187259957448,81.1178475853941));
#7816=CARTESIAN_POINT('Ctrl Pts',(-95.7085171193924,-5.0434411857002,80.3750158691968));
#7817=CARTESIAN_POINT('Ctrl Pts',(-95.7826694181725,-4.88233068016071,79.8266678696458));
#7818=CARTESIAN_POINT('Ctrl Pts',(-95.7826694181725,-4.78570806825223,79.5313724359889));
#7819=CARTESIAN_POINT('Ctrl Pts',(-94.9039897617321,-4.58278188724013,81.7216129936103));
#7820=CARTESIAN_POINT('Ctrl Pts',(-95.0788254329096,-4.55043028429382,81.5467773224328));
#7821=CARTESIAN_POINT('Ctrl Pts',(-95.3922566460646,-4.47995202097294,81.1467075220576));
#7822=CARTESIAN_POINT('Ctrl Pts',(-95.7060709039645,-4.36640051076402,80.4192635364729));
#7823=CARTESIAN_POINT('Ctrl Pts',(-95.7826694181725,-4.29619807767114,79.8766364482831));
#7824=CARTESIAN_POINT('Ctrl Pts',(-95.7826694181725,-4.26221288731316,79.6002926500507));
#7825=CARTESIAN_POINT('Ctrl Pts',(-94.9039897617321,-4.00045303420666,81.7216129936103));
#7826=CARTESIAN_POINT('Ctrl Pts',(-95.0891098841554,-4.00045303420666,81.5364928711871));
#7827=CARTESIAN_POINT('Ctrl Pts',(-95.4105914731775,-4.00045303420666,81.1175286597296));
#7828=CARTESIAN_POINT('Ctrl Pts',(-95.7137387948005,-4.00045303420666,80.3856662844701));
#7829=CARTESIAN_POINT('Ctrl Pts',(-95.7826694181725,-4.00045303420666,79.8620920378498));
#7830=CARTESIAN_POINT('Ctrl Pts',(-95.7826694181725,-4.00045303420666,79.6002926500507));
#7831=CARTESIAN_POINT('',(-95.7826694181725,-4.00045303420666,79.6002926500507));
#7832=CARTESIAN_POINT('Origin',(-92.7826694181725,-4.00045303420666,79.6002926500507));
#7833=CARTESIAN_POINT('Origin',(-95.7826694181725,-4.00045303420666,76.6007456842574));
#7834=CARTESIAN_POINT('Ctrl Pts',(-94.1361453633558,23.9987759451833,-45.953477963825));
#7835=CARTESIAN_POINT('Ctrl Pts',(-93.9940420064399,23.8566725882674,-46.2376846776569));
#7836=CARTESIAN_POINT('Ctrl Pts',(-93.6803316910473,23.5429622728747,-46.7220309370294));
#7837=CARTESIAN_POINT('Ctrl Pts',(-92.8560165263587,22.7186471081862,-47.3945074427111));
#7838=CARTESIAN_POINT('Ctrl Pts',(-92.1953132353576,22.0579438171852,-47.6000020186417));
#7839=CARTESIAN_POINT('Ctrl Pts',(-91.9041224523792,21.7667530342067,-47.6000020186417));
#7840=CARTESIAN_POINT('Ctrl Pts',(-93.851938649524,24.1408793020993,-46.0955813207409));
#7841=CARTESIAN_POINT('Ctrl Pts',(-93.7123094855818,23.9970167725444,-46.3506837037874));
#7842=CARTESIAN_POINT('Ctrl Pts',(-93.3986667678094,23.6819517934782,-46.796472539417));
#7843=CARTESIAN_POINT('Ctrl Pts',(-92.5764552884067,22.871844045996,-47.4226856633835));
#7844=CARTESIAN_POINT('Ctrl Pts',(-91.9789155911975,22.2419869299032,-47.6000020186417));
#7845=CARTESIAN_POINT('Ctrl Pts',(-91.7190302852052,21.9518452013807,-47.6000020186417));
#7846=CARTESIAN_POINT('Ctrl Pts',(-93.2372022658841,24.3767095932981,-46.3314116119398));
#7847=CARTESIAN_POINT('Ctrl Pts',(-93.0978613887265,24.2336375452247,-46.5455926265499));
#7848=CARTESIAN_POINT('Ctrl Pts',(-92.768713374803,23.9142995856226,-46.9390966183235));
#7849=CARTESIAN_POINT('Ctrl Pts',(-91.9398933559301,23.125790958767,-47.4855801339486));
#7850=CARTESIAN_POINT('Ctrl Pts',(-91.5003213478907,22.5634741372962,-47.6000020186417));
#7851=CARTESIAN_POINT('Ctrl Pts',(-91.3001293421207,22.2732782430172,-47.6000020186417));
#7852=CARTESIAN_POINT('Ctrl Pts',(-91.6213613698294,24.6965763067759,-46.6512783254176));
#7853=CARTESIAN_POINT('Ctrl Pts',(-91.4996542475046,24.5369002376203,-46.8344825878531));
#7854=CARTESIAN_POINT('Ctrl Pts',(-91.214542017747,24.1628549353434,-47.1739218004472));
#7855=CARTESIAN_POINT('Ctrl Pts',(-90.8261106038726,23.4200232191461,-47.5258497198616));
#7856=CARTESIAN_POINT('Ctrl Pts',(-90.6650000983332,22.8716752195951,-47.6000020186417));
#7857=CARTESIAN_POINT('Ctrl Pts',(-90.5683774864247,22.5763797859381,-47.6000020186417));
#7858=CARTESIAN_POINT('Ctrl Pts',(-90.3654513054126,24.7666203435596,-46.7213223622013));
#7859=CARTESIAN_POINT('Ctrl Pts',(-90.3330997024663,24.5917846723821,-46.8961580333789));
#7860=CARTESIAN_POINT('Ctrl Pts',(-90.2626214391454,24.1917148720069,-47.2095892465338));
#7861=CARTESIAN_POINT('Ctrl Pts',(-90.1490699289365,23.4642708864222,-47.5234035044337));
#7862=CARTESIAN_POINT('Ctrl Pts',(-90.0788674958436,22.9216437982324,-47.6000020186417));
#7863=CARTESIAN_POINT('Ctrl Pts',(-90.0448823054857,22.6453,-47.6000020186417));
#7864=CARTESIAN_POINT('Ctrl Pts',(-89.7831224523792,24.7666203435596,-46.7213223622013));
#7865=CARTESIAN_POINT('Ctrl Pts',(-89.7831224523792,24.5815002211364,-46.9064424846246));
#7866=CARTESIAN_POINT('Ctrl Pts',(-89.7831224523792,24.1625360096789,-47.2279240736466));
#7867=CARTESIAN_POINT('Ctrl Pts',(-89.7831224523792,23.4306736344194,-47.5310713952697));
#7868=CARTESIAN_POINT('Ctrl Pts',(-89.7831224523792,22.9070993877991,-47.6000020186417));
#7869=CARTESIAN_POINT('Ctrl Pts',(-89.7831224523792,22.6453,-47.6000020186417));
#7870=CARTESIAN_POINT('Origin',(-89.7831224523792,22.6453,-44.6000020186417));
#7871=CARTESIAN_POINT('Origin',(-92.7826694181725,0.,-44.6000020186417));
#7872=CARTESIAN_POINT('',(-95.7826694181725,0.,-44.6000020186417));
#7873=CARTESIAN_POINT('Ctrl Pts',(44.5116266380401,-8.35347594518334,-45.953477963825));
#7874=CARTESIAN_POINT('Ctrl Pts',(44.3695232811241,-8.63768265901518,-45.8113746069091));
#7875=CARTESIAN_POINT('Ctrl Pts',(44.0558129657314,-9.12202891838768,-45.4976642915164));
#7876=CARTESIAN_POINT('Ctrl Pts',(43.2314978010429,-9.79450542406944,-44.6733491268279));
#7877=CARTESIAN_POINT('Ctrl Pts',(42.5707945100419,-10.,-44.0126458358268));
#7878=CARTESIAN_POINT('Ctrl Pts',(42.2796037270634,-10.,-43.7214550528483));
#7879=CARTESIAN_POINT('Ctrl Pts',(44.653729994956,-8.49557930209926,-45.6692712499932));
#7880=CARTESIAN_POINT('Ctrl Pts',(44.5098674654011,-8.75068168514573,-45.529642086051));
#7881=CARTESIAN_POINT('Ctrl Pts',(44.194802486335,-9.19647052077535,-45.2159993682786));
#7882=CARTESIAN_POINT('Ctrl Pts',(43.3846947388527,-9.82268364474183,-44.3937878888759));
#7883=CARTESIAN_POINT('Ctrl Pts',(42.75483762276,-10.,-43.7962481916667));
#7884=CARTESIAN_POINT('Ctrl Pts',(42.4646958942374,-10.,-43.5363628856744));
#7885=CARTESIAN_POINT('Ctrl Pts',(44.8895602861548,-8.7314095932981,-45.0545348663533));
#7886=CARTESIAN_POINT('Ctrl Pts',(44.7464882380814,-8.94559060790823,-44.9151939891957));
#7887=CARTESIAN_POINT('Ctrl Pts',(44.4271502784793,-9.3390945996818,-44.5860459752722));
#7888=CARTESIAN_POINT('Ctrl Pts',(43.6386416516237,-9.88557811530693,-43.7572259563993));
#7889=CARTESIAN_POINT('Ctrl Pts',(43.0763248301529,-10.,-43.3176539483598));
#7890=CARTESIAN_POINT('Ctrl Pts',(42.7861289358739,-10.,-43.1174619425899));
#7891=CARTESIAN_POINT('Ctrl Pts',(45.2094269996326,-9.05127630677587,-43.4386939702985));
#7892=CARTESIAN_POINT('Ctrl Pts',(45.049750930477,-9.23448056921144,-43.3169868479737));
#7893=CARTESIAN_POINT('Ctrl Pts',(44.6757056282001,-9.57391978180554,-43.0318746182162));
#7894=CARTESIAN_POINT('Ctrl Pts',(43.9328739120028,-9.92584770121986,-42.6434432043419));
#7895=CARTESIAN_POINT('Ctrl Pts',(43.3845259124518,-10.,-42.4823326988024));
#7896=CARTESIAN_POINT('Ctrl Pts',(43.0892304787949,-10.,-42.3857100868939));
#7897=CARTESIAN_POINT('Ctrl Pts',(45.2794710364164,-9.12132034355964,-42.1827839058818));
#7898=CARTESIAN_POINT('Ctrl Pts',(45.1046353652388,-9.29615601473717,-42.1504323029355));
#7899=CARTESIAN_POINT('Ctrl Pts',(44.7045655648636,-9.60958722789212,-42.0799540396146));
#7900=CARTESIAN_POINT('Ctrl Pts',(43.9771215792789,-9.92340148579201,-41.9664025294057));
#7901=CARTESIAN_POINT('Ctrl Pts',(43.4344944910892,-10.,-41.8962000963128));
#7902=CARTESIAN_POINT('Ctrl Pts',(43.1581506928567,-10.,-41.8622149059548));
#7903=CARTESIAN_POINT('Ctrl Pts',(45.2794710364164,-9.12132034355964,-41.6004550528483));
#7904=CARTESIAN_POINT('Ctrl Pts',(45.0943509139931,-9.30644046598291,-41.6004550528483));
#7905=CARTESIAN_POINT('Ctrl Pts',(44.6753867025356,-9.62792205500499,-41.6004550528483));
#7906=CARTESIAN_POINT('Ctrl Pts',(43.9435243272761,-9.93106937662807,-41.6004550528484));
#7907=CARTESIAN_POINT('Ctrl Pts',(43.4199500806559,-10.,-41.6004550528483));
#7908=CARTESIAN_POINT('Ctrl Pts',(43.1581506928567,-10.,-41.6004550528483));
#7909=CARTESIAN_POINT('',(43.1581506928567,-10.,-41.6004550528483));
#7910=CARTESIAN_POINT('Origin',(43.1581506928567,-7.,-41.6004550528483));
#7911=CARTESIAN_POINT('Origin',(40.1586037270634,-10.,-41.6004550528483));
#7912=CARTESIAN_POINT('Ctrl Pts',(-94.1361453633558,23.9987759451833,80.953768595234));
#7913=CARTESIAN_POINT('Ctrl Pts',(-94.4203520771877,23.8566725882674,80.8116652383181));
#7914=CARTESIAN_POINT('Ctrl Pts',(-94.9046983365602,23.5429622728747,80.4979549229254));
#7915=CARTESIAN_POINT('Ctrl Pts',(-95.5771748422419,22.7186471081862,79.673639758237));
#7916=CARTESIAN_POINT('Ctrl Pts',(-95.7826694181725,22.0579438171852,79.0129364672359));
#7917=CARTESIAN_POINT('Ctrl Pts',(-95.7826694181725,21.7667530342067,78.7217456842574));
#7918=CARTESIAN_POINT('Ctrl Pts',(-94.2782487202717,24.1408793020993,80.6695618814022));
#7919=CARTESIAN_POINT('Ctrl Pts',(-94.5333511033182,23.9970167725444,80.52993271746));
#7920=CARTESIAN_POINT('Ctrl Pts',(-94.9791399389478,23.6819517934782,80.2162899996876));
#7921=CARTESIAN_POINT('Ctrl Pts',(-95.6053530629143,22.871844045996,79.3940785202849));
#7922=CARTESIAN_POINT('Ctrl Pts',(-95.7826694181725,22.2419869299032,78.7965388230757));
#7923=CARTESIAN_POINT('Ctrl Pts',(-95.7826694181725,21.9518452013807,78.5366535170834));
#7924=CARTESIAN_POINT('Ctrl Pts',(-94.5140790114706,24.3767095932981,80.0548254977623));
#7925=CARTESIAN_POINT('Ctrl Pts',(-94.7282600260807,24.2336375452247,79.9154846206047));
#7926=CARTESIAN_POINT('Ctrl Pts',(-95.1217640178543,23.9142995856226,79.5863366066812));
#7927=CARTESIAN_POINT('Ctrl Pts',(-95.6682475334794,23.125790958767,78.7575165878083));
#7928=CARTESIAN_POINT('Ctrl Pts',(-95.7826694181725,22.5634741372962,78.3179445797689));
#7929=CARTESIAN_POINT('Ctrl Pts',(-95.7826694181725,22.2732782430172,78.1177525739989));
#7930=CARTESIAN_POINT('Ctrl Pts',(-94.8339457249484,24.6965763067759,78.4389846017076));
#7931=CARTESIAN_POINT('Ctrl Pts',(-95.0171499873839,24.5369002376203,78.3172774793828));
#7932=CARTESIAN_POINT('Ctrl Pts',(-95.356589199978,24.1628549353434,78.0321652496252));
#7933=CARTESIAN_POINT('Ctrl Pts',(-95.7085171193924,23.4200232191461,77.6437338357509));
#7934=CARTESIAN_POINT('Ctrl Pts',(-95.7826694181725,22.8716752195951,77.4826233302114));
#7935=CARTESIAN_POINT('Ctrl Pts',(-95.7826694181725,22.5763797859381,77.3860007183029));
#7936=CARTESIAN_POINT('Ctrl Pts',(-94.9039897617321,24.7666203435596,77.1830745372908));
#7937=CARTESIAN_POINT('Ctrl Pts',(-95.0788254329096,24.5917846723821,77.1507229343445));
#7938=CARTESIAN_POINT('Ctrl Pts',(-95.3922566460646,24.1917148720069,77.0802446710236));
#7939=CARTESIAN_POINT('Ctrl Pts',(-95.7060709039645,23.4642708864222,76.9666931608147));
#7940=CARTESIAN_POINT('Ctrl Pts',(-95.7826694181725,22.9216437982324,76.8964907277218));
#7941=CARTESIAN_POINT('Ctrl Pts',(-95.7826694181725,22.6453,76.8625055373639));
#7942=CARTESIAN_POINT('Ctrl Pts',(-94.9039897617321,24.7666203435596,76.6007456842574));
#7943=CARTESIAN_POINT('Ctrl Pts',(-95.0891098841554,24.5815002211364,76.6007456842574));
#7944=CARTESIAN_POINT('Ctrl Pts',(-95.4105914731775,24.1625360096789,76.6007456842573));
#7945=CARTESIAN_POINT('Ctrl Pts',(-95.7137387948005,23.4306736344194,76.6007456842574));
#7946=CARTESIAN_POINT('Ctrl Pts',(-95.7826694181725,22.9070993877991,76.6007456842574));
#7947=CARTESIAN_POINT('Ctrl Pts',(-95.7826694181725,22.6453,76.6007456842574));
#7948=CARTESIAN_POINT('',(-95.7826694181725,22.6453,76.6007456842574));
#7949=CARTESIAN_POINT('Origin',(-92.7826694181725,22.6453,76.6007456842574));
#7950=CARTESIAN_POINT('Origin',(-95.7826694181725,19.6457530342067,76.6007456842574));
#7951=CARTESIAN_POINT('Origin',(-92.7826694181725,0.,79.6002926500507));
#7952=CARTESIAN_POINT('',(-95.7826694181725,0.,79.6002926500507));
#7953=CARTESIAN_POINT('',(-92.7826694181725,0.,82.6002926500507));
#7954=CARTESIAN_POINT('Ctrl Pts',(44.51162663804,-8.35347594518334,80.953768595234));
#7955=CARTESIAN_POINT('Ctrl Pts',(44.3695232811241,-8.63768265901518,80.8116652383181));
#7956=CARTESIAN_POINT('Ctrl Pts',(44.0558129657314,-9.12202891838768,80.4979549229255));
#7957=CARTESIAN_POINT('Ctrl Pts',(43.2314978010429,-9.79450542406944,79.6736397582369));
#7958=CARTESIAN_POINT('Ctrl Pts',(42.5707945100419,-10.,79.0129364672359));
#7959=CARTESIAN_POINT('Ctrl Pts',(42.2796037270634,-10.,78.7217456842574));
#7960=CARTESIAN_POINT('Ctrl Pts',(44.2274199242082,-8.49557930209926,81.09587195215));
#7961=CARTESIAN_POINT('Ctrl Pts',(44.087790760266,-8.75068168514573,80.9520094225951));
#7962=CARTESIAN_POINT('Ctrl Pts',(43.7741480424936,-9.19647052077535,80.636944443529));
#7963=CARTESIAN_POINT('Ctrl Pts',(42.9519365630909,-9.82268364474183,79.8268366960467));
#7964=CARTESIAN_POINT('Ctrl Pts',(42.3543968658817,-10.,79.1969795799539));
#7965=CARTESIAN_POINT('Ctrl Pts',(42.0945115598894,-10.,78.9068378514314));
#7966=CARTESIAN_POINT('Ctrl Pts',(43.6126835405683,-8.7314095932981,81.3317022433488));
#7967=CARTESIAN_POINT('Ctrl Pts',(43.4733426634107,-8.94559060790823,81.1886301952754));
#7968=CARTESIAN_POINT('Ctrl Pts',(43.1441946494872,-9.3390945996818,80.8692922356733));
#7969=CARTESIAN_POINT('Ctrl Pts',(42.3153746306143,-9.88557811530693,80.0807836088177));
#7970=CARTESIAN_POINT('Ctrl Pts',(41.8758026225749,-10.,79.5184667873469));
#7971=CARTESIAN_POINT('Ctrl Pts',(41.6756106168049,-10.,79.2282708930679));
#7972=CARTESIAN_POINT('Ctrl Pts',(41.9968426445136,-9.05127630677588,81.6515689568266));
#7973=CARTESIAN_POINT('Ctrl Pts',(41.8751355221888,-9.23448056921145,81.4918928876709));
#7974=CARTESIAN_POINT('Ctrl Pts',(41.5900232924312,-9.57391978180554,81.1178475853941));
#7975=CARTESIAN_POINT('Ctrl Pts',(41.2015918785569,-9.92584770121986,80.3750158691968));
#7976=CARTESIAN_POINT('Ctrl Pts',(41.0404813730174,-10.,79.8266678696458));
#7977=CARTESIAN_POINT('Ctrl Pts',(40.9438587611089,-10.,79.5313724359889));
#7978=CARTESIAN_POINT('Ctrl Pts',(40.7409325800968,-9.12132034355964,81.7216129936103));
#7979=CARTESIAN_POINT('Ctrl Pts',(40.7085809771505,-9.29615601473717,81.5467773224328));
#7980=CARTESIAN_POINT('Ctrl Pts',(40.6381027138296,-9.60958722789212,81.1467075220576));
#7981=CARTESIAN_POINT('Ctrl Pts',(40.5245512036207,-9.92340148579201,80.4192635364729));
#7982=CARTESIAN_POINT('Ctrl Pts',(40.4543487705279,-10.,79.8766364482831));
#7983=CARTESIAN_POINT('Ctrl Pts',(40.4203635801699,-10.,79.6002926500507));
#7984=CARTESIAN_POINT('Ctrl Pts',(40.1586037270634,-9.12132034355964,81.7216129936103));
#7985=CARTESIAN_POINT('Ctrl Pts',(40.1586037270634,-9.30644046598291,81.5364928711871));
#7986=CARTESIAN_POINT('Ctrl Pts',(40.1586037270634,-9.62792205500499,81.1175286597296));
#7987=CARTESIAN_POINT('Ctrl Pts',(40.1586037270634,-9.93106937662807,80.3856662844701));
#7988=CARTESIAN_POINT('Ctrl Pts',(40.1586037270634,-10.,79.8620920378498));
#7989=CARTESIAN_POINT('Ctrl Pts',(40.1586037270634,-10.,79.6002926500507));
#7990=CARTESIAN_POINT('',(40.1586037270634,-10.,79.6002926500507));
#7991=CARTESIAN_POINT('Origin',(40.1586037270634,-7.,79.6002926500507));
#7992=CARTESIAN_POINT('Origin',(40.1586037270634,-10.,76.6007456842574));
#7993=CARTESIAN_POINT('Ctrl Pts',(44.51162663804,23.9987759451833,-45.953477963825));
#7994=CARTESIAN_POINT('Ctrl Pts',(44.7958333518719,23.8566725882674,-45.8113746069091));
#7995=CARTESIAN_POINT('Ctrl Pts',(45.2801796112444,23.5429622728747,-45.4976642915164));
#7996=CARTESIAN_POINT('Ctrl Pts',(45.9526561169261,22.7186471081862,-44.6733491268279));
#7997=CARTESIAN_POINT('Ctrl Pts',(46.1581506928567,22.0579438171852,-44.0126458358268));
#7998=CARTESIAN_POINT('Ctrl Pts',(46.1581506928567,21.7667530342067,-43.7214550528483));
#7999=CARTESIAN_POINT('Ctrl Pts',(44.653729994956,24.1408793020993,-45.6692712499932));
#8000=CARTESIAN_POINT('Ctrl Pts',(44.9088323780024,23.9970167725444,-45.529642086051));
#8001=CARTESIAN_POINT('Ctrl Pts',(45.354621213632,23.6819517934782,-45.2159993682786));
#8002=CARTESIAN_POINT('Ctrl Pts',(45.9808343375985,22.871844045996,-44.3937878888759));
#8003=CARTESIAN_POINT('Ctrl Pts',(46.1581506928567,22.2419869299032,-43.7962481916667));
#8004=CARTESIAN_POINT('Ctrl Pts',(46.1581506928567,21.9518452013807,-43.5363628856743));
#8005=CARTESIAN_POINT('Ctrl Pts',(44.8895602861548,24.3767095932981,-45.0545348663533));
#8006=CARTESIAN_POINT('Ctrl Pts',(45.103741300765,24.2336375452247,-44.9151939891957));
#8007=CARTESIAN_POINT('Ctrl Pts',(45.4972452925385,23.9142995856226,-44.5860459752721));
#8008=CARTESIAN_POINT('Ctrl Pts',(46.0437288081636,23.125790958767,-43.7572259563993));
#8009=CARTESIAN_POINT('Ctrl Pts',(46.1581506928567,22.5634741372962,-43.3176539483599));
#8010=CARTESIAN_POINT('Ctrl Pts',(46.1581506928567,22.2732782430172,-43.1174619425899));
#8011=CARTESIAN_POINT('Ctrl Pts',(45.2094269996326,24.6965763067759,-43.4386939702986));
#8012=CARTESIAN_POINT('Ctrl Pts',(45.3926312620682,24.5369002376203,-43.3169868479738));
#8013=CARTESIAN_POINT('Ctrl Pts',(45.7320704746622,24.1628549353434,-43.0318746182162));
#8014=CARTESIAN_POINT('Ctrl Pts',(46.0839983940766,23.4200232191461,-42.6434432043419));
#8015=CARTESIAN_POINT('Ctrl Pts',(46.1581506928567,22.8716752195951,-42.4823326988024));
#8016=CARTESIAN_POINT('Ctrl Pts',(46.1581506928567,22.5763797859381,-42.3857100868939));
#8017=CARTESIAN_POINT('Ctrl Pts',(45.2794710364163,24.7666203435596,-42.1827839058818));
#8018=CARTESIAN_POINT('Ctrl Pts',(45.4543067075939,24.5917846723821,-42.1504323029355));
#8019=CARTESIAN_POINT('Ctrl Pts',(45.7677379207488,24.1917148720069,-42.0799540396146));
#8020=CARTESIAN_POINT('Ctrl Pts',(46.0815521786487,23.4642708864222,-41.9664025294057));
#8021=CARTESIAN_POINT('Ctrl Pts',(46.1581506928567,22.9216437982324,-41.8962000963128));
#8022=CARTESIAN_POINT('Ctrl Pts',(46.1581506928567,22.6453,-41.8622149059548));
#8023=CARTESIAN_POINT('Ctrl Pts',(45.2794710364163,24.7666203435596,-41.6004550528483));
#8024=CARTESIAN_POINT('Ctrl Pts',(45.4645911588396,24.5815002211364,-41.6004550528483));
#8025=CARTESIAN_POINT('Ctrl Pts',(45.7860727478617,24.1625360096789,-41.6004550528483));
#8026=CARTESIAN_POINT('Ctrl Pts',(46.0892200694848,23.4306736344194,-41.6004550528484));
#8027=CARTESIAN_POINT('Ctrl Pts',(46.1581506928567,22.9070993877991,-41.6004550528483));
#8028=CARTESIAN_POINT('Ctrl Pts',(46.1581506928567,22.6453,-41.6004550528483));
#8029=CARTESIAN_POINT('',(46.1581506928567,22.6453,-41.6004550528483));
#8030=CARTESIAN_POINT('Origin',(43.1581506928567,22.6453,-41.6004550528483));
#8031=CARTESIAN_POINT('Origin',(46.1581506928567,19.6457530342067,-41.6004550528483));
#8032=CARTESIAN_POINT('Origin',(43.1581506928567,0.,-44.6000020186417));
#8033=CARTESIAN_POINT('',(46.1581506928567,0.,-44.6000020186417));
#8034=CARTESIAN_POINT('Origin',(-60.2974643904152,22.6453,-44.6000020186417));
#8035=CARTESIAN_POINT('',(-60.2974643904152,25.6453,-44.6000020186417));
#8036=CARTESIAN_POINT('Ctrl Pts',(44.51162663804,23.9987759451833,80.9537685952341));
#8037=CARTESIAN_POINT('Ctrl Pts',(44.3695232811241,24.2829826590152,80.8116652383181));
#8038=CARTESIAN_POINT('Ctrl Pts',(44.0558129657314,24.7673289183877,80.4979549229254));
#8039=CARTESIAN_POINT('Ctrl Pts',(43.2314978010429,25.4398054240694,79.673639758237));
#8040=CARTESIAN_POINT('Ctrl Pts',(42.5707945100419,25.6453,79.0129364672359));
#8041=CARTESIAN_POINT('Ctrl Pts',(42.2796037270634,25.6453,78.7217456842574));
#8042=CARTESIAN_POINT('Ctrl Pts',(44.653729994956,24.1408793020993,80.6695618814022));
#8043=CARTESIAN_POINT('Ctrl Pts',(44.5098674654011,24.3959816851457,80.52993271746));
#8044=CARTESIAN_POINT('Ctrl Pts',(44.194802486335,24.8417705207753,80.2162899996876));
#8045=CARTESIAN_POINT('Ctrl Pts',(43.3846947388527,25.4679836447418,79.3940785202849));
#8046=CARTESIAN_POINT('Ctrl Pts',(42.75483762276,25.6453,78.7965388230757));
#8047=CARTESIAN_POINT('Ctrl Pts',(42.4646958942374,25.6453,78.5366535170834));
#8048=CARTESIAN_POINT('Ctrl Pts',(44.8895602861548,24.3767095932981,80.0548254977623));
#8049=CARTESIAN_POINT('Ctrl Pts',(44.7464882380814,24.5908906079082,79.9154846206048));
#8050=CARTESIAN_POINT('Ctrl Pts',(44.4271502784793,24.9843945996818,79.5863366066812));
#8051=CARTESIAN_POINT('Ctrl Pts',(43.6386416516237,25.5308781153069,78.7575165878083));
#8052=CARTESIAN_POINT('Ctrl Pts',(43.0763248301529,25.6453,78.3179445797689));
#8053=CARTESIAN_POINT('Ctrl Pts',(42.7861289358739,25.6453,78.1177525739989));
#8054=CARTESIAN_POINT('Ctrl Pts',(45.2094269996326,24.6965763067759,78.4389846017076));
#8055=CARTESIAN_POINT('Ctrl Pts',(45.049750930477,24.8797805692114,78.3172774793828));
#8056=CARTESIAN_POINT('Ctrl Pts',(44.6757056282001,25.2192197818055,78.0321652496252));
#8057=CARTESIAN_POINT('Ctrl Pts',(43.9328739120028,25.5711477012199,77.6437338357509));
#8058=CARTESIAN_POINT('Ctrl Pts',(43.3845259124518,25.6453,77.4826233302114));
#8059=CARTESIAN_POINT('Ctrl Pts',(43.0892304787949,25.6453,77.3860007183029));
#8060=CARTESIAN_POINT('Ctrl Pts',(45.2794710364164,24.7666203435596,77.1830745372908));
#8061=CARTESIAN_POINT('Ctrl Pts',(45.1046353652388,24.9414560147372,77.1507229343445));
#8062=CARTESIAN_POINT('Ctrl Pts',(44.7045655648636,25.2548872278921,77.0802446710236));
#8063=CARTESIAN_POINT('Ctrl Pts',(43.9771215792789,25.568701485792,76.9666931608147));
#8064=CARTESIAN_POINT('Ctrl Pts',(43.4344944910892,25.6453,76.8964907277219));
#8065=CARTESIAN_POINT('Ctrl Pts',(43.1581506928567,25.6453,76.8625055373639));
#8066=CARTESIAN_POINT('Ctrl Pts',(45.2794710364164,24.7666203435596,76.6007456842574));
#8067=CARTESIAN_POINT('Ctrl Pts',(45.0943509139931,24.9517404659829,76.6007456842574));
#8068=CARTESIAN_POINT('Ctrl Pts',(44.6753867025356,25.273222055005,76.6007456842573));
#8069=CARTESIAN_POINT('Ctrl Pts',(43.9435243272761,25.5763693766281,76.6007456842574));
#8070=CARTESIAN_POINT('Ctrl Pts',(43.4199500806559,25.6453,76.6007456842574));
#8071=CARTESIAN_POINT('Ctrl Pts',(43.1581506928567,25.6453,76.6007456842574));
#8072=CARTESIAN_POINT('',(43.1581506928567,25.6453,76.6007456842574));
#8073=CARTESIAN_POINT('Origin',(43.1581506928567,22.6453,76.6007456842574));
#8074=CARTESIAN_POINT('Origin',(40.1586037270634,25.6453,76.6007456842574));
#8075=CARTESIAN_POINT('Origin',(43.1581506928567,0.,79.6002926500507));
#8076=CARTESIAN_POINT('',(46.1581506928567,0.,79.6002926500507));
#8077=CARTESIAN_POINT('',(43.1581506928567,0.,82.6002926500507));
#8078=CARTESIAN_POINT('Origin',(43.1581506928567,22.6453,-15.0499283514686));
#8079=CARTESIAN_POINT('',(43.1581506928567,25.6453,-15.0499283514686));
#8080=CARTESIAN_POINT('',(46.1581506928567,22.6453,-15.0499283514686));
#8081=CARTESIAN_POINT('Origin',(10.6729456650994,22.6453,79.6002926500507));
#8082=CARTESIAN_POINT('',(10.6729456650994,25.6453,79.6002926500507));
#8083=CARTESIAN_POINT('',(10.6729456650994,22.6453,82.6002926500507));
#8084=CARTESIAN_POINT('Origin',(10.6729456650994,-7.,79.6002926500507));
#8085=CARTESIAN_POINT('',(10.6729456650994,-10.,79.6002926500507));
#8086=CARTESIAN_POINT('',(10.6729456650994,-7.,82.6002926500507));
#8087=CARTESIAN_POINT('Origin',(43.1581506928567,-7.,-15.0499283514686));
#8088=CARTESIAN_POINT('',(43.1581506928567,-10.,-15.0499283514686));
#8089=CARTESIAN_POINT('',(46.1581506928567,-7.,-15.0499283514686));
#8090=CARTESIAN_POINT('Origin',(-92.7826694181725,22.6453,50.0502189828776));
#8091=CARTESIAN_POINT('',(-92.7826694181725,25.6453,50.0502189828776));
#8092=CARTESIAN_POINT('',(-95.7826694181725,22.6453,50.0502189828776));
#8093=CARTESIAN_POINT('Origin',(-60.2974643904152,-7.,-44.6000020186417));
#8094=CARTESIAN_POINT('',(-60.2974643904152,-10.,-44.6000020186417));
#8095=CARTESIAN_POINT('Origin',(-92.7826694181725,-7.,50.0502189828776));
#8096=CARTESIAN_POINT('',(-92.7826694181725,-10.,50.0502189828776));
#8097=CARTESIAN_POINT('',(-95.7826694181725,-7.,50.0502189828776));
#8098=CARTESIAN_POINT('Origin',(-95.7826694181725,0.,82.6002926500507));
#8099=CARTESIAN_POINT('Origin',(-24.8122593626579,-10.,17.5001453157045));
#8100=CARTESIAN_POINT('',(-27.5827559226135,-10.,-22.5996771401914));
#8101=CARTESIAN_POINT('Origin',(-26.0827559226135,-10.,-22.5996771401914));
#8102=CARTESIAN_POINT('',(-27.5827559226135,-10.,57.600245171297));
#8103=CARTESIAN_POINT('Origin',(-26.0827559226135,-10.,57.600245171297));
#8104=CARTESIAN_POINT('Origin',(46.1581506928567,0.,-47.6000020186417));
#8105=CARTESIAN_POINT('',(46.1581506928567,10.9545336950905,-17.2500128157507));
#8106=CARTESIAN_POINT('',(46.1581506928567,10.9545336950905,-5.75011298229765));
#8107=CARTESIAN_POINT('Ctrl Pts',(46.1581506928567,10.9545336950905,-17.2500128157507));
#8108=CARTESIAN_POINT('Ctrl Pts',(46.1581506928567,10.9545336950905,-13.4167128712664));
#8109=CARTESIAN_POINT('Ctrl Pts',(46.1581506928567,10.9545336950905,-9.583412926782));
#8110=CARTESIAN_POINT('Ctrl Pts',(46.1581506928567,10.9545336950905,-5.75011298229765));
#8111=CARTESIAN_POINT('',(46.1581506928567,0.454513465560507,-17.2500128157507));
#8112=CARTESIAN_POINT('Ctrl Pts',(46.1581506928567,0.454513465560507,-17.2500128157507));
#8113=CARTESIAN_POINT('Ctrl Pts',(46.1581506928567,3.95452020873718,-17.2500128157507));
#8114=CARTESIAN_POINT('Ctrl Pts',(46.1581506928567,7.45452695191386,-17.2500128157507));
#8115=CARTESIAN_POINT('Ctrl Pts',(46.1581506928567,10.9545336950905,-17.2500128157507));
#8116=CARTESIAN_POINT('',(46.1581506928567,0.454513465560505,-5.75011298229765));
#8117=CARTESIAN_POINT('Ctrl Pts',(46.1581506928567,0.454513465560505,-5.75011298229765));
#8118=CARTESIAN_POINT('Ctrl Pts',(46.1581506928567,0.454513465560505,-9.583412926782));
#8119=CARTESIAN_POINT('Ctrl Pts',(46.1581506928567,0.454513465560505,-13.4167128712664));
#8120=CARTESIAN_POINT('Ctrl Pts',(46.1581506928567,0.454513465560505,-17.2500128157507));
#8121=CARTESIAN_POINT('Ctrl Pts',(46.1581506928567,10.9545336950905,-5.75011298229765));
#8122=CARTESIAN_POINT('Ctrl Pts',(46.1581506928567,7.45452695191386,-5.75011298229765));
#8123=CARTESIAN_POINT('Ctrl Pts',(46.1581506928567,3.95452020873718,-5.75011298229765));
#8124=CARTESIAN_POINT('Ctrl Pts',(46.1581506928567,0.454513465560505,-5.75011298229765));
#8125=CARTESIAN_POINT('',(46.1581506928567,11.1022913115028,23.2481408334578));
#8126=CARTESIAN_POINT('',(46.1581506928567,11.1022913115028,20.2481408334578));
#8127=CARTESIAN_POINT('Ctrl Pts',(46.1581506928567,11.1022913115028,23.2481408334578));
#8128=CARTESIAN_POINT('Ctrl Pts',(46.1581506928567,11.1022913115028,22.2481408334578));
#8129=CARTESIAN_POINT('Ctrl Pts',(46.1581506928567,11.1022913115028,21.2481408334578));
#8130=CARTESIAN_POINT('Ctrl Pts',(46.1581506928567,11.1022913115028,20.2481408334578));
#8131=CARTESIAN_POINT('',(46.1581506928567,11.1022913115028,12.7500242438848));
#8132=CARTESIAN_POINT('Ctrl Pts',(46.1581506928567,11.1022913115028,12.7500242438848));
#8133=CARTESIAN_POINT('Ctrl Pts',(46.1581506928567,11.1022913115028,15.2493964404091));
#8134=CARTESIAN_POINT('Ctrl Pts',(46.1581506928567,11.1022913115028,17.7487686369335));
#8135=CARTESIAN_POINT('Ctrl Pts',(46.1581506928567,11.1022913115028,20.2481408334578));
#8136=CARTESIAN_POINT('',(46.1581506928567,11.1022913115028,9.75002424388476));
#8137=CARTESIAN_POINT('Ctrl Pts',(46.1581506928567,11.1022913115028,12.7500242438848));
#8138=CARTESIAN_POINT('Ctrl Pts',(46.1581506928567,11.1022913115028,11.7500242438848));
#8139=CARTESIAN_POINT('Ctrl Pts',(46.1581506928567,11.1022913115028,10.7500242438848));
#8140=CARTESIAN_POINT('Ctrl Pts',(46.1581506928567,11.1022913115028,9.75002424388476));
#8141=CARTESIAN_POINT('',(46.1581506928567,-2.79543631226024,9.75002424388476));
#8142=CARTESIAN_POINT('Ctrl Pts',(46.1581506928567,-2.79543631226024,9.75002424388476));
#8143=CARTESIAN_POINT('Ctrl Pts',(46.1581506928567,1.83713956232745,9.75002424388476));
#8144=CARTESIAN_POINT('Ctrl Pts',(46.1581506928567,6.46971543691513,9.75002424388476));
#8145=CARTESIAN_POINT('Ctrl Pts',(46.1581506928567,11.1022913115028,9.75002424388476));
#8146=CARTESIAN_POINT('',(46.1581506928567,-2.79543631226024,12.7500242438848));
#8147=CARTESIAN_POINT('Ctrl Pts',(46.1581506928567,-2.79543631226024,9.75002424388475));
#8148=CARTESIAN_POINT('Ctrl Pts',(46.1581506928567,-2.79543631226024,10.7500242438848));
#8149=CARTESIAN_POINT('Ctrl Pts',(46.1581506928567,-2.79543631226024,11.7500242438848));
#8150=CARTESIAN_POINT('Ctrl Pts',(46.1581506928567,-2.79543631226024,12.7500242438848));
#8151=CARTESIAN_POINT('',(46.1581506928567,-2.79543631226024,20.2481408334578));
#8152=CARTESIAN_POINT('Ctrl Pts',(46.1581506928567,-2.79543631226024,20.2481408334578));
#8153=CARTESIAN_POINT('Ctrl Pts',(46.1581506928567,-2.79543631226024,17.7487686369334));
#8154=CARTESIAN_POINT('Ctrl Pts',(46.1581506928567,-2.79543631226024,15.2493964404091));
#8155=CARTESIAN_POINT('Ctrl Pts',(46.1581506928567,-2.79543631226024,12.7500242438848));
#8156=CARTESIAN_POINT('',(46.1581506928567,-2.79543631226024,23.2481408334578));
#8157=CARTESIAN_POINT('Ctrl Pts',(46.1581506928567,-2.79543631226024,20.2481408334578));
#8158=CARTESIAN_POINT('Ctrl Pts',(46.1581506928567,-2.79543631226024,21.2481408334578));
#8159=CARTESIAN_POINT('Ctrl Pts',(46.1581506928567,-2.79543631226024,22.2481408334578));
#8160=CARTESIAN_POINT('Ctrl Pts',(46.1581506928567,-2.79543631226024,23.2481408334578));
#8161=CARTESIAN_POINT('Ctrl Pts',(46.1581506928567,11.1022913115028,23.2481408334578));
#8162=CARTESIAN_POINT('Ctrl Pts',(46.1581506928567,6.46971543691513,23.2481408334578));
#8163=CARTESIAN_POINT('Ctrl Pts',(46.1581506928567,1.83713956232745,23.2481408334578));
#8164=CARTESIAN_POINT('Ctrl Pts',(46.1581506928567,-2.79543631226024,23.2481408334578));
#8165=CARTESIAN_POINT('',(46.1581506928567,-2.79974960361567,23.3300012743566));
#8166=CARTESIAN_POINT('',(46.1581506928567,-2.79974960361567,26.3300012743566));
#8167=CARTESIAN_POINT('Ctrl Pts',(46.1581506928567,-2.79974960361567,23.3300012743566));
#8168=CARTESIAN_POINT('Ctrl Pts',(46.1581506928567,-2.79974960361567,24.3300012743566));
#8169=CARTESIAN_POINT('Ctrl Pts',(46.1581506928567,-2.79974960361567,25.3300012743566));
#8170=CARTESIAN_POINT('Ctrl Pts',(46.1581506928567,-2.79974960361567,26.3300012743566));
#8171=CARTESIAN_POINT('',(46.1581506928567,-2.79974960361567,41.2700016989838));
#8172=CARTESIAN_POINT('Ctrl Pts',(46.1581506928567,-2.79974960361567,41.2700016989838));
#8173=CARTESIAN_POINT('Ctrl Pts',(46.1581506928567,-2.79974960361567,36.2900015574414));
#8174=CARTESIAN_POINT('Ctrl Pts',(46.1581506928567,-2.79974960361567,31.310001415899));
#8175=CARTESIAN_POINT('Ctrl Pts',(46.1581506928567,-2.79974960361567,26.3300012743566));
#8176=CARTESIAN_POINT('',(46.1581506928567,11.3642857221274,41.2700016989838));
#8177=CARTESIAN_POINT('Ctrl Pts',(46.1581506928567,11.3642857221274,41.2700016989838));
#8178=CARTESIAN_POINT('Ctrl Pts',(46.1581506928567,6.64294061354638,41.2700016989838));
#8179=CARTESIAN_POINT('Ctrl Pts',(46.1581506928567,1.92159550496536,41.2700016989838));
#8180=CARTESIAN_POINT('Ctrl Pts',(46.1581506928567,-2.79974960361567,41.2700016989838));
#8181=CARTESIAN_POINT('',(46.1581506928567,11.3642857221274,26.3300012743566));
#8182=CARTESIAN_POINT('Ctrl Pts',(46.1581506928567,11.3642857221274,26.3300012743566));
#8183=CARTESIAN_POINT('Ctrl Pts',(46.1581506928567,11.3642857221274,31.310001415899));
#8184=CARTESIAN_POINT('Ctrl Pts',(46.1581506928567,11.3642857221274,36.2900015574414));
#8185=CARTESIAN_POINT('Ctrl Pts',(46.1581506928567,11.3642857221274,41.2700016989838));
#8186=CARTESIAN_POINT('',(46.1581506928567,11.3642857221274,23.3300012743566));
#8187=CARTESIAN_POINT('Ctrl Pts',(46.1581506928567,11.3642857221274,26.3300012743566));
#8188=CARTESIAN_POINT('Ctrl Pts',(46.1581506928567,11.3642857221274,25.3300012743566));
#8189=CARTESIAN_POINT('Ctrl Pts',(46.1581506928567,11.3642857221274,24.3300012743566));
#8190=CARTESIAN_POINT('Ctrl Pts',(46.1581506928567,11.3642857221274,23.3300012743566));
#8191=CARTESIAN_POINT('Ctrl Pts',(46.1581506928567,-2.79974960361567,23.3300012743566));
#8192=CARTESIAN_POINT('Ctrl Pts',(46.1581506928567,1.92159550496536,23.3300012743566));
#8193=CARTESIAN_POINT('Ctrl Pts',(46.1581506928567,6.64294061354639,23.3300012743566));
#8194=CARTESIAN_POINT('Ctrl Pts',(46.1581506928567,11.3642857221274,23.3300012743566));
#8195=CARTESIAN_POINT('',(46.1581506928567,11.1035226445622,9.74912308574538));
#8196=CARTESIAN_POINT('',(46.1581506928567,11.1035226445622,6.74912308574538));
#8197=CARTESIAN_POINT('Ctrl Pts',(46.1581506928567,11.1035226445622,9.74912308574539));
#8198=CARTESIAN_POINT('Ctrl Pts',(46.1581506928567,11.1035226445622,8.74912308574539));
#8199=CARTESIAN_POINT('Ctrl Pts',(46.1581506928567,11.1035226445622,7.74912308574538));
#8200=CARTESIAN_POINT('Ctrl Pts',(46.1581506928567,11.1035226445622,6.74912308574538));
#8201=CARTESIAN_POINT('',(46.1581506928567,11.1035226445622,-5.74987641641687));
#8202=CARTESIAN_POINT('Ctrl Pts',(46.1581506928567,11.1035226445622,-5.74987641641687));
#8203=CARTESIAN_POINT('Ctrl Pts',(46.1581506928567,11.1035226445622,-1.58354324902945));
#8204=CARTESIAN_POINT('Ctrl Pts',(46.1581506928567,11.1035226445622,2.58278991835797));
#8205=CARTESIAN_POINT('Ctrl Pts',(46.1581506928567,11.1035226445622,6.74912308574539));
#8206=CARTESIAN_POINT('',(46.1581506928567,-2.79547787689601,-5.74987641641687));
#8207=CARTESIAN_POINT('Ctrl Pts',(46.1581506928567,-2.79547787689601,-5.74987641641687));
#8208=CARTESIAN_POINT('Ctrl Pts',(46.1581506928567,1.83752229692339,-5.74987641641687));
#8209=CARTESIAN_POINT('Ctrl Pts',(46.1581506928567,6.47052247074278,-5.74987641641687));
#8210=CARTESIAN_POINT('Ctrl Pts',(46.1581506928567,11.1035226445622,-5.74987641641687));
#8211=CARTESIAN_POINT('',(46.1581506928567,-2.79547787689601,6.74912308574538));
#8212=CARTESIAN_POINT('Ctrl Pts',(46.1581506928567,-2.79547787689601,6.74912308574537));
#8213=CARTESIAN_POINT('Ctrl Pts',(46.1581506928567,-2.79547787689601,2.58278991835795));
#8214=CARTESIAN_POINT('Ctrl Pts',(46.1581506928567,-2.79547787689601,-1.58354324902946));
#8215=CARTESIAN_POINT('Ctrl Pts',(46.1581506928567,-2.79547787689601,-5.74987641641688));
#8216=CARTESIAN_POINT('',(46.1581506928567,-2.79547787689601,9.74912308574538));
#8217=CARTESIAN_POINT('Ctrl Pts',(46.1581506928567,-2.79547787689601,6.74912308574537));
#8218=CARTESIAN_POINT('Ctrl Pts',(46.1581506928567,-2.79547787689601,7.74912308574537));
#8219=CARTESIAN_POINT('Ctrl Pts',(46.1581506928567,-2.79547787689601,8.74912308574538));
#8220=CARTESIAN_POINT('Ctrl Pts',(46.1581506928567,-2.79547787689601,9.74912308574538));
#8221=CARTESIAN_POINT('Ctrl Pts',(46.1581506928567,11.1035226445622,9.74912308574538));
#8222=CARTESIAN_POINT('Ctrl Pts',(46.1581506928567,6.47052247074279,9.74912308574538));
#8223=CARTESIAN_POINT('Ctrl Pts',(46.1581506928567,1.83752229692339,9.74912308574538));
#8224=CARTESIAN_POINT('Ctrl Pts',(46.1581506928567,-2.79547787689601,9.74912308574538));
#8225=CARTESIAN_POINT('Origin',(46.1581506928567,0.,82.6002926500507));
#8226=CARTESIAN_POINT('',(-31.6826114212712,20.6437873898495,82.6002926500507));
#8227=CARTESIAN_POINT('',(-59.682687840607,20.6437873898495,82.6002926500507));
#8228=CARTESIAN_POINT('',(-5.76235003999375,20.6437873898495,82.6002926500507));
#8229=CARTESIAN_POINT('',(-31.6826114212712,-0.356323280901494,82.6002926500507));
#8230=CARTESIAN_POINT('',(-31.6826114212712,8.82189369492474,82.6002926500507));
#8231=CARTESIAN_POINT('',(-60.6828507728442,-0.356323280901494,82.6002926500507));
#8232=CARTESIAN_POINT('',(5.73776963579275,-0.356323280901494,82.6002926500507));
#8233=CARTESIAN_POINT('',(-60.6828507728442,-0.356094420022767,82.6002926500507));
#8234=CARTESIAN_POINT('',(-60.6828507728442,1.32183835954925,82.6002926500507));
#8235=CARTESIAN_POINT('',(-88.6828477755397,-0.356094420022767,82.6002926500507));
#8236=CARTESIAN_POINT('',(-8.26226857387511,-0.356094420022767,82.6002926500507));
#8237=CARTESIAN_POINT('',(-88.6828477755397,20.6438354915289,82.6002926500507));
#8238=CARTESIAN_POINT('',(-88.6828477755397,1.32195278998862,82.6002926500507));
#8239=CARTESIAN_POINT('',(-59.682687840607,20.6438354915289,82.6002926500507));
#8240=CARTESIAN_POINT('',(-19.7623485413415,20.6438354915289,82.6002926500507));
#8241=CARTESIAN_POINT('',(-59.682687840607,8.82191774576444,82.6002926500507));
#8242=CARTESIAN_POINT('Origin',(-24.8122593626579,25.6453,17.5001453157045));
#8243=CARTESIAN_POINT('',(-90.7826694181725,25.6453,77.6002926500507));
#8244=CARTESIAN_POINT('',(-90.7826694181725,25.6453,-42.6000020186417));
#8245=CARTESIAN_POINT('',(-90.7826694181725,25.6453,-42.6000020186417));
#8246=CARTESIAN_POINT('',(41.1581506928567,25.6453,-42.6000020186417));
#8247=CARTESIAN_POINT('',(-90.7826694181725,25.6453,77.6002926500507));
#8248=CARTESIAN_POINT('Ctrl Pts',(46.1581506928567,0.454513465560505,-17.2500128157507));
#8249=CARTESIAN_POINT('Ctrl Pts',(46.1581506928567,0.454513465560505,-13.4167128712664));
#8250=CARTESIAN_POINT('Ctrl Pts',(46.1581506928567,0.454513465560505,-9.583412926782));
#8251=CARTESIAN_POINT('Ctrl Pts',(46.1581506928567,0.454513465560505,-5.75011298229765));
#8252=CARTESIAN_POINT('Ctrl Pts',(46.1581506928567,0.471770238196605,-17.2500128157507));
#8253=CARTESIAN_POINT('Ctrl Pts',(46.1581506928567,0.471770238196605,-13.4167128712664));
#8254=CARTESIAN_POINT('Ctrl Pts',(46.1581506928567,0.471770238196605,-9.58341292678201));
#8255=CARTESIAN_POINT('Ctrl Pts',(46.1581506928567,0.471770238196605,-5.75011298229765));
#8256=CARTESIAN_POINT('Ctrl Pts',(46.1239745169865,0.538459639720125,-17.2500128157507));
#8257=CARTESIAN_POINT('Ctrl Pts',(46.1239745169865,0.538459639720125,-13.4167128712664));
#8258=CARTESIAN_POINT('Ctrl Pts',(46.1239745169865,0.538459639720125,-9.583412926782));
#8259=CARTESIAN_POINT('Ctrl Pts',(46.1239745169865,0.538459639720125,-5.75011298229766));
#8260=CARTESIAN_POINT('Ctrl Pts',(45.891268536089,0.822266179122702,-17.2500128157507));
#8261=CARTESIAN_POINT('Ctrl Pts',(45.891268536089,0.822266179122702,-13.4167128712663));
#8262=CARTESIAN_POINT('Ctrl Pts',(45.891268536089,0.822266179122702,-9.58341292678201));
#8263=CARTESIAN_POINT('Ctrl Pts',(45.891268536089,0.822266179122702,-5.75011298229766));
#8264=CARTESIAN_POINT('Ctrl Pts',(45.4908713845323,1.25872963187355,-17.2500128157507));
#8265=CARTESIAN_POINT('Ctrl Pts',(45.4908713845323,1.25872963187355,-13.4167128712664));
#8266=CARTESIAN_POINT('Ctrl Pts',(45.4908713845323,1.25872963187355,-9.583412926782));
#8267=CARTESIAN_POINT('Ctrl Pts',(45.4908713845323,1.25872963187355,-5.75011298229766));
#8268=CARTESIAN_POINT('Ctrl Pts',(44.911657882103,1.83804577532369,-17.2500128157507));
#8269=CARTESIAN_POINT('Ctrl Pts',(44.911657882103,1.83804577532369,-13.4167128712664));
#8270=CARTESIAN_POINT('Ctrl Pts',(44.911657882103,1.83804577532369,-9.58341292678201));
#8271=CARTESIAN_POINT('Ctrl Pts',(44.911657882103,1.83804577532369,-5.75011298229766));
#8272=CARTESIAN_POINT('Ctrl Pts',(44.4361715895001,2.27403946498319,-17.2500128157507));
#8273=CARTESIAN_POINT('Ctrl Pts',(44.4361715895001,2.27403946498319,-13.4167128712664));
#8274=CARTESIAN_POINT('Ctrl Pts',(44.4361715895001,2.27403946498319,-9.583412926782));
#8275=CARTESIAN_POINT('Ctrl Pts',(44.4361715895001,2.27403946498319,-5.75011298229766));
#8276=CARTESIAN_POINT('Ctrl Pts',(44.1800208386584,2.47765135607176,-17.2500128157507));
#8277=CARTESIAN_POINT('Ctrl Pts',(44.1800208386584,2.47765135607176,-13.4167128712664));
#8278=CARTESIAN_POINT('Ctrl Pts',(44.1800208386584,2.47765135607176,-9.58341292678201));
#8279=CARTESIAN_POINT('Ctrl Pts',(44.1800208386584,2.47765135607176,-5.75011298229766));
#8280=CARTESIAN_POINT('Ctrl Pts',(44.1219561109656,2.50451346556051,-17.2500128157507));
#8281=CARTESIAN_POINT('Ctrl Pts',(44.1219561109656,2.50451346556051,-13.4167128712664));
#8282=CARTESIAN_POINT('Ctrl Pts',(44.1219561109656,2.50451346556051,-9.583412926782));
#8283=CARTESIAN_POINT('Ctrl Pts',(44.1219561109656,2.50451346556051,-5.75011298229765));
#8284=CARTESIAN_POINT('Ctrl Pts',(44.1081506928567,2.50451346556051,-17.2500128157507));
#8285=CARTESIAN_POINT('Ctrl Pts',(44.1081506928567,2.50451346556051,-13.4167128712664));
#8286=CARTESIAN_POINT('Ctrl Pts',(44.1081506928567,2.50451346556051,-9.583412926782));
#8287=CARTESIAN_POINT('Ctrl Pts',(44.1081506928567,2.50451346556051,-5.75011298229765));
#8288=CARTESIAN_POINT('',(44.1081506928567,2.50451346556051,-15.2000128157507));
#8289=CARTESIAN_POINT('Ctrl Pts',(46.1581506928567,0.454513465560509,-17.2500128157507));
#8290=CARTESIAN_POINT('Ctrl Pts',(46.1581506928567,0.454730613736054,-17.2497956675752));
#8291=CARTESIAN_POINT('Ctrl Pts',(46.1581472426,0.454947929208361,-17.249578352169));
#8292=CARTESIAN_POINT('Ctrl Pts',(46.1577766242675,0.46715609800377,-17.2373701824756));
#8293=CARTESIAN_POINT('Ctrl Pts',(46.1475671221733,0.487282077324209,-17.217244203987));
#8294=CARTESIAN_POINT('Ctrl Pts',(46.1142265028997,0.542435865051188,-17.16209041626));
#8295=CARTESIAN_POINT('Ctrl Pts',(46.0812717217008,0.586359211110534,-17.1181670702007));
#8296=CARTESIAN_POINT('Ctrl Pts',(45.9641515351631,0.736401997870219,-16.968124283441));
#8297=CARTESIAN_POINT('Ctrl Pts',(45.8205174676726,0.900222830395731,-16.8043034509155));
#8298=CARTESIAN_POINT('Ctrl Pts',(45.2336044504635,1.52889364707521,-16.175632634236));
#8299=CARTESIAN_POINT('Ctrl Pts',(44.7157345008423,2.03163625863426,-15.6728900226769));
#8300=CARTESIAN_POINT('Ctrl Pts',(44.3253928867041,2.36086744265444,-15.3436588386568));
#8301=CARTESIAN_POINT('Ctrl Pts',(44.222609376333,2.44532977793261,-15.2591965033786));
#8302=CARTESIAN_POINT('Ctrl Pts',(44.1490414542062,2.48890017763594,-15.2156261036753));
#8303=CARTESIAN_POINT('Ctrl Pts',(44.1395172149533,2.4941834564575,-15.2103428248553));
#8304=CARTESIAN_POINT('Ctrl Pts',(44.1253969198235,2.50044898654266,-15.2040772947701));
#8305=CARTESIAN_POINT('Ctrl Pts',(44.1197861936495,2.50258986305194,-15.2019364182591));
#8306=CARTESIAN_POINT('Ctrl Pts',(44.1126155191093,2.50416427848205,-15.200362002829));
#8307=CARTESIAN_POINT('Ctrl Pts',(44.1103326582262,2.50451346556051,-15.2000128157507));
#8308=CARTESIAN_POINT('Ctrl Pts',(44.1081506928567,2.50451346556051,-15.2000128157507));
#8309=CARTESIAN_POINT('',(44.1081506928567,2.50451346556051,-7.80011298229765));
#8310=CARTESIAN_POINT('Ctrl Pts',(44.1081506928567,2.50451346556051,-15.2000128157507));
#8311=CARTESIAN_POINT('Ctrl Pts',(44.1081506928567,2.50451346556051,-12.733379537933));
#8312=CARTESIAN_POINT('Ctrl Pts',(44.1081506928567,2.50451346556051,-10.2667462601153));
#8313=CARTESIAN_POINT('Ctrl Pts',(44.1081506928567,2.50451346556051,-7.80011298229766));
#8314=CARTESIAN_POINT('Ctrl Pts',(44.1081506928567,2.50451346556051,-7.80011298229765));
#8315=CARTESIAN_POINT('Ctrl Pts',(44.1103326582262,2.50451346556051,-7.80011298229765));
#8316=CARTESIAN_POINT('Ctrl Pts',(44.1126155191093,2.50416427848205,-7.79976379521937));
#8317=CARTESIAN_POINT('Ctrl Pts',(44.1197861936487,2.50258986305211,-7.79818937978943));
#8318=CARTESIAN_POINT('Ctrl Pts',(44.1253969198222,2.50044898654321,-7.79604850327887));
#8319=CARTESIAN_POINT('Ctrl Pts',(44.1395172149532,2.49418345645753,-7.78978297319312));
#8320=CARTESIAN_POINT('Ctrl Pts',(44.149041454206,2.48890017763609,-7.78449969437324));
#8321=CARTESIAN_POINT('Ctrl Pts',(44.2226093763323,2.44532977793308,-7.74092929467022));
#8322=CARTESIAN_POINT('Ctrl Pts',(44.3253928867021,2.36086744265618,-7.65646695939331));
#8323=CARTESIAN_POINT('Ctrl Pts',(44.7157345008417,2.03163625863483,-7.32723577537196));
#8324=CARTESIAN_POINT('Ctrl Pts',(45.233604450464,1.52889364707474,-6.82449316381187));
#8325=CARTESIAN_POINT('Ctrl Pts',(45.8205174676702,0.900222830398198,-6.19582234713533));
#8326=CARTESIAN_POINT('Ctrl Pts',(45.9641515351627,0.736401997870963,-6.0320015146081));
#8327=CARTESIAN_POINT('Ctrl Pts',(46.0812717217018,0.586359211109294,-5.88195872784644));
#8328=CARTESIAN_POINT('Ctrl Pts',(46.1142265029003,0.542435865050327,-5.83803538178748));
#8329=CARTESIAN_POINT('Ctrl Pts',(46.1475671221738,0.487282077323283,-5.78288159406042));
#8330=CARTESIAN_POINT('Ctrl Pts',(46.1577766242676,0.467156098003271,-5.76275561557214));
#8331=CARTESIAN_POINT('Ctrl Pts',(46.1581472426,0.454947929208159,-5.75054744587914));
#8332=CARTESIAN_POINT('Ctrl Pts',(46.1581506928567,0.454730613735958,-5.75033013047311));
#8333=CARTESIAN_POINT('Ctrl Pts',(46.1581506928567,0.454513465560505,-5.75011298229765));
#8334=CARTESIAN_POINT('Ctrl Pts',(46.1581506928567,10.9545336950905,-5.75011298229765));
#8335=CARTESIAN_POINT('Ctrl Pts',(46.1581506928567,10.9545336950905,-9.583412926782));
#8336=CARTESIAN_POINT('Ctrl Pts',(46.1581506928567,10.9545336950905,-13.4167128712664));
#8337=CARTESIAN_POINT('Ctrl Pts',(46.1581506928567,10.9545336950905,-17.2500128157507));
#8338=CARTESIAN_POINT('Ctrl Pts',(46.1581506928567,10.9372769224544,-5.75011298229765));
#8339=CARTESIAN_POINT('Ctrl Pts',(46.1581506928567,10.9372769224544,-9.58341292678201));
#8340=CARTESIAN_POINT('Ctrl Pts',(46.1581506928567,10.9372769224544,-13.4167128712664));
#8341=CARTESIAN_POINT('Ctrl Pts',(46.1581506928567,10.9372769224544,-17.2500128157507));
#8342=CARTESIAN_POINT('Ctrl Pts',(46.1239693213461,10.870579291464,-5.75011298229765));
#8343=CARTESIAN_POINT('Ctrl Pts',(46.1239693213461,10.870579291464,-9.583412926782));
#8344=CARTESIAN_POINT('Ctrl Pts',(46.1239693213461,10.870579291464,-13.4167128712664));
#8345=CARTESIAN_POINT('Ctrl Pts',(46.1239693213461,10.870579291464,-17.2500128157507));
#8346=CARTESIAN_POINT('Ctrl Pts',(45.8912628430005,10.5867725539959,-5.75011298229765));
#8347=CARTESIAN_POINT('Ctrl Pts',(45.8912628430005,10.5867725539959,-9.58341292678201));
#8348=CARTESIAN_POINT('Ctrl Pts',(45.8912628430005,10.5867725539959,-13.4167128712663));
#8349=CARTESIAN_POINT('Ctrl Pts',(45.8912628430005,10.5867725539959,-17.2500128157507));
#8350=CARTESIAN_POINT('Ctrl Pts',(45.4908617118857,10.1503038790018,-5.75011298229765));
#8351=CARTESIAN_POINT('Ctrl Pts',(45.4908617118857,10.1503038790018,-9.58341292678199));
#8352=CARTESIAN_POINT('Ctrl Pts',(45.4908617118857,10.1503038790018,-13.4167128712664));
#8353=CARTESIAN_POINT('Ctrl Pts',(45.4908617118857,10.1503038790018,-17.2500128157507));
#8354=CARTESIAN_POINT('Ctrl Pts',(44.9116491440556,9.57098884998105,-5.75011298229765));
#8355=CARTESIAN_POINT('Ctrl Pts',(44.9116491440556,9.57098884998105,-9.58341292678201));
#8356=CARTESIAN_POINT('Ctrl Pts',(44.9116491440556,9.57098884998105,-13.4167128712663));
#8357=CARTESIAN_POINT('Ctrl Pts',(44.9116491440556,9.57098884998105,-17.2500128157507));
#8358=CARTESIAN_POINT('Ctrl Pts',(44.4361643851772,9.13499655571279,-5.75011298229765));
#8359=CARTESIAN_POINT('Ctrl Pts',(44.4361643851772,9.13499655571279,-9.583412926782));
#8360=CARTESIAN_POINT('Ctrl Pts',(44.4361643851772,9.13499655571279,-13.4167128712664));
#8361=CARTESIAN_POINT('Ctrl Pts',(44.4361643851772,9.13499655571279,-17.2500128157507));
#8362=CARTESIAN_POINT('Ctrl Pts',(44.1800150764789,8.9313875309762,-5.75011298229765));
#8363=CARTESIAN_POINT('Ctrl Pts',(44.1800150764789,8.9313875309762,-9.58341292678201));
#8364=CARTESIAN_POINT('Ctrl Pts',(44.1800150764789,8.9313875309762,-13.4167128712663));
#8365=CARTESIAN_POINT('Ctrl Pts',(44.1800150764789,8.9313875309762,-17.2500128157507));
#8366=CARTESIAN_POINT('Ctrl Pts',(44.1219561109656,8.90453369509053,-5.75011298229765));
#8367=CARTESIAN_POINT('Ctrl Pts',(44.1219561109656,8.90453369509053,-9.583412926782));
#8368=CARTESIAN_POINT('Ctrl Pts',(44.1219561109656,8.90453369509053,-13.4167128712664));
#8369=CARTESIAN_POINT('Ctrl Pts',(44.1219561109656,8.90453369509053,-17.2500128157507));
#8370=CARTESIAN_POINT('Ctrl Pts',(44.1081506928567,8.90453369509053,-5.75011298229765));
#8371=CARTESIAN_POINT('Ctrl Pts',(44.1081506928567,8.90453369509053,-9.583412926782));
#8372=CARTESIAN_POINT('Ctrl Pts',(44.1081506928567,8.90453369509053,-13.4167128712664));
#8373=CARTESIAN_POINT('Ctrl Pts',(44.1081506928567,8.90453369509053,-17.2500128157507));
#8374=CARTESIAN_POINT('',(44.1081506928567,8.90453369509053,-7.80011298229765));
#8375=CARTESIAN_POINT('Ctrl Pts',(46.1581506928567,10.9545336950905,-5.75011298229765));
#8376=CARTESIAN_POINT('Ctrl Pts',(46.1581506928567,10.954316546915,-5.75033013047316));
#8377=CARTESIAN_POINT('Ctrl Pts',(46.1581472426,10.9540992314432,-5.7505474458788));
#8378=CARTESIAN_POINT('Ctrl Pts',(46.1577766242678,10.9418910626477,-5.76275561557198));
#8379=CARTESIAN_POINT('Ctrl Pts',(46.1475671221735,10.9217650833272,-5.78288159406094));
#8380=CARTESIAN_POINT('Ctrl Pts',(46.1142265029009,10.8666112956015,-5.83803538178665));
#8381=CARTESIAN_POINT('Ctrl Pts',(46.0812717217023,10.8226879495425,-5.88195872784572));
#8382=CARTESIAN_POINT('Ctrl Pts',(45.964151535165,10.6726451627829,-6.03200151460527));
#8383=CARTESIAN_POINT('Ctrl Pts',(45.8205174676743,10.5088243302571,-6.19582234713102));
#8384=CARTESIAN_POINT('Ctrl Pts',(45.2336044504648,9.88015351357704,-6.82449316381113));
#8385=CARTESIAN_POINT('Ctrl Pts',(44.7157345008414,9.37741090201589,-7.3272357753723));
#8386=CARTESIAN_POINT('Ctrl Pts',(44.3253928867031,9.04817971799579,-7.65646695939239));
#8387=CARTESIAN_POINT('Ctrl Pts',(44.2226093763326,8.96371738271812,-7.74092929467005));
#8388=CARTESIAN_POINT('Ctrl Pts',(44.1490414542061,8.92014698301506,-7.78449969437311));
#8389=CARTESIAN_POINT('Ctrl Pts',(44.1395172149532,8.9148637041935,-7.78978297319312));
#8390=CARTESIAN_POINT('Ctrl Pts',(44.125396919824,8.90859817410861,-7.79604850327808));
#8391=CARTESIAN_POINT('Ctrl Pts',(44.1197861936498,8.90645729759915,-7.7981893797892));
#8392=CARTESIAN_POINT('Ctrl Pts',(44.1126155191094,8.904882882169,-7.79976379521935));
#8393=CARTESIAN_POINT('Ctrl Pts',(44.1103326582262,8.90453369509053,-7.80011298229765));
#8394=CARTESIAN_POINT('Ctrl Pts',(44.1081506928567,8.90453369509053,-7.80011298229765));
#8395=CARTESIAN_POINT('',(44.1081506928567,8.90453369509053,-15.2000128157507));
#8396=CARTESIAN_POINT('Ctrl Pts',(44.1081506928567,8.90453369509053,-7.80011298229766));
#8397=CARTESIAN_POINT('Ctrl Pts',(44.1081506928567,8.90453369509053,-10.2667462601153));
#8398=CARTESIAN_POINT('Ctrl Pts',(44.1081506928567,8.90453369509053,-12.733379537933));
#8399=CARTESIAN_POINT('Ctrl Pts',(44.1081506928567,8.90453369509053,-15.2000128157507));
#8400=CARTESIAN_POINT('Ctrl Pts',(44.1081506928567,8.90453369509053,-15.2000128157507));
#8401=CARTESIAN_POINT('Ctrl Pts',(44.1103326582262,8.90453369509053,-15.2000128157507));
#8402=CARTESIAN_POINT('Ctrl Pts',(44.1126155191093,8.90488288216898,-15.200362002829));
#8403=CARTESIAN_POINT('Ctrl Pts',(44.1197861936497,8.90645729759915,-15.2019364182591));
#8404=CARTESIAN_POINT('Ctrl Pts',(44.1253969198239,8.90859817410858,-15.2040772947702));
#8405=CARTESIAN_POINT('Ctrl Pts',(44.1395172149532,8.91486370419353,-15.2103428248553));
#8406=CARTESIAN_POINT('Ctrl Pts',(44.1490414542061,8.92014698301502,-15.2156261036752));
#8407=CARTESIAN_POINT('Ctrl Pts',(44.2226093763325,8.96371738271812,-15.2591965033783));
#8408=CARTESIAN_POINT('Ctrl Pts',(44.3253928867026,9.04817971799533,-15.3436588386555));
#8409=CARTESIAN_POINT('Ctrl Pts',(44.7157345008426,9.37741090201706,-15.6728900226772));
#8410=CARTESIAN_POINT('Ctrl Pts',(45.2336044504648,9.88015351357708,-16.1756326342372));
#8411=CARTESIAN_POINT('Ctrl Pts',(45.8205174676728,10.5088243302556,-16.8043034509158));
#8412=CARTESIAN_POINT('Ctrl Pts',(45.9641515351638,10.6726451627816,-16.9681242834417));
#8413=CARTESIAN_POINT('Ctrl Pts',(46.0812717217017,10.8226879495417,-17.1181670702019));
#8414=CARTESIAN_POINT('Ctrl Pts',(46.1142265029004,10.8666112956008,-17.1620904162609));
#8415=CARTESIAN_POINT('Ctrl Pts',(46.147567122174,10.9217650833281,-17.2172442039882));
#8416=CARTESIAN_POINT('Ctrl Pts',(46.1577766242675,10.9418910626427,-17.2373701824809));
#8417=CARTESIAN_POINT('Ctrl Pts',(46.1581472426,10.9540992314432,-17.2495783521688));
#8418=CARTESIAN_POINT('Ctrl Pts',(46.1581506928567,10.9543165469148,-17.249795667575));
#8419=CARTESIAN_POINT('Ctrl Pts',(46.1581506928567,10.9545336950905,-17.2500128157507));
#8420=CARTESIAN_POINT('Ctrl Pts',(46.1581506928567,0.454513465560505,-5.75011298229765));
#8421=CARTESIAN_POINT('Ctrl Pts',(46.1581506928567,3.95452020873718,-5.75011298229765));
#8422=CARTESIAN_POINT('Ctrl Pts',(46.1581506928567,7.45452695191386,-5.75011298229765));
#8423=CARTESIAN_POINT('Ctrl Pts',(46.1581506928567,10.9545336950905,-5.75011298229765));
#8424=CARTESIAN_POINT('Ctrl Pts',(46.1581506928567,0.454513465560505,-5.76736975493375));
#8425=CARTESIAN_POINT('Ctrl Pts',(46.1581506928567,3.95452020873719,-5.76736975493375));
#8426=CARTESIAN_POINT('Ctrl Pts',(46.1581506928567,7.45452695191386,-5.76736975493375));
#8427=CARTESIAN_POINT('Ctrl Pts',(46.1581506928567,10.9545336950905,-5.76736975493375));
#8428=CARTESIAN_POINT('Ctrl Pts',(46.1239750667393,0.454513465560505,-5.83405828139616));
#8429=CARTESIAN_POINT('Ctrl Pts',(46.1239750667393,3.95452020873718,-5.83405828139616));
#8430=CARTESIAN_POINT('Ctrl Pts',(46.1239750667393,7.45452695191386,-5.83405828139616));
#8431=CARTESIAN_POINT('Ctrl Pts',(46.1239750667393,10.9545336950905,-5.83405828139616));
#8432=CARTESIAN_POINT('Ctrl Pts',(45.8912691431523,0.454513465560505,-6.11786479664487));
#8433=CARTESIAN_POINT('Ctrl Pts',(45.8912691431523,3.95452020873719,-6.11786479664487));
#8434=CARTESIAN_POINT('Ctrl Pts',(45.8912691431523,7.45452695191385,-6.11786479664487));
#8435=CARTESIAN_POINT('Ctrl Pts',(45.8912691431523,10.9545336950905,-6.11786479664487));
#8436=CARTESIAN_POINT('Ctrl Pts',(45.4908724233858,0.454513465560505,-6.55432768544651));
#8437=CARTESIAN_POINT('Ctrl Pts',(45.4908724233858,3.95452020873717,-6.55432768544651));
#8438=CARTESIAN_POINT('Ctrl Pts',(45.4908724233858,7.45452695191386,-6.55432768544651));
#8439=CARTESIAN_POINT('Ctrl Pts',(45.4908724233858,10.9545336950905,-6.55432768544651));
#8440=CARTESIAN_POINT('Ctrl Pts',(44.9116588205631,0.454513465560505,-7.13364394735696));
#8441=CARTESIAN_POINT('Ctrl Pts',(44.9116588205631,3.95452020873719,-7.13364394735696));
#8442=CARTESIAN_POINT('Ctrl Pts',(44.9116588205631,7.45452695191385,-7.13364394735696));
#8443=CARTESIAN_POINT('Ctrl Pts',(44.9116588205631,10.9545336950905,-7.13364394735696));
#8444=CARTESIAN_POINT('Ctrl Pts',(44.4361723544737,0.454513465560505,-7.56963779461233));
#8445=CARTESIAN_POINT('Ctrl Pts',(44.4361723544737,3.95452020873718,-7.56963779461233));
#8446=CARTESIAN_POINT('Ctrl Pts',(44.4361723544737,7.45452695191386,-7.56963779461233));
#8447=CARTESIAN_POINT('Ctrl Pts',(44.4361723544737,10.9545336950905,-7.56963779461233));
#8448=CARTESIAN_POINT('Ctrl Pts',(44.1800214577035,0.454513465560505,-7.77324998517963));
#8449=CARTESIAN_POINT('Ctrl Pts',(44.1800214577035,3.95452020873719,-7.77324998517963));
#8450=CARTESIAN_POINT('Ctrl Pts',(44.1800214577035,7.45452695191386,-7.77324998517963));
#8451=CARTESIAN_POINT('Ctrl Pts',(44.1800214577035,10.9545336950905,-7.77324998517963));
#8452=CARTESIAN_POINT('Ctrl Pts',(44.1219561109656,0.454513465560505,-7.80011298229765));
#8453=CARTESIAN_POINT('Ctrl Pts',(44.1219561109656,3.95452020873718,-7.80011298229765));
#8454=CARTESIAN_POINT('Ctrl Pts',(44.1219561109656,7.45452695191386,-7.80011298229765));
#8455=CARTESIAN_POINT('Ctrl Pts',(44.1219561109656,10.9545336950905,-7.80011298229765));
#8456=CARTESIAN_POINT('Ctrl Pts',(44.1081506928567,0.454513465560505,-7.80011298229765));
#8457=CARTESIAN_POINT('Ctrl Pts',(44.1081506928567,3.95452020873718,-7.80011298229765));
#8458=CARTESIAN_POINT('Ctrl Pts',(44.1081506928567,7.45452695191386,-7.80011298229765));
#8459=CARTESIAN_POINT('Ctrl Pts',(44.1081506928567,10.9545336950905,-7.80011298229765));
#8460=CARTESIAN_POINT('Ctrl Pts',(44.1081506928567,2.5045134655605,-7.80011298229765));
#8461=CARTESIAN_POINT('Ctrl Pts',(44.1081506928567,4.63785354207051,-7.80011298229765));
#8462=CARTESIAN_POINT('Ctrl Pts',(44.1081506928567,6.77119361858052,-7.80011298229765));
#8463=CARTESIAN_POINT('Ctrl Pts',(44.1081506928567,8.90453369509053,-7.80011298229765));
#8464=CARTESIAN_POINT('Ctrl Pts',(46.1581506928567,10.9545336950905,-17.2500128157507));
#8465=CARTESIAN_POINT('Ctrl Pts',(46.1581506928567,7.45452695191386,-17.2500128157507));
#8466=CARTESIAN_POINT('Ctrl Pts',(46.1581506928567,3.95452020873718,-17.2500128157507));
#8467=CARTESIAN_POINT('Ctrl Pts',(46.1581506928567,0.454513465560507,-17.2500128157507));
#8468=CARTESIAN_POINT('Ctrl Pts',(46.1581506928567,10.9545336950905,-17.2327560431146));
#8469=CARTESIAN_POINT('Ctrl Pts',(46.1581506928567,7.45452695191385,-17.2327560431146));
#8470=CARTESIAN_POINT('Ctrl Pts',(46.1581506928567,3.95452020873718,-17.2327560431146));
#8471=CARTESIAN_POINT('Ctrl Pts',(46.1581506928567,0.454513465560507,-17.2327560431146));
#8472=CARTESIAN_POINT('Ctrl Pts',(46.1239693213461,10.9545336950905,-17.1660584121242));
#8473=CARTESIAN_POINT('Ctrl Pts',(46.1239693213461,7.45452695191386,-17.1660584121242));
#8474=CARTESIAN_POINT('Ctrl Pts',(46.1239693213461,3.95452020873718,-17.1660584121242));
#8475=CARTESIAN_POINT('Ctrl Pts',(46.1239693213461,0.454513465560506,-17.1660584121242));
#8476=CARTESIAN_POINT('Ctrl Pts',(45.8912628430005,10.9545336950905,-16.882251674656));
#8477=CARTESIAN_POINT('Ctrl Pts',(45.8912628430005,7.45452695191385,-16.882251674656));
#8478=CARTESIAN_POINT('Ctrl Pts',(45.8912628430005,3.95452020873719,-16.882251674656));
#8479=CARTESIAN_POINT('Ctrl Pts',(45.8912628430005,0.454513465560507,-16.882251674656));
#8480=CARTESIAN_POINT('Ctrl Pts',(45.4908617118857,10.9545336950905,-16.445782999662));
#8481=CARTESIAN_POINT('Ctrl Pts',(45.4908617118857,7.45452695191386,-16.445782999662));
#8482=CARTESIAN_POINT('Ctrl Pts',(45.4908617118857,3.95452020873717,-16.445782999662));
#8483=CARTESIAN_POINT('Ctrl Pts',(45.4908617118857,0.454513465560506,-16.445782999662));
#8484=CARTESIAN_POINT('Ctrl Pts',(44.9116491440556,10.9545336950905,-15.8664679706412));
#8485=CARTESIAN_POINT('Ctrl Pts',(44.9116491440556,7.45452695191385,-15.8664679706412));
#8486=CARTESIAN_POINT('Ctrl Pts',(44.9116491440556,3.95452020873719,-15.8664679706412));
#8487=CARTESIAN_POINT('Ctrl Pts',(44.9116491440556,0.454513465560507,-15.8664679706412));
#8488=CARTESIAN_POINT('Ctrl Pts',(44.4361643851772,10.9545336950905,-15.430475676373));
#8489=CARTESIAN_POINT('Ctrl Pts',(44.4361643851772,7.45452695191386,-15.430475676373));
#8490=CARTESIAN_POINT('Ctrl Pts',(44.4361643851772,3.95452020873718,-15.430475676373));
#8491=CARTESIAN_POINT('Ctrl Pts',(44.4361643851772,0.454513465560507,-15.430475676373));
#8492=CARTESIAN_POINT('Ctrl Pts',(44.1800150764789,10.9545336950905,-15.2268666516364));
#8493=CARTESIAN_POINT('Ctrl Pts',(44.1800150764789,7.45452695191385,-15.2268666516364));
#8494=CARTESIAN_POINT('Ctrl Pts',(44.1800150764789,3.95452020873718,-15.2268666516364));
#8495=CARTESIAN_POINT('Ctrl Pts',(44.1800150764789,0.454513465560506,-15.2268666516364));
#8496=CARTESIAN_POINT('Ctrl Pts',(44.1219561109656,10.9545336950905,-15.2000128157507));
#8497=CARTESIAN_POINT('Ctrl Pts',(44.1219561109656,7.45452695191386,-15.2000128157507));
#8498=CARTESIAN_POINT('Ctrl Pts',(44.1219561109656,3.95452020873718,-15.2000128157507));
#8499=CARTESIAN_POINT('Ctrl Pts',(44.1219561109656,0.454513465560507,-15.2000128157507));
#8500=CARTESIAN_POINT('Ctrl Pts',(44.1081506928567,10.9545336950905,-15.2000128157507));
#8501=CARTESIAN_POINT('Ctrl Pts',(44.1081506928567,7.45452695191386,-15.2000128157507));
#8502=CARTESIAN_POINT('Ctrl Pts',(44.1081506928567,3.95452020873718,-15.2000128157507));
#8503=CARTESIAN_POINT('Ctrl Pts',(44.1081506928567,0.454513465560507,-15.2000128157507));
#8504=CARTESIAN_POINT('Ctrl Pts',(44.1081506928567,8.90453369509052,-15.2000128157507));
#8505=CARTESIAN_POINT('Ctrl Pts',(44.1081506928567,6.77119361858052,-15.2000128157507));
#8506=CARTESIAN_POINT('Ctrl Pts',(44.1081506928567,4.63785354207051,-15.2000128157507));
#8507=CARTESIAN_POINT('Ctrl Pts',(44.1081506928567,2.5045134655605,-15.2000128157507));
#8508=CARTESIAN_POINT('Origin',(46.1581506928567,8.70453369509053,-15.2000128157507));
#8509=CARTESIAN_POINT('',(46.1581506928567,8.90453369509053,-15.2000128157507));
#8510=CARTESIAN_POINT('',(46.1581506928567,2.50451346556051,-15.2000128157507));
#8511=CARTESIAN_POINT('Origin',(46.1581506928567,8.90453369509053,-8.00011298229765));
#8512=CARTESIAN_POINT('',(46.1581506928567,8.90453369509053,-7.80011298229765));
#8513=CARTESIAN_POINT('Origin',(46.1581506928567,2.70451346556051,-7.80011298229765));
#8514=CARTESIAN_POINT('',(46.1581506928567,2.50451346556051,-7.80011298229765));
#8515=CARTESIAN_POINT('Origin',(46.1581506928567,2.50451346556051,-15.0000128157507));
#8516=CARTESIAN_POINT('Ctrl Pts',(46.1581506928567,-2.79543631226024,23.2481408334578));
#8517=CARTESIAN_POINT('Ctrl Pts',(46.1581506928567,1.83713956232745,23.2481408334578));
#8518=CARTESIAN_POINT('Ctrl Pts',(46.1581506928567,6.46971543691513,23.2481408334578));
#8519=CARTESIAN_POINT('Ctrl Pts',(46.1581506928567,11.1022913115028,23.2481408334578));
#8520=CARTESIAN_POINT('Ctrl Pts',(46.1581506928567,-2.79543631226024,23.2178362571212));
#8521=CARTESIAN_POINT('Ctrl Pts',(46.1581506928567,1.83713956232746,23.2178362571212));
#8522=CARTESIAN_POINT('Ctrl Pts',(46.1581506928567,6.46971543691512,23.2178362571212));
#8523=CARTESIAN_POINT('Ctrl Pts',(46.1581506928567,11.1022913115028,23.2178362571212));
#8524=CARTESIAN_POINT('Ctrl Pts',(46.0974153112857,-2.79543631226024,23.1072144610352));
#8525=CARTESIAN_POINT('Ctrl Pts',(46.0974153112857,1.83713956232744,23.1072144610352));
#8526=CARTESIAN_POINT('Ctrl Pts',(46.0974153112857,6.46971543691514,23.1072144610352));
#8527=CARTESIAN_POINT('Ctrl Pts',(46.0974153112857,11.1022913115028,23.1072144610352));
#8528=CARTESIAN_POINT('Ctrl Pts',(45.7139935333516,-2.79543631226024,22.6512544340022));
#8529=CARTESIAN_POINT('Ctrl Pts',(45.7139935333516,1.83713956232745,22.6512544340022));
#8530=CARTESIAN_POINT('Ctrl Pts',(45.7139935333516,6.46971543691513,22.6512544340022));
#8531=CARTESIAN_POINT('Ctrl Pts',(45.7139935333516,11.1022913115028,22.6512544340022));
#8532=CARTESIAN_POINT('Ctrl Pts',(45.1806488990069,-2.79543631226024,22.0701595503439));
#8533=CARTESIAN_POINT('Ctrl Pts',(45.1806488990069,1.83713956232744,22.0701595503439));
#8534=CARTESIAN_POINT('Ctrl Pts',(45.1806488990069,6.46971543691514,22.0701595503439));
#8535=CARTESIAN_POINT('Ctrl Pts',(45.1806488990069,11.1022913115028,22.0701595503439));
#8536=CARTESIAN_POINT('Ctrl Pts',(44.3336372640435,-2.79543631226024,21.2228510834034));
#8537=CARTESIAN_POINT('Ctrl Pts',(44.3336372640435,1.83713956232745,21.2228510834034));
#8538=CARTESIAN_POINT('Ctrl Pts',(44.3336372640435,6.46971543691513,21.2228510834034));
#8539=CARTESIAN_POINT('Ctrl Pts',(44.3336372640435,11.1022913115028,21.2228510834034));
#8540=CARTESIAN_POINT('Ctrl Pts',(43.6384746607709,-2.79543631226024,20.5856589635772));
#8541=CARTESIAN_POINT('Ctrl Pts',(43.6384746607709,1.83713956232744,20.5856589635772));
#8542=CARTESIAN_POINT('Ctrl Pts',(43.6384746607709,6.46971543691514,20.5856589635772));
#8543=CARTESIAN_POINT('Ctrl Pts',(43.6384746607709,11.1022913115028,20.5856589635772));
#8544=CARTESIAN_POINT('Ctrl Pts',(43.2630795298022,-2.79543631226024,20.2871254504329));
#8545=CARTESIAN_POINT('Ctrl Pts',(43.2630795298022,1.83713956232746,20.2871254504329));
#8546=CARTESIAN_POINT('Ctrl Pts',(43.2630795298022,6.46971543691513,20.2871254504329));
#8547=CARTESIAN_POINT('Ctrl Pts',(43.2630795298022,11.1022913115028,20.2871254504329));
#8548=CARTESIAN_POINT('Ctrl Pts',(43.1783537437477,-2.79543631226024,20.2481408334578));
#8549=CARTESIAN_POINT('Ctrl Pts',(43.1783537437477,1.83713956232744,20.2481408334578));
#8550=CARTESIAN_POINT('Ctrl Pts',(43.1783537437477,6.46971543691514,20.2481408334578));
#8551=CARTESIAN_POINT('Ctrl Pts',(43.1783537437477,11.1022913115028,20.2481408334578));
#8552=CARTESIAN_POINT('Ctrl Pts',(43.1581506928567,-2.79543631226024,20.2481408334578));
#8553=CARTESIAN_POINT('Ctrl Pts',(43.1581506928567,1.83713956232745,20.2481408334578));
#8554=CARTESIAN_POINT('Ctrl Pts',(43.1581506928567,6.46971543691513,20.2481408334578));
#8555=CARTESIAN_POINT('Ctrl Pts',(43.1581506928567,11.1022913115028,20.2481408334578));
#8556=CARTESIAN_POINT('',(43.1581506928567,0.522270460754046,20.2481408334578));
#8557=CARTESIAN_POINT('Ctrl Pts',(43.1581506928567,0.52227046075404,20.2481408334578));
#8558=CARTESIAN_POINT('Ctrl Pts',(43.1646278303007,0.516038787837647,20.2481408334578));
#8559=CARTESIAN_POINT('Ctrl Pts',(43.1723534851713,0.508601469752314,20.2502327283162));
#8560=CARTESIAN_POINT('Ctrl Pts',(43.2087210949712,0.473565843023397,20.263351808287));
#8561=CARTESIAN_POINT('Ctrl Pts',(43.2498336634469,0.4338451059627,20.2895331622379));
#8562=CARTESIAN_POINT('Ctrl Pts',(43.5169017540922,0.174947077118435,20.4725875612343));
#8563=CARTESIAN_POINT('Ctrl Pts',(44.0140948117106,-0.312068301777101,20.9171705155014));
#8564=CARTESIAN_POINT('Ctrl Pts',(45.05602341083,-1.40200382210351,21.9411718868663));
#8565=CARTESIAN_POINT('Ctrl Pts',(45.5117712757602,-1.90337692073445,22.421027421525));
#8566=CARTESIAN_POINT('Ctrl Pts',(45.9023986432071,-2.38457268415696,22.8748918325333));
#8567=CARTESIAN_POINT('Ctrl Pts',(46.0153968524133,-2.5286294112121,23.0103998250335));
#8568=CARTESIAN_POINT('Ctrl Pts',(46.106387668809,-2.67173705966998,23.140956754364));
#8569=CARTESIAN_POINT('Ctrl Pts',(46.1278603031356,-2.70778285069974,23.1735627605146));
#8570=CARTESIAN_POINT('Ctrl Pts',(46.151217072319,-2.75988393908538,23.219059679166));
#8571=CARTESIAN_POINT('Ctrl Pts',(46.1578486450577,-2.77955809754542,23.2357742426842));
#8572=CARTESIAN_POINT('Ctrl Pts',(46.1581472755709,-2.79476154161743,23.2476173957907));
#8573=CARTESIAN_POINT('Ctrl Pts',(46.1581506928567,-2.79509880782203,23.2478794036441));
#8574=CARTESIAN_POINT('Ctrl Pts',(46.1581506928567,-2.79543631226024,23.2481408334578));
#8575=CARTESIAN_POINT('',(43.1581506928567,7.78458453848855,20.2481408334578));
#8576=CARTESIAN_POINT('Ctrl Pts',(43.1581506928567,0.522270460754041,20.2481408334578));
#8577=CARTESIAN_POINT('Ctrl Pts',(43.1581506928567,2.94304181999888,20.2481408334578));
#8578=CARTESIAN_POINT('Ctrl Pts',(43.1581506928567,5.36381317924371,20.2481408334578));
#8579=CARTESIAN_POINT('Ctrl Pts',(43.1581506928567,7.78458453848855,20.2481408334578));
#8580=CARTESIAN_POINT('Ctrl Pts',(46.1581506928567,11.1022913115028,23.2481408334578));
#8581=CARTESIAN_POINT('Ctrl Pts',(46.1581506928567,11.101953807065,23.2478794036444));
#8582=CARTESIAN_POINT('Ctrl Pts',(46.1581472755709,11.1016165408601,23.2476173957908));
#8583=CARTESIAN_POINT('Ctrl Pts',(46.1578486450554,11.0864130966651,23.235774242589));
#8584=CARTESIAN_POINT('Ctrl Pts',(46.1512170722062,11.0667389380764,23.2190596789463));
#8585=CARTESIAN_POINT('Ctrl Pts',(46.127860303136,11.0146378499432,23.1735627605154));
#8586=CARTESIAN_POINT('Ctrl Pts',(46.1063876688096,10.9785920589135,23.1409567543649));
#8587=CARTESIAN_POINT('Ctrl Pts',(46.0153968524143,10.835484410456,23.0103998250348));
#8588=CARTESIAN_POINT('Ctrl Pts',(45.9023986432082,10.691427683401,22.8748918325346));
#8589=CARTESIAN_POINT('Ctrl Pts',(45.5117712757609,10.2102319199777,22.4210274215257));
#8590=CARTESIAN_POINT('Ctrl Pts',(45.0560234108297,9.70885882134576,21.941171886866));
#8591=CARTESIAN_POINT('Ctrl Pts',(44.0140948117108,8.61892330101989,20.9171705155015));
#8592=CARTESIAN_POINT('Ctrl Pts',(43.5169017540922,8.13190792212415,20.4725875612344));
#8593=CARTESIAN_POINT('Ctrl Pts',(43.2498336634466,7.87300989327952,20.2895331622377));
#8594=CARTESIAN_POINT('Ctrl Pts',(43.2087210949711,7.83328915621906,20.2633518082869));
#8595=CARTESIAN_POINT('Ctrl Pts',(43.1723534851712,7.79825352949023,20.2502327283162));
#8596=CARTESIAN_POINT('Ctrl Pts',(43.1646278303007,7.79081621140491,20.2481408334578));
#8597=CARTESIAN_POINT('Ctrl Pts',(43.1581506928567,7.78458453848853,20.2481408334578));
#8598=CARTESIAN_POINT('Origin',(46.1581506928567,2.20456368773976,20.2481408334578));
#8599=CARTESIAN_POINT('Ctrl Pts',(43.156681403959,0.523939726910886,20.2481408334578));
#8600=CARTESIAN_POINT('Ctrl Pts',(42.7295769232325,0.93500506957925,20.2481408334578));
#8601=CARTESIAN_POINT('Ctrl Pts',(42.3445436077715,1.28798798866689,20.2481408334578));
#8602=CARTESIAN_POINT('Ctrl Pts',(42.0479004526193,1.54731867696401,20.2481408334578));
#8603=CARTESIAN_POINT('Ctrl Pts',(41.75046955,1.80733802801742,20.2481408334578));
#8604=CARTESIAN_POINT('Ctrl Pts',(41.5418988780427,1.97320709355299,20.2481408334578));
#8605=CARTESIAN_POINT('Ctrl Pts',(41.4022371016281,2.07251350848358,20.2481408334578));
#8606=CARTESIAN_POINT('Ctrl Pts',(41.2625753252136,2.17181992341416,20.2481408334578));
#8607=CARTESIAN_POINT('Ctrl Pts',(41.1918224443418,2.20456368773976,20.2481408334578));
#8608=CARTESIAN_POINT('Ctrl Pts',(41.1581506928567,2.20456368773976,20.2481408334578));
#8609=CARTESIAN_POINT('Ctrl Pts',(41.1581506928567,6.10229131150282,20.2481408334578));
#8610=CARTESIAN_POINT('Ctrl Pts',(41.1918224443418,6.10229131150282,20.2481408334578));
#8611=CARTESIAN_POINT('Ctrl Pts',(41.262571884848,6.13503166327605,20.2481408334578));
#8612=CARTESIAN_POINT('Ctrl Pts',(41.4022321028475,6.23433646403041,20.2481408334578));
#8613=CARTESIAN_POINT('Ctrl Pts',(41.5418923208469,6.33364126478478,20.2481408334578));
#8614=CARTESIAN_POINT('Ctrl Pts',(41.7504633163396,6.49951051452029,20.2481408334578));
#8615=CARTESIAN_POINT('Ctrl Pts',(42.0478928708262,6.75952863848632,20.2481408334578));
#8616=CARTESIAN_POINT('Ctrl Pts',(42.344534681413,7.01885810294321,20.2481408334578));
#8617=CARTESIAN_POINT('Ctrl Pts',(42.7295649894819,7.371838394367,20.2481408334578));
#8618=CARTESIAN_POINT('Ctrl Pts',(43.156666577553,7.78290135600193,20.2481408334578));
#8619=CARTESIAN_POINT('Ctrl Pts',(46.1581506928567,11.3642857221274,23.3300012743566));
#8620=CARTESIAN_POINT('Ctrl Pts',(46.1581506928567,6.64294061354639,23.3300012743566));
#8621=CARTESIAN_POINT('Ctrl Pts',(46.1581506928567,1.92159550496536,23.3300012743566));
#8622=CARTESIAN_POINT('Ctrl Pts',(46.1581506928567,-2.79974960361567,23.3300012743566));
#8623=CARTESIAN_POINT('Ctrl Pts',(46.1581506928567,11.3642857221274,23.3603058506932));
#8624=CARTESIAN_POINT('Ctrl Pts',(46.1581506928567,6.64294061354637,23.3603058506932));
#8625=CARTESIAN_POINT('Ctrl Pts',(46.1581506928567,1.92159550496537,23.3603058506932));
#8626=CARTESIAN_POINT('Ctrl Pts',(46.1581506928567,-2.79974960361567,23.3603058506932));
#8627=CARTESIAN_POINT('Ctrl Pts',(46.097414345026,11.3642857221274,23.4709291902496));
#8628=CARTESIAN_POINT('Ctrl Pts',(46.097414345026,6.6429406135464,23.4709291902496));
#8629=CARTESIAN_POINT('Ctrl Pts',(46.097414345026,1.92159550496535,23.4709291902496));
#8630=CARTESIAN_POINT('Ctrl Pts',(46.097414345026,-2.79974960361567,23.4709291902496));
#8631=CARTESIAN_POINT('Ctrl Pts',(45.7139926346031,11.3642857221274,23.9268890280191));
#8632=CARTESIAN_POINT('Ctrl Pts',(45.7139926346031,6.64294061354639,23.9268890280191));
#8633=CARTESIAN_POINT('Ctrl Pts',(45.7139926346031,1.92159550496536,23.9268890280191));
#8634=CARTESIAN_POINT('Ctrl Pts',(45.7139926346031,-2.79974960361567,23.9268890280191));
#8635=CARTESIAN_POINT('Ctrl Pts',(45.180647500825,11.3642857221274,24.5079845316453));
#8636=CARTESIAN_POINT('Ctrl Pts',(45.180647500825,6.64294061354639,24.5079845316453));
#8637=CARTESIAN_POINT('Ctrl Pts',(45.180647500825,1.92159550496535,24.5079845316453));
#8638=CARTESIAN_POINT('Ctrl Pts',(45.180647500825,-2.79974960361567,24.5079845316453));
#8639=CARTESIAN_POINT('Ctrl Pts',(44.3336362497454,11.3642857221274,25.3552925098558));
#8640=CARTESIAN_POINT('Ctrl Pts',(44.3336362497454,6.64294061354638,25.3552925098558));
#8641=CARTESIAN_POINT('Ctrl Pts',(44.3336362497454,1.92159550496536,25.3552925098558));
#8642=CARTESIAN_POINT('Ctrl Pts',(44.3336362497454,-2.79974960361567,25.3552925098558));
#8643=CARTESIAN_POINT('Ctrl Pts',(43.6384739560503,11.3642857221274,25.9924842492804));
#8644=CARTESIAN_POINT('Ctrl Pts',(43.6384739560503,6.6429406135464,25.9924842492804));
#8645=CARTESIAN_POINT('Ctrl Pts',(43.6384739560503,1.92159550496535,25.9924842492804));
#8646=CARTESIAN_POINT('Ctrl Pts',(43.6384739560503,-2.79974960361567,25.9924842492804));
#8647=CARTESIAN_POINT('Ctrl Pts',(43.2630789663597,11.3642857221274,26.2910175062974));
#8648=CARTESIAN_POINT('Ctrl Pts',(43.2630789663597,6.64294061354638,26.2910175062974));
#8649=CARTESIAN_POINT('Ctrl Pts',(43.2630789663597,1.92159550496537,26.2910175062974));
#8650=CARTESIAN_POINT('Ctrl Pts',(43.2630789663597,-2.79974960361567,26.2910175062974));
#8651=CARTESIAN_POINT('Ctrl Pts',(43.1783537437477,11.3642857221274,26.3300012743566));
#8652=CARTESIAN_POINT('Ctrl Pts',(43.1783537437477,6.64294061354639,26.3300012743566));
#8653=CARTESIAN_POINT('Ctrl Pts',(43.1783537437477,1.92159550496535,26.3300012743566));
#8654=CARTESIAN_POINT('Ctrl Pts',(43.1783537437477,-2.79974960361567,26.3300012743566));
#8655=CARTESIAN_POINT('Ctrl Pts',(43.1581506928567,11.3642857221274,26.3300012743566));
#8656=CARTESIAN_POINT('Ctrl Pts',(43.1581506928567,6.64294061354639,26.3300012743566));
#8657=CARTESIAN_POINT('Ctrl Pts',(43.1581506928567,1.92159550496536,26.3300012743566));
#8658=CARTESIAN_POINT('Ctrl Pts',(43.1581506928567,-2.79974960361567,26.3300012743566));
#8659=CARTESIAN_POINT('',(43.1581506928567,8.04657894911314,26.3300012743566));
#8660=CARTESIAN_POINT('Ctrl Pts',(43.1581506928567,8.04657894911314,26.3300012743566));
#8661=CARTESIAN_POINT('Ctrl Pts',(43.1646278297276,8.05281062147811,26.3300012743566));
#8662=CARTESIAN_POINT('Ctrl Pts',(43.1723534837738,8.06024793876951,26.327909379868));
#8663=CARTESIAN_POINT('Ctrl Pts',(43.2087210733153,8.09528354597741,26.3147903078807));
#8664=CARTESIAN_POINT('Ctrl Pts',(43.2498336049997,8.13500424740011,26.2886089822672));
#8665=CARTESIAN_POINT('Ctrl Pts',(43.5168991580442,8.39389981501321,26.1055563500076));
#8666=CARTESIAN_POINT('Ctrl Pts',(44.0140843282401,8.88090740757103,25.6609810059691));
#8667=CARTESIAN_POINT('Ctrl Pts',(45.0560040398948,9.97083239760686,24.636990025155));
#8668=CARTESIAN_POINT('Ctrl Pts',(45.5117534925682,10.4722062151248,24.1571338532545));
#8669=CARTESIAN_POINT('Ctrl Pts',(45.9023885180336,10.9534091123066,23.7032624645059));
#8670=CARTESIAN_POINT('Ctrl Pts',(46.0153910160911,11.0974705588419,23.5677499364446));
#8671=CARTESIAN_POINT('Ctrl Pts',(46.1063854675988,11.2405827693483,23.4371886989866));
#8672=CARTESIAN_POINT('Ctrl Pts',(46.1278590434575,11.2766298082113,23.4045815231829));
#8673=CARTESIAN_POINT('Ctrl Pts',(46.1512167736442,11.328732452338,23.3590831894602));
#8674=CARTESIAN_POINT('Ctrl Pts',(46.1578486385403,11.3484071728841,23.3423681257082));
#8675=CARTESIAN_POINT('Ctrl Pts',(46.1581472755721,11.3636109516118,23.3305247119249));
#8676=CARTESIAN_POINT('Ctrl Pts',(46.1581506928567,11.3639482177533,23.3302627041206));
#8677=CARTESIAN_POINT('Ctrl Pts',(46.1581506928567,11.3642857221274,23.3300012743566));
#8678=CARTESIAN_POINT('',(43.1581506928567,0.517957169398578,26.3300012743566));
#8679=CARTESIAN_POINT('Ctrl Pts',(43.1581506928567,8.04657894911314,26.3300012743566));
#8680=CARTESIAN_POINT('Ctrl Pts',(43.1581506928567,5.53703835587495,26.3300012743566));
#8681=CARTESIAN_POINT('Ctrl Pts',(43.1581506928567,3.02749776263677,26.3300012743566));
#8682=CARTESIAN_POINT('Ctrl Pts',(43.1581506928567,0.517957169398578,26.3300012743566));
#8683=CARTESIAN_POINT('Ctrl Pts',(46.1581506928567,-2.79974960361567,23.3300012743566));
#8684=CARTESIAN_POINT('Ctrl Pts',(46.1581506928567,-2.79941209924138,23.3302627041208));
#8685=CARTESIAN_POINT('Ctrl Pts',(46.1581472755721,-2.79907483309856,23.3305247119262));
#8686=CARTESIAN_POINT('Ctrl Pts',(46.1578486385322,-2.78387105398321,23.3423681260101));
#8687=CARTESIAN_POINT('Ctrl Pts',(46.1512167732886,-2.76419633303266,23.3590831901532));
#8688=CARTESIAN_POINT('Ctrl Pts',(46.1278590434555,-2.71209368969598,23.4045815231861));
#8689=CARTESIAN_POINT('Ctrl Pts',(46.1063854675964,-2.67604665083264,23.4371886989901));
#8690=CARTESIAN_POINT('Ctrl Pts',(46.0153910160873,-2.53293444032501,23.5677499364494));
#8691=CARTESIAN_POINT('Ctrl Pts',(45.9023885180296,-2.38887299378982,23.7032624645106));
#8692=CARTESIAN_POINT('Ctrl Pts',(45.5117534925629,-1.9076700966072,24.1571338532601));
#8693=CARTESIAN_POINT('Ctrl Pts',(45.0560040398914,-1.40629627909151,24.6369900251584));
#8694=CARTESIAN_POINT('Ctrl Pts',(44.0140843282401,-0.316371289059318,25.6609810059691));
#8695=CARTESIAN_POINT('Ctrl Pts',(43.5168991580443,0.170636303498533,26.1055563500076));
#8696=CARTESIAN_POINT('Ctrl Pts',(43.2498336049996,0.429531871111651,26.2886089822672));
#8697=CARTESIAN_POINT('Ctrl Pts',(43.2087210733153,0.469252572534342,26.3147903078807));
#8698=CARTESIAN_POINT('Ctrl Pts',(43.1723534837737,0.504288179742433,26.327909379868));
#8699=CARTESIAN_POINT('Ctrl Pts',(43.1646278297275,0.511725497033724,26.3300012743566));
#8700=CARTESIAN_POINT('Ctrl Pts',(43.1581506928567,0.517957169398601,26.3300012743566));
#8701=CARTESIAN_POINT('Origin',(46.1581506928567,6.36428572212741,26.3300012743566));
#8702=CARTESIAN_POINT('Ctrl Pts',(43.156640110819,8.04487098092291,26.3300012743566));
#8703=CARTESIAN_POINT('Ctrl Pts',(42.7295433718754,7.6338120132063,26.3300012743566));
#8704=CARTESIAN_POINT('Ctrl Pts',(42.3445180753877,7.28083609450543,26.3300012743566));
#8705=CARTESIAN_POINT('Ctrl Pts',(42.0478786062401,7.02150875810062,26.3300012743566));
#8706=CARTESIAN_POINT('Ctrl Pts',(41.7504513994138,6.76149276784058,26.3300012743566));
#8707=CARTESIAN_POINT('Ctrl Pts',(41.5418800672373,6.59562339520075,26.3300012743566));
#8708=CARTESIAN_POINT('Ctrl Pts',(41.4022228284693,6.49632163377246,26.3300012743566));
#8709=CARTESIAN_POINT('Ctrl Pts',(41.2625655897013,6.39701987234417,26.3300012743566));
#8710=CARTESIAN_POINT('Ctrl Pts',(41.1918224443418,6.36428572212741,26.3300012743566));
#8711=CARTESIAN_POINT('Ctrl Pts',(41.1581506928567,6.36428572212741,26.3300012743566));
#8712=CARTESIAN_POINT('Ctrl Pts',(41.1581506928567,2.20025039638433,26.3300012743566));
#8713=CARTESIAN_POINT('Ctrl Pts',(41.1918224443418,2.20025039638433,26.3300012743566));
#8714=CARTESIAN_POINT('Ctrl Pts',(41.2625683451439,2.16751353799645,26.3300012743566));
#8715=CARTESIAN_POINT('Ctrl Pts',(41.4022269063357,2.06821043398393,26.3300012743566));
#8716=CARTESIAN_POINT('Ctrl Pts',(41.5418854675276,1.9689073299714,26.3300012743566));
#8717=CARTESIAN_POINT('Ctrl Pts',(41.750456689109,1.80303798033423,26.3300012743566));
#8718=CARTESIAN_POINT('Ctrl Pts',(42.0478849059704,1.54302107253868,26.3300012743566));
#8719=CARTESIAN_POINT('Ctrl Pts',(42.3445253824747,1.28369282103123,26.3300012743566));
#8720=CARTESIAN_POINT('Ctrl Pts',(42.7295528010192,0.930715051666999,26.3300012743566));
#8721=CARTESIAN_POINT('Ctrl Pts',(43.1566515976971,0.519654388692327,26.3300012743566));
#8722=CARTESIAN_POINT('Ctrl Pts',(46.1581506928567,11.1022913115028,9.75002424388476));
#8723=CARTESIAN_POINT('Ctrl Pts',(46.1581506928567,6.46971543691513,9.75002424388476));
#8724=CARTESIAN_POINT('Ctrl Pts',(46.1581506928567,1.83713956232745,9.75002424388476));
#8725=CARTESIAN_POINT('Ctrl Pts',(46.1581506928567,-2.79543631226024,9.75002424388476));
#8726=CARTESIAN_POINT('Ctrl Pts',(46.1581506928567,11.1022913115028,9.78032882022133));
#8727=CARTESIAN_POINT('Ctrl Pts',(46.1581506928567,6.46971543691511,9.78032882022133));
#8728=CARTESIAN_POINT('Ctrl Pts',(46.1581506928567,1.83713956232746,9.78032882022133));
#8729=CARTESIAN_POINT('Ctrl Pts',(46.1581506928567,-2.79543631226024,9.78032882022133));
#8730=CARTESIAN_POINT('Ctrl Pts',(46.0974423452009,11.1022913115028,9.89090728686669));
#8731=CARTESIAN_POINT('Ctrl Pts',(46.0974423452009,6.46971543691514,9.89090728686669));
#8732=CARTESIAN_POINT('Ctrl Pts',(46.0974423452009,1.83713956232744,9.89090728686669));
#8733=CARTESIAN_POINT('Ctrl Pts',(46.0974423452009,-2.79543631226024,9.89090728686669));
#8734=CARTESIAN_POINT('Ctrl Pts',(45.714018756529,11.1022913115028,10.346872616259));
#8735=CARTESIAN_POINT('Ctrl Pts',(45.714018756529,6.46971543691513,10.346872616259));
#8736=CARTESIAN_POINT('Ctrl Pts',(45.714018756529,1.83713956232745,10.346872616259));
#8737=CARTESIAN_POINT('Ctrl Pts',(45.714018756529,-2.79543631226024,10.346872616259));
#8738=CARTESIAN_POINT('Ctrl Pts',(45.1806883745395,11.1022913115028,10.9279499147099));
#8739=CARTESIAN_POINT('Ctrl Pts',(45.1806883745395,6.46971543691514,10.9279499147099));
#8740=CARTESIAN_POINT('Ctrl Pts',(45.1806883745395,1.83713956232744,10.9279499147099));
#8741=CARTESIAN_POINT('Ctrl Pts',(45.1806883745395,-2.79543631226024,10.9279499147099));
#8742=CARTESIAN_POINT('Ctrl Pts',(44.3336657393286,11.1022913115028,11.7752723239868));
#8743=CARTESIAN_POINT('Ctrl Pts',(44.3336657393286,6.46971543691513,11.7752723239868));
#8744=CARTESIAN_POINT('Ctrl Pts',(44.3336657393286,1.83713956232745,11.7752723239868));
#8745=CARTESIAN_POINT('Ctrl Pts',(44.3336657393286,-2.79543631226024,11.7752723239868));
#8746=CARTESIAN_POINT('Ctrl Pts',(43.6384942132797,11.1022913115028,12.4124753612398));
#8747=CARTESIAN_POINT('Ctrl Pts',(43.6384942132797,6.46971543691513,12.4124753612398));
#8748=CARTESIAN_POINT('Ctrl Pts',(43.6384942132797,1.83713956232744,12.4124753612398));
#8749=CARTESIAN_POINT('Ctrl Pts',(43.6384942132797,-2.79543631226024,12.4124753612398));
#8750=CARTESIAN_POINT('Ctrl Pts',(43.2630952566095,11.1022913115028,12.7110159215537));
#8751=CARTESIAN_POINT('Ctrl Pts',(43.2630952566095,6.46971543691512,12.7110159215537));
#8752=CARTESIAN_POINT('Ctrl Pts',(43.2630952566095,1.83713956232745,12.7110159215537));
#8753=CARTESIAN_POINT('Ctrl Pts',(43.2630952566095,-2.79543631226024,12.7110159215537));
#8754=CARTESIAN_POINT('Ctrl Pts',(43.1783537437477,11.1022913115028,12.7500242438848));
#8755=CARTESIAN_POINT('Ctrl Pts',(43.1783537437477,6.46971543691514,12.7500242438848));
#8756=CARTESIAN_POINT('Ctrl Pts',(43.1783537437477,1.83713956232744,12.7500242438848));
#8757=CARTESIAN_POINT('Ctrl Pts',(43.1783537437477,-2.79543631226024,12.7500242438848));
#8758=CARTESIAN_POINT('Ctrl Pts',(43.1581506928567,11.1022913115028,12.7500242438848));
#8759=CARTESIAN_POINT('Ctrl Pts',(43.1581506928567,6.46971543691513,12.7500242438848));
#8760=CARTESIAN_POINT('Ctrl Pts',(43.1581506928567,1.83713956232745,12.7500242438848));
#8761=CARTESIAN_POINT('Ctrl Pts',(43.1581506928567,-2.79543631226024,12.7500242438848));
#8762=CARTESIAN_POINT('',(43.1581506928567,7.78458453848854,12.7500242438848));
#8763=CARTESIAN_POINT('Ctrl Pts',(43.1581506928567,7.78458453848854,12.7500242438848));
#8764=CARTESIAN_POINT('Ctrl Pts',(43.1646278303009,7.79081621140506,12.7500242438848));
#8765=CARTESIAN_POINT('Ctrl Pts',(43.1723534851715,7.79825352949053,12.7479323490263));
#8766=CARTESIAN_POINT('Ctrl Pts',(43.208721094971,7.83328915621894,12.7348132690557));
#8767=CARTESIAN_POINT('Ctrl Pts',(43.2498336634462,7.87300989327914,12.7086319151052));
#8768=CARTESIAN_POINT('Ctrl Pts',(43.5169017540923,8.1319079221242,12.5255775161082));
#8769=CARTESIAN_POINT('Ctrl Pts',(44.0140948117109,8.61892330101997,12.0809945618409));
#8770=CARTESIAN_POINT('Ctrl Pts',(45.0560234108293,9.70885882134537,11.0569931904769));
#8771=CARTESIAN_POINT('Ctrl Pts',(45.5117712757599,10.2102319199766,10.577137655818));
#8772=CARTESIAN_POINT('Ctrl Pts',(45.9023986432069,10.6914276833993,10.1232732448095));
#8773=CARTESIAN_POINT('Ctrl Pts',(46.0153968524133,10.8354844104546,9.98776525230906));
#8774=CARTESIAN_POINT('Ctrl Pts',(46.1063876688095,10.9785920589133,9.85720832297784));
#8775=CARTESIAN_POINT('Ctrl Pts',(46.1278603031356,11.0146378499425,9.82460231682785));
#8776=CARTESIAN_POINT('Ctrl Pts',(46.1512170708914,11.0667389351437,9.77910540095731));
#8777=CARTESIAN_POINT('Ctrl Pts',(46.1578486450272,11.0864130952303,9.76239083586653));
#8778=CARTESIAN_POINT('Ctrl Pts',(46.1581472755708,11.1016165408575,9.75054768155425));
#8779=CARTESIAN_POINT('Ctrl Pts',(46.1581506928567,11.1019538070677,9.7502856736961));
#8780=CARTESIAN_POINT('Ctrl Pts',(46.1581506928567,11.1022913115028,9.75002424388477));
#8781=CARTESIAN_POINT('',(43.1581506928567,0.522270460754022,12.7500242438848));
#8782=CARTESIAN_POINT('Ctrl Pts',(43.1581506928567,7.78458453848854,12.7500242438848));
#8783=CARTESIAN_POINT('Ctrl Pts',(43.1581506928567,5.3638131792437,12.7500242438848));
#8784=CARTESIAN_POINT('Ctrl Pts',(43.1581506928567,2.94304181999886,12.7500242438848));
#8785=CARTESIAN_POINT('Ctrl Pts',(43.1581506928567,0.522270460754022,12.7500242438848));
#8786=CARTESIAN_POINT('Ctrl Pts',(46.1581506928567,-2.79543631226024,9.75002424388477));
#8787=CARTESIAN_POINT('Ctrl Pts',(46.1581506928567,-2.79509880781646,9.75028567370278));
#8788=CARTESIAN_POINT('Ctrl Pts',(46.158147275571,-2.79476154162284,9.75054768154662));
#8789=CARTESIAN_POINT('Ctrl Pts',(46.1578486451145,-2.77955810044151,9.76239083241192));
#8790=CARTESIAN_POINT('Ctrl Pts',(46.1512170749723,-2.7598839450043,9.77910539300801));
#8791=CARTESIAN_POINT('Ctrl Pts',(46.1278603031366,-2.70778285070161,9.8246023168263));
#8792=CARTESIAN_POINT('Ctrl Pts',(46.1063876688104,-2.67173705967221,9.85720832297652));
#8793=CARTESIAN_POINT('Ctrl Pts',(46.0153968524152,-2.52862941121466,9.98776525230664));
#8794=CARTESIAN_POINT('Ctrl Pts',(45.9023986432091,-2.38457268415955,10.1232732448068));
#8795=CARTESIAN_POINT('Ctrl Pts',(45.5117712757623,-1.90337692073674,10.5771376558153));
#8796=CARTESIAN_POINT('Ctrl Pts',(45.0560234108307,-1.40200382210425,11.0569931904756));
#8797=CARTESIAN_POINT('Ctrl Pts',(44.0140948117106,-0.31206830177708,12.0809945618412));
#8798=CARTESIAN_POINT('Ctrl Pts',(43.5169017540922,0.174947077118458,12.5255775161082));
#8799=CARTESIAN_POINT('Ctrl Pts',(43.2498336634462,0.433845105963423,12.7086319151052));
#8800=CARTESIAN_POINT('Ctrl Pts',(43.208721094971,0.473565843023644,12.7348132690557));
#8801=CARTESIAN_POINT('Ctrl Pts',(43.1723534851716,0.508601469752047,12.7479323490263));
#8802=CARTESIAN_POINT('Ctrl Pts',(43.1646278303009,0.516038787837513,12.7500242438848));
#8803=CARTESIAN_POINT('Ctrl Pts',(43.1581506928567,0.522270460754035,12.7500242438848));
#8804=CARTESIAN_POINT('Origin',(46.1581506928567,6.10229131150282,12.7500242438848));
#8805=CARTESIAN_POINT('Ctrl Pts',(43.1566665775668,7.78290135601523,12.7500242438848));
#8806=CARTESIAN_POINT('Ctrl Pts',(42.7295649894902,7.37183839437461,12.7500242438848));
#8807=CARTESIAN_POINT('Ctrl Pts',(42.3445346814162,7.01885810294601,12.7500242438848));
#8808=CARTESIAN_POINT('Ctrl Pts',(42.0478928708262,6.75952863848632,12.7500242438848));
#8809=CARTESIAN_POINT('Ctrl Pts',(41.7504633163396,6.49951051452029,12.7500242438848));
#8810=CARTESIAN_POINT('Ctrl Pts',(41.5418923208469,6.33364126478478,12.7500242438848));
#8811=CARTESIAN_POINT('Ctrl Pts',(41.4022321028475,6.23433646403041,12.7500242438848));
#8812=CARTESIAN_POINT('Ctrl Pts',(41.262571884848,6.13503166327605,12.7500242438848));
#8813=CARTESIAN_POINT('Ctrl Pts',(41.1918224443418,6.10229131150282,12.7500242438848));
#8814=CARTESIAN_POINT('Ctrl Pts',(41.1581506928567,6.10229131150282,12.7500242438848));
#8815=CARTESIAN_POINT('Ctrl Pts',(41.1581506928567,2.20456368773976,12.7500242438848));
#8816=CARTESIAN_POINT('Ctrl Pts',(41.1918224443418,2.20456368773976,12.7500242438848));
#8817=CARTESIAN_POINT('Ctrl Pts',(41.2625753252136,2.17181992341416,12.7500242438848));
#8818=CARTESIAN_POINT('Ctrl Pts',(41.4022371016281,2.07251350848358,12.7500242438848));
#8819=CARTESIAN_POINT('Ctrl Pts',(41.5418988780427,1.97320709355299,12.7500242438848));
#8820=CARTESIAN_POINT('Ctrl Pts',(41.75046955,1.80733802801742,12.7500242438848));
#8821=CARTESIAN_POINT('Ctrl Pts',(42.0479004526193,1.54731867696401,12.7500242438848));
#8822=CARTESIAN_POINT('Ctrl Pts',(42.3445436077683,1.28798798866968,12.7500242438848));
#8823=CARTESIAN_POINT('Ctrl Pts',(42.7295769232242,0.935005069586849,12.7500242438848));
#8824=CARTESIAN_POINT('Ctrl Pts',(43.1566814039452,0.523939726924162,12.7500242438848));
#8825=CARTESIAN_POINT('Ctrl Pts',(46.1581506928567,-2.79547787689601,9.74912308574538));
#8826=CARTESIAN_POINT('Ctrl Pts',(46.1581506928567,1.83752229692339,9.74912308574538));
#8827=CARTESIAN_POINT('Ctrl Pts',(46.1581506928567,6.47052247074279,9.74912308574538));
#8828=CARTESIAN_POINT('Ctrl Pts',(46.1581506928567,11.1035226445622,9.74912308574538));
#8829=CARTESIAN_POINT('Ctrl Pts',(46.1581506928567,-2.79547787689601,9.71881850940881));
#8830=CARTESIAN_POINT('Ctrl Pts',(46.1581506928567,1.8375222969234,9.71881850940881));
#8831=CARTESIAN_POINT('Ctrl Pts',(46.1581506928567,6.47052247074277,9.71881850940882));
#8832=CARTESIAN_POINT('Ctrl Pts',(46.1581506928567,11.1035226445622,9.71881850940882));
#8833=CARTESIAN_POINT('Ctrl Pts',(46.0974428021956,-2.79547787689601,9.60824077778857));
#8834=CARTESIAN_POINT('Ctrl Pts',(46.0974428021956,1.83752229692338,9.60824077778857));
#8835=CARTESIAN_POINT('Ctrl Pts',(46.0974428021956,6.4705224707428,9.60824077778858));
#8836=CARTESIAN_POINT('Ctrl Pts',(46.0974428021956,11.1035226445622,9.60824077778858));
#8837=CARTESIAN_POINT('Ctrl Pts',(45.7140191842834,-2.79547787689601,9.15227535864135));
#8838=CARTESIAN_POINT('Ctrl Pts',(45.7140191842834,1.83752229692339,9.15227535864135));
#8839=CARTESIAN_POINT('Ctrl Pts',(45.7140191842834,6.47052247074278,9.15227535864135));
#8840=CARTESIAN_POINT('Ctrl Pts',(45.7140191842834,11.1035226445622,9.15227535864135));
#8841=CARTESIAN_POINT('Ctrl Pts',(45.1806890481248,-2.79547787689601,8.5711983616748));
#8842=CARTESIAN_POINT('Ctrl Pts',(45.1806890481248,1.83752229692338,8.5711983616748));
#8843=CARTESIAN_POINT('Ctrl Pts',(45.1806890481248,6.47052247074279,8.5711983616748));
#8844=CARTESIAN_POINT('Ctrl Pts',(45.1806890481248,11.1035226445622,8.57119836167481));
#8845=CARTESIAN_POINT('Ctrl Pts',(44.3336662224161,-2.79547787689601,7.72387571201869));
#8846=CARTESIAN_POINT('Ctrl Pts',(44.3336662224161,1.83752229692339,7.7238757120187));
#8847=CARTESIAN_POINT('Ctrl Pts',(44.3336662224161,6.47052247074278,7.7238757120187));
#8848=CARTESIAN_POINT('Ctrl Pts',(44.3336662224161,11.1035226445622,7.7238757120187));
#8849=CARTESIAN_POINT('Ctrl Pts',(43.6384945409596,-2.79547787689601,7.08667248541335));
#8850=CARTESIAN_POINT('Ctrl Pts',(43.6384945409596,1.83752229692338,7.08667248541335));
#8851=CARTESIAN_POINT('Ctrl Pts',(43.6384945409596,6.47052247074279,7.08667248541335));
#8852=CARTESIAN_POINT('Ctrl Pts',(43.6384945409596,11.1035226445622,7.08667248541335));
#8853=CARTESIAN_POINT('Ctrl Pts',(43.2630955218409,-2.79547787689601,6.7881318080443));
#8854=CARTESIAN_POINT('Ctrl Pts',(43.2630955218409,1.8375222969234,6.7881318080443));
#8855=CARTESIAN_POINT('Ctrl Pts',(43.2630955218409,6.47052247074278,6.7881318080443));
#8856=CARTESIAN_POINT('Ctrl Pts',(43.2630955218409,11.1035226445622,6.7881318080443));
#8857=CARTESIAN_POINT('Ctrl Pts',(43.1783537437477,-2.79547787689601,6.74912308574538));
#8858=CARTESIAN_POINT('Ctrl Pts',(43.1783537437477,1.83752229692338,6.74912308574538));
#8859=CARTESIAN_POINT('Ctrl Pts',(43.1783537437477,6.47052247074279,6.74912308574538));
#8860=CARTESIAN_POINT('Ctrl Pts',(43.1783537437477,11.1035226445622,6.74912308574538));
#8861=CARTESIAN_POINT('Ctrl Pts',(43.1581506928567,-2.79547787689601,6.74912308574538));
#8862=CARTESIAN_POINT('Ctrl Pts',(43.1581506928567,1.83752229692339,6.74912308574538));
#8863=CARTESIAN_POINT('Ctrl Pts',(43.1581506928567,6.47052247074279,6.74912308574538));
#8864=CARTESIAN_POINT('Ctrl Pts',(43.1581506928567,11.1035226445622,6.74912308574538));
#8865=CARTESIAN_POINT('',(43.1581506928567,0.522228896118277,6.74912308574538));
#8866=CARTESIAN_POINT('Ctrl Pts',(43.1581506928567,0.522228896118274,6.74912308574538));
#8867=CARTESIAN_POINT('Ctrl Pts',(43.1646278302981,0.515997223204422,6.74912308574538));
#8868=CARTESIAN_POINT('Ctrl Pts',(43.1723534851648,0.508559905122788,6.75121498060209));
#8869=CARTESIAN_POINT('Ctrl Pts',(43.2087210948677,0.473524278487404,6.76433406053463));
#8870=CARTESIAN_POINT('Ctrl Pts',(43.2498336631674,0.433803541597164,6.79051541435));
#8871=CARTESIAN_POINT('Ctrl Pts',(43.516901741699,0.174905524502066,6.97356980491258));
#8872=CARTESIAN_POINT('Ctrl Pts',(44.0140947616636,-0.312109817222284,7.41815272284911));
#8873=CARTESIAN_POINT('Ctrl Pts',(45.0560233183556,-1.40204528727858,8.44215404461103));
#8874=CARTESIAN_POINT('Ctrl Pts',(45.5117711908661,-1.90341838934202,8.92200958231246));
#8875=CARTESIAN_POINT('Ctrl Pts',(45.9023985948713,-2.38461418682013,9.37587402663151));
#8876=CARTESIAN_POINT('Ctrl Pts',(46.015396824552,-2.52867093640556,9.51138204078405));
#8877=CARTESIAN_POINT('Ctrl Pts',(46.106387658301,-2.67177860664191,9.64193899068082));
#8878=CARTESIAN_POINT('Ctrl Pts',(46.1278602971222,-2.70782440362848,9.67454500241503));
#8879=CARTESIAN_POINT('Ctrl Pts',(46.1512170696771,-2.75992549672828,9.72004192545283));
#8880=CARTESIAN_POINT('Ctrl Pts',(46.1578486450006,-2.77959965925711,9.73675649269853));
#8881=CARTESIAN_POINT('Ctrl Pts',(46.1581472755708,-2.79480310625144,9.74859964807653));
#8882=CARTESIAN_POINT('Ctrl Pts',(46.1581506928567,-2.79514037246094,9.74886165593412));
#8883=CARTESIAN_POINT('Ctrl Pts',(46.1581506928567,-2.79547787689601,9.74912308574538));
#8884=CARTESIAN_POINT('',(43.1581506928567,7.7858158715479,6.74912308574538));
#8885=CARTESIAN_POINT('Ctrl Pts',(43.1581506928567,0.522228896118277,6.74912308574538));
#8886=CARTESIAN_POINT('Ctrl Pts',(43.1581506928567,2.94342455459482,6.74912308574538));
#8887=CARTESIAN_POINT('Ctrl Pts',(43.1581506928567,5.36462021307136,6.74912308574538));
#8888=CARTESIAN_POINT('Ctrl Pts',(43.1581506928567,7.7858158715479,6.74912308574538));
#8889=CARTESIAN_POINT('Ctrl Pts',(46.1581506928567,11.1035226445622,9.74912308574538));
#8890=CARTESIAN_POINT('Ctrl Pts',(46.1581506928567,11.1031851401246,9.74886165593221));
#8891=CARTESIAN_POINT('Ctrl Pts',(46.1581472755709,11.1028478739188,9.74859964807782));
#8892=CARTESIAN_POINT('Ctrl Pts',(46.1578486450226,11.0876444280607,9.73675649358071));
#8893=CARTESIAN_POINT('Ctrl Pts',(46.1512170707199,11.0679702667203,9.72004192748385));
#8894=CARTESIAN_POINT('Ctrl Pts',(46.1278602971212,11.0158691712929,9.67454500241345));
#8895=CARTESIAN_POINT('Ctrl Pts',(46.1063876583,10.9798233743063,9.64193899067927));
#8896=CARTESIAN_POINT('Ctrl Pts',(46.0153968245501,10.8367157040692,9.51138204078167));
#8897=CARTESIAN_POINT('Ctrl Pts',(45.9023985948693,10.6926589544838,9.37587402662914));
#8898=CARTESIAN_POINT('Ctrl Pts',(45.5117711908635,10.2114631570053,8.92200958230975));
#8899=CARTESIAN_POINT('Ctrl Pts',(45.0560233183541,9.71009005494315,8.44215404460952));
#8900=CARTESIAN_POINT('Ctrl Pts',(44.0140947616637,8.62015458488853,7.41815272284917));
#8901=CARTESIAN_POINT('Ctrl Pts',(43.516901741699,8.13313924316411,6.97356980491259));
#8902=CARTESIAN_POINT('Ctrl Pts',(43.2498336631674,7.87424122606896,6.79051541434998));
#8903=CARTESIAN_POINT('Ctrl Pts',(43.2087210948676,7.83452048917874,6.76433406053463));
#8904=CARTESIAN_POINT('Ctrl Pts',(43.1723534851647,7.79948486254333,6.75121498060208));
#8905=CARTESIAN_POINT('Ctrl Pts',(43.1646278302981,7.79204754446173,6.74912308574538));
#8906=CARTESIAN_POINT('Ctrl Pts',(43.1581506928567,7.7858158715479,6.74912308574538));
#8907=CARTESIAN_POINT('Origin',(46.1581506928567,2.20452212310399,6.74912308574538));
#8908=CARTESIAN_POINT('Ctrl Pts',(43.1567107430517,0.523870547330999,6.74912308574538));
#8909=CARTESIAN_POINT('Ctrl Pts',(42.7296001120741,0.934940950128927,6.74912308574538));
#8910=CARTESIAN_POINT('Ctrl Pts',(42.3445603590753,1.28792950412399,6.74912308574538));
#8911=CARTESIAN_POINT('Ctrl Pts',(42.0479144661021,1.54726268944969,6.74912308574538));
#8912=CARTESIAN_POINT('Ctrl Pts',(41.7504808183914,1.80728454416264,6.74912308574538));
#8913=CARTESIAN_POINT('Ctrl Pts',(41.5419111207348,1.97315295879125,6.74912308574538));
#8914=CARTESIAN_POINT('Ctrl Pts',(41.4022465272224,2.07246235352659,6.74912308574538));
#8915=CARTESIAN_POINT('Ctrl Pts',(41.26258193371,2.17177174826193,6.74912308574538));
#8916=CARTESIAN_POINT('Ctrl Pts',(41.1918224443418,2.20452212310399,6.74912308574538));
#8917=CARTESIAN_POINT('Ctrl Pts',(41.1581506928567,2.20452212310399,6.74912308574538));
#8918=CARTESIAN_POINT('Ctrl Pts',(41.1581506928567,6.10352264456218,6.74912308574539));
#8919=CARTESIAN_POINT('Ctrl Pts',(41.1918224443418,6.10352264456218,6.74912308574539));
#8920=CARTESIAN_POINT('Ctrl Pts',(41.2625777027703,6.13626877820335,6.74912308574539));
#8921=CARTESIAN_POINT('Ctrl Pts',(41.4022405218834,6.23557628530818,6.74912308574539));
#8922=CARTESIAN_POINT('Ctrl Pts',(41.5419033409965,6.334883792413,6.74912308574539));
#8923=CARTESIAN_POINT('Ctrl Pts',(41.7504737207942,6.50075267298148,6.74912308574539));
#8924=CARTESIAN_POINT('Ctrl Pts',(42.0479055858272,6.76077290097763,6.74912308574539));
#8925=CARTESIAN_POINT('Ctrl Pts',(42.3445497008408,7.0201044638921,6.74912308574539));
#8926=CARTESIAN_POINT('Ctrl Pts',(42.729585224098,7.37308931388742,6.74912308574539));
#8927=CARTESIAN_POINT('Ctrl Pts',(43.1566918204003,7.78415639743613,6.74912308574539));
#8928=CARTESIAN_POINT('Ctrl Pts',(46.1581506928567,11.1022913115028,23.2481408334578));
#8929=CARTESIAN_POINT('Ctrl Pts',(46.1581506928567,11.1022913115028,18.7487686369335));
#8930=CARTESIAN_POINT('Ctrl Pts',(46.1581506928567,11.1022913115028,14.2493964404091));
#8931=CARTESIAN_POINT('Ctrl Pts',(46.1581506928567,11.1022913115028,9.75002424388476));
#8932=CARTESIAN_POINT('Ctrl Pts',(46.1581506928567,11.0686195600177,23.2481408334578));
#8933=CARTESIAN_POINT('Ctrl Pts',(46.1581506928567,11.0686195600177,18.7487686369334));
#8934=CARTESIAN_POINT('Ctrl Pts',(46.1581506928567,11.0686195600177,14.2493964404091));
#8935=CARTESIAN_POINT('Ctrl Pts',(46.1581506928567,11.0686195600177,9.75002424388476));
#8936=CARTESIAN_POINT('Ctrl Pts',(46.0919115571377,10.9263356614362,23.2481408334578));
#8937=CARTESIAN_POINT('Ctrl Pts',(46.0919115571377,10.9263356614362,18.7487686369335));
#8938=CARTESIAN_POINT('Ctrl Pts',(46.0919115571377,10.9263356614362,14.2493964404091));
#8939=CARTESIAN_POINT('Ctrl Pts',(46.0919115571377,10.9263356614362,9.75002424388476));
#8940=CARTESIAN_POINT('Ctrl Pts',(45.5967198023873,10.3032437696987,23.2481408334578));
#8941=CARTESIAN_POINT('Ctrl Pts',(45.5967198023873,10.3032437696987,18.7487686369334));
#8942=CARTESIAN_POINT('Ctrl Pts',(45.5967198023873,10.3032437696987,14.2493964404091));
#8943=CARTESIAN_POINT('Ctrl Pts',(45.5967198023873,10.3032437696987,9.75002424388476));
#8944=CARTESIAN_POINT('Ctrl Pts',(44.529791208166,9.14016139218025,23.2481408334578));
#8945=CARTESIAN_POINT('Ctrl Pts',(44.529791208166,9.14016139218025,18.7487686369334));
#8946=CARTESIAN_POINT('Ctrl Pts',(44.529791208166,9.14016139218025,14.2493964404091));
#8947=CARTESIAN_POINT('Ctrl Pts',(44.529791208166,9.14016139218025,9.75002424388476));
#8948=CARTESIAN_POINT('Ctrl Pts',(43.1178986522739,7.72788075884546,23.2481408334578));
#8949=CARTESIAN_POINT('Ctrl Pts',(43.1178986522739,7.72788075884546,18.7487686369334));
#8950=CARTESIAN_POINT('Ctrl Pts',(43.1178986522739,7.72788075884546,14.2493964404091));
#8951=CARTESIAN_POINT('Ctrl Pts',(43.1178986522739,7.72788075884546,9.75002424388476));
#8952=CARTESIAN_POINT('Ctrl Pts',(41.9590343118323,6.6653797642558,23.2481408334578));
#8953=CARTESIAN_POINT('Ctrl Pts',(41.9590343118323,6.6653797642558,18.7487686369334));
#8954=CARTESIAN_POINT('Ctrl Pts',(41.9590343118323,6.6653797642558,14.2493964404091));
#8955=CARTESIAN_POINT('Ctrl Pts',(41.9590343118323,6.6653797642558,9.75002424388476));
#8956=CARTESIAN_POINT('Ctrl Pts',(41.3333213253542,6.16777201504927,23.2481408334578));
#8957=CARTESIAN_POINT('Ctrl Pts',(41.3333213253542,6.16777201504927,18.7487686369334));
#8958=CARTESIAN_POINT('Ctrl Pts',(41.3333213253542,6.16777201504927,14.2493964404091));
#8959=CARTESIAN_POINT('Ctrl Pts',(41.3333213253542,6.16777201504927,9.75002424388476));
#8960=CARTESIAN_POINT('Ctrl Pts',(41.1918224443418,6.10229131150282,23.2481408334578));
#8961=CARTESIAN_POINT('Ctrl Pts',(41.1918224443418,6.10229131150282,18.7487686369335));
#8962=CARTESIAN_POINT('Ctrl Pts',(41.1918224443418,6.10229131150282,14.2493964404091));
#8963=CARTESIAN_POINT('Ctrl Pts',(41.1918224443418,6.10229131150282,9.75002424388476));
#8964=CARTESIAN_POINT('Ctrl Pts',(41.1581506928567,6.10229131150282,23.2481408334578));
#8965=CARTESIAN_POINT('Ctrl Pts',(41.1581506928567,6.10229131150282,18.7487686369335));
#8966=CARTESIAN_POINT('Ctrl Pts',(41.1581506928567,6.10229131150282,14.2493964404091));
#8967=CARTESIAN_POINT('Ctrl Pts',(41.1581506928567,6.10229131150282,9.75002424388476));
#8968=CARTESIAN_POINT('Ctrl Pts',(46.1581506928567,-2.79543631226024,9.75002424388475));
#8969=CARTESIAN_POINT('Ctrl Pts',(46.1581506928567,-2.79543631226024,14.2493964404091));
#8970=CARTESIAN_POINT('Ctrl Pts',(46.1581506928567,-2.79543631226024,18.7487686369335));
#8971=CARTESIAN_POINT('Ctrl Pts',(46.1581506928567,-2.79543631226024,23.2481408334578));
#8972=CARTESIAN_POINT('Ctrl Pts',(46.1581506928567,-2.76176456077517,9.75002424388475));
#8973=CARTESIAN_POINT('Ctrl Pts',(46.1581506928567,-2.76176456077517,14.2493964404091));
#8974=CARTESIAN_POINT('Ctrl Pts',(46.1581506928567,-2.76176456077517,18.7487686369335));
#8975=CARTESIAN_POINT('Ctrl Pts',(46.1581506928567,-2.76176456077517,23.2481408334578));
#8976=CARTESIAN_POINT('Ctrl Pts',(46.0919187942358,-2.61948646663005,9.75002424388475));
#8977=CARTESIAN_POINT('Ctrl Pts',(46.0919187942358,-2.61948646663005,14.2493964404091));
#8978=CARTESIAN_POINT('Ctrl Pts',(46.0919187942358,-2.61948646663005,18.7487686369335));
#8979=CARTESIAN_POINT('Ctrl Pts',(46.0919187942358,-2.61948646663005,23.2481408334578));
#8980=CARTESIAN_POINT('Ctrl Pts',(45.5967308279919,-1.9963980819216,9.75002424388476));
#8981=CARTESIAN_POINT('Ctrl Pts',(45.5967308279919,-1.9963980819216,14.2493964404091));
#8982=CARTESIAN_POINT('Ctrl Pts',(45.5967308279919,-1.9963980819216,18.7487686369335));
#8983=CARTESIAN_POINT('Ctrl Pts',(45.5967308279919,-1.9963980819216,23.2481408334578));
#8984=CARTESIAN_POINT('Ctrl Pts',(44.529814516538,-0.833326981596428,9.75002424388476));
#8985=CARTESIAN_POINT('Ctrl Pts',(44.529814516538,-0.833326981596428,14.2493964404091));
#8986=CARTESIAN_POINT('Ctrl Pts',(44.529814516538,-0.833326981596428,18.7487686369335));
#8987=CARTESIAN_POINT('Ctrl Pts',(44.529814516538,-0.833326981596428,23.2481408334578));
#8988=CARTESIAN_POINT('Ctrl Pts',(43.1179136218011,0.578960052768102,9.75002424388476));
#8989=CARTESIAN_POINT('Ctrl Pts',(43.1179136218011,0.578960052768102,14.2493964404091));
#8990=CARTESIAN_POINT('Ctrl Pts',(43.1179136218011,0.578960052768102,18.7487686369335));
#8991=CARTESIAN_POINT('Ctrl Pts',(43.1179136218011,0.578960052768102,23.2481408334578));
#8992=CARTESIAN_POINT('Ctrl Pts',(41.9590402219574,1.64146896248184,9.75002424388476));
#8993=CARTESIAN_POINT('Ctrl Pts',(41.9590402219574,1.64146896248184,14.2493964404091));
#8994=CARTESIAN_POINT('Ctrl Pts',(41.9590402219574,1.64146896248184,18.7487686369335));
#8995=CARTESIAN_POINT('Ctrl Pts',(41.9590402219574,1.64146896248184,23.2481408334578));
#8996=CARTESIAN_POINT('Ctrl Pts',(41.3333282060854,2.13907615908857,9.75002424388475));
#8997=CARTESIAN_POINT('Ctrl Pts',(41.3333282060854,2.13907615908857,14.2493964404091));
#8998=CARTESIAN_POINT('Ctrl Pts',(41.3333282060854,2.13907615908857,18.7487686369335));
#8999=CARTESIAN_POINT('Ctrl Pts',(41.3333282060854,2.13907615908857,23.2481408334578));
#9000=CARTESIAN_POINT('Ctrl Pts',(41.1918224443418,2.20456368773976,9.75002424388475));
#9001=CARTESIAN_POINT('Ctrl Pts',(41.1918224443418,2.20456368773976,14.2493964404091));
#9002=CARTESIAN_POINT('Ctrl Pts',(41.1918224443418,2.20456368773976,18.7487686369335));
#9003=CARTESIAN_POINT('Ctrl Pts',(41.1918224443418,2.20456368773976,23.2481408334578));
#9004=CARTESIAN_POINT('Ctrl Pts',(41.1581506928567,2.20456368773976,9.75002424388475));
#9005=CARTESIAN_POINT('Ctrl Pts',(41.1581506928567,2.20456368773976,14.2493964404091));
#9006=CARTESIAN_POINT('Ctrl Pts',(41.1581506928567,2.20456368773976,18.7487686369335));
#9007=CARTESIAN_POINT('Ctrl Pts',(41.1581506928567,2.20456368773976,23.2481408334578));
#9008=CARTESIAN_POINT('Ctrl Pts',(46.1581506928567,-2.79547787689601,-5.74987641641688));
#9009=CARTESIAN_POINT('Ctrl Pts',(46.1581506928567,-2.79547787689601,-0.583543249029458));
#9010=CARTESIAN_POINT('Ctrl Pts',(46.1581506928567,-2.79547787689601,4.58278991835796));
#9011=CARTESIAN_POINT('Ctrl Pts',(46.1581506928567,-2.79547787689601,9.74912308574538));
#9012=CARTESIAN_POINT('Ctrl Pts',(46.1581506928567,-2.76180612541093,-5.74987641641688));
#9013=CARTESIAN_POINT('Ctrl Pts',(46.1581506928567,-2.76180612541093,-0.583543249029449));
#9014=CARTESIAN_POINT('Ctrl Pts',(46.1581506928567,-2.76180612541093,4.58278991835796));
#9015=CARTESIAN_POINT('Ctrl Pts',(46.1581506928567,-2.76180612541093,9.74912308574538));
#9016=CARTESIAN_POINT('Ctrl Pts',(46.0919325508874,-2.61953889123113,-5.74987641641688));
#9017=CARTESIAN_POINT('Ctrl Pts',(46.0919325508874,-2.61953889123113,-0.583543249029471));
#9018=CARTESIAN_POINT('Ctrl Pts',(46.0919325508874,-2.61953889123113,4.58278991835798));
#9019=CARTESIAN_POINT('Ctrl Pts',(46.0919325508874,-2.61953889123113,9.74912308574539));
#9020=CARTESIAN_POINT('Ctrl Pts',(45.5967524046014,-1.99645772698032,-5.74987641641688));
#9021=CARTESIAN_POINT('Ctrl Pts',(45.5967524046014,-1.99645772698032,-0.583543249029448));
#9022=CARTESIAN_POINT('Ctrl Pts',(45.5967524046014,-1.99645772698032,4.58278991835796));
#9023=CARTESIAN_POINT('Ctrl Pts',(45.5967524046014,-1.99645772698032,9.74912308574539));
#9024=CARTESIAN_POINT('Ctrl Pts',(44.5298618007807,-0.833410237423617,-5.74987641641688));
#9025=CARTESIAN_POINT('Ctrl Pts',(44.5298618007807,-0.833410237423617,-0.583543249029463));
#9026=CARTESIAN_POINT('Ctrl Pts',(44.5298618007807,-0.833410237423617,4.58278991835797));
#9027=CARTESIAN_POINT('Ctrl Pts',(44.5298618007807,-0.833410237423617,9.74912308574539));
#9028=CARTESIAN_POINT('Ctrl Pts',(43.1179433093428,0.578890245142169,-5.74987641641688));
#9029=CARTESIAN_POINT('Ctrl Pts',(43.1179433093428,0.578890245142169,-0.583543249029449));
#9030=CARTESIAN_POINT('Ctrl Pts',(43.1179433093428,0.578890245142169,4.58278991835796));
#9031=CARTESIAN_POINT('Ctrl Pts',(43.1179433093428,0.578890245142169,9.74912308574539));
#9032=CARTESIAN_POINT('Ctrl Pts',(41.9590505160479,1.64141612953403,-5.74987641641688));
#9033=CARTESIAN_POINT('Ctrl Pts',(41.9590505160479,1.64141612953403,-0.58354324902946));
#9034=CARTESIAN_POINT('Ctrl Pts',(41.9590505160479,1.64141612953403,4.58278991835797));
#9035=CARTESIAN_POINT('Ctrl Pts',(41.9590505160479,1.64141612953403,9.74912308574539));
#9036=CARTESIAN_POINT('Ctrl Pts',(41.3333414230783,2.13902137341987,-5.74987641641688));
#9037=CARTESIAN_POINT('Ctrl Pts',(41.3333414230783,2.13902137341987,-0.583543249029451));
#9038=CARTESIAN_POINT('Ctrl Pts',(41.3333414230783,2.13902137341987,4.58278991835796));
#9039=CARTESIAN_POINT('Ctrl Pts',(41.3333414230783,2.13902137341987,9.74912308574539));
#9040=CARTESIAN_POINT('Ctrl Pts',(41.1918224443418,2.20452212310399,-5.74987641641688));
#9041=CARTESIAN_POINT('Ctrl Pts',(41.1918224443418,2.20452212310399,-0.583543249029458));
#9042=CARTESIAN_POINT('Ctrl Pts',(41.1918224443418,2.20452212310399,4.58278991835797));
#9043=CARTESIAN_POINT('Ctrl Pts',(41.1918224443418,2.20452212310399,9.74912308574539));
#9044=CARTESIAN_POINT('Ctrl Pts',(41.1581506928567,2.20452212310399,-5.74987641641688));
#9045=CARTESIAN_POINT('Ctrl Pts',(41.1581506928567,2.20452212310399,-0.583543249029456));
#9046=CARTESIAN_POINT('Ctrl Pts',(41.1581506928567,2.20452212310399,4.58278991835797));
#9047=CARTESIAN_POINT('Ctrl Pts',(41.1581506928567,2.20452212310399,9.74912308574539));
#9048=CARTESIAN_POINT('Ctrl Pts',(46.1581506928567,-2.79547787689601,-5.74987641641687));
#9049=CARTESIAN_POINT('Ctrl Pts',(46.1581506928567,-2.79514082639079,-5.74953936591166));
#9050=CARTESIAN_POINT('Ctrl Pts',(46.1581472847621,-2.7948036690414,-5.74920220858096));
#9051=CARTESIAN_POINT('Ctrl Pts',(46.1575722071949,-2.76551791262606,-5.71991645176854));
#9052=CARTESIAN_POINT('Ctrl Pts',(46.1329156095045,-2.71665598744461,-5.67105452696546));
#9053=CARTESIAN_POINT('Ctrl Pts',(46.05209683578,-2.58256103899195,-5.53695957851281));
#9054=CARTESIAN_POINT('Ctrl Pts',(45.971860113446,-2.47552899556911,-5.42992753508996));
#9055=CARTESIAN_POINT('Ctrl Pts',(45.6869217712603,-2.11021000604525,-5.0646085455661));
#9056=CARTESIAN_POINT('Ctrl Pts',(45.3368289814943,-1.71078834043059,-4.66518687995148));
#9057=CARTESIAN_POINT('Ctrl Pts',(43.9049800444955,-0.176811103977777,-3.13120964349866));
#9058=CARTESIAN_POINT('Ctrl Pts',(42.6405747533082,1.05074120224451,-1.90365733727635));
#9059=CARTESIAN_POINT('Ctrl Pts',(41.6879471130499,1.85421688508339,-1.10018165443747));
#9060=CARTESIAN_POINT('Ctrl Pts',(41.4372985366089,2.06018343921109,-0.89421510030977));
#9061=CARTESIAN_POINT('Ctrl Pts',(41.2578838749375,2.16644114460695,-0.787957394913911));
#9062=CARTESIAN_POINT('Ctrl Pts',(41.2346541882203,2.17932708132789,-0.775071458196775));
#9063=CARTESIAN_POINT('Ctrl Pts',(41.2002146071299,2.1946087800767,-0.759789759447802));
#9064=CARTESIAN_POINT('Ctrl Pts',(41.1865299377467,2.19983041551914,-0.75456812400131));
#9065=CARTESIAN_POINT('Ctrl Pts',(41.169040511283,2.20367044755904,-0.750728091961417));
#9066=CARTESIAN_POINT('Ctrl Pts',(41.1634725588136,2.20452212310399,-0.74987641641687));
#9067=CARTESIAN_POINT('Ctrl Pts',(41.1581506928567,2.20452212310399,-0.74987641641687));
#9068=CARTESIAN_POINT('Ctrl Pts',(46.1581506928567,11.1035226445622,-5.74987641641687));
#9069=CARTESIAN_POINT('Ctrl Pts',(46.1581506928567,6.47052247074278,-5.74987641641687));
#9070=CARTESIAN_POINT('Ctrl Pts',(46.1581506928567,1.83752229692339,-5.74987641641687));
#9071=CARTESIAN_POINT('Ctrl Pts',(46.1581506928567,-2.79547787689601,-5.74987641641687));
#9072=CARTESIAN_POINT('Ctrl Pts',(46.1581506928567,11.1035226445622,-5.7162046649318));
#9073=CARTESIAN_POINT('Ctrl Pts',(46.1581506928567,6.47052247074277,-5.7162046649318));
#9074=CARTESIAN_POINT('Ctrl Pts',(46.1581506928567,1.8375222969234,-5.7162046649318));
#9075=CARTESIAN_POINT('Ctrl Pts',(46.1581506928567,-2.79547787689601,-5.7162046649318));
#9076=CARTESIAN_POINT('Ctrl Pts',(46.0919278651768,11.1035226445622,-5.57393376054076));
#9077=CARTESIAN_POINT('Ctrl Pts',(46.0919278651768,6.47052247074279,-5.57393376054076));
#9078=CARTESIAN_POINT('Ctrl Pts',(46.0919278651768,1.83752229692338,-5.57393376054076));
#9079=CARTESIAN_POINT('Ctrl Pts',(46.0919278651768,-2.79547787689601,-5.57393376054076));
#9080=CARTESIAN_POINT('Ctrl Pts',(45.5967449511487,11.1035226445622,-4.95085004386092));
#9081=CARTESIAN_POINT('Ctrl Pts',(45.5967449511487,6.47052247074277,-4.95085004386092));
#9082=CARTESIAN_POINT('Ctrl Pts',(45.5967449511487,1.8375222969234,-4.95085004386092));
#9083=CARTESIAN_POINT('Ctrl Pts',(45.5967449511487,-2.79547787689601,-4.95085004386092));
#9084=CARTESIAN_POINT('Ctrl Pts',(44.5298451908894,11.1035226445622,-3.78779414352842));
#9085=CARTESIAN_POINT('Ctrl Pts',(44.5298451908894,6.47052247074279,-3.78779414352842));
#9086=CARTESIAN_POINT('Ctrl Pts',(44.5298451908894,1.83752229692338,-3.78779414352842));
#9087=CARTESIAN_POINT('Ctrl Pts',(44.5298451908894,-2.79547787689601,-3.78779414352842));
#9088=CARTESIAN_POINT('Ctrl Pts',(43.117932986823,11.1035226445622,-2.37549845704297));
#9089=CARTESIAN_POINT('Ctrl Pts',(43.117932986823,6.47052247074277,-2.37549845704297));
#9090=CARTESIAN_POINT('Ctrl Pts',(43.117932986823,1.8375222969234,-2.37549845704297));
#9091=CARTESIAN_POINT('Ctrl Pts',(43.117932986823,-2.79547787689601,-2.37549845704297));
#9092=CARTESIAN_POINT('Ctrl Pts',(41.9590471659728,11.1035226445622,-1.31297868053701));
#9093=CARTESIAN_POINT('Ctrl Pts',(41.9590471659728,6.47052247074279,-1.31297868053701));
#9094=CARTESIAN_POINT('Ctrl Pts',(41.9590471659728,1.83752229692338,-1.31297868053701));
#9095=CARTESIAN_POINT('Ctrl Pts',(41.9590471659728,-2.79547787689601,-1.31297868053701));
#9096=CARTESIAN_POINT('Ctrl Pts',(41.3333368948596,11.1035226445622,-0.81537261854703));
#9097=CARTESIAN_POINT('Ctrl Pts',(41.3333368948596,6.47052247074278,-0.81537261854703));
#9098=CARTESIAN_POINT('Ctrl Pts',(41.3333368948596,1.83752229692339,-0.81537261854703));
#9099=CARTESIAN_POINT('Ctrl Pts',(41.3333368948596,-2.79547787689601,-0.81537261854703));
#9100=CARTESIAN_POINT('Ctrl Pts',(41.1918224443418,11.1035226445622,-0.749876416416874));
#9101=CARTESIAN_POINT('Ctrl Pts',(41.1918224443418,6.47052247074278,-0.749876416416874));
#9102=CARTESIAN_POINT('Ctrl Pts',(41.1918224443418,1.83752229692339,-0.749876416416874));
#9103=CARTESIAN_POINT('Ctrl Pts',(41.1918224443418,-2.79547787689601,-0.749876416416874));
#9104=CARTESIAN_POINT('Ctrl Pts',(41.1581506928567,11.1035226445622,-0.749876416416874));
#9105=CARTESIAN_POINT('Ctrl Pts',(41.1581506928567,6.47052247074278,-0.749876416416874));
#9106=CARTESIAN_POINT('Ctrl Pts',(41.1581506928567,1.83752229692339,-0.749876416416874));
#9107=CARTESIAN_POINT('Ctrl Pts',(41.1581506928567,-2.79547787689601,-0.749876416416874));
#9108=CARTESIAN_POINT('Ctrl Pts',(46.1581506928567,11.1035226445622,-5.74987641641687));
#9109=CARTESIAN_POINT('Ctrl Pts',(46.1581506928567,11.1031856511795,-5.74953942303416));
#9110=CARTESIAN_POINT('Ctrl Pts',(46.1581472859173,11.1028485510274,-5.74920232286587));
#9111=CARTESIAN_POINT('Ctrl Pts',(46.1575597585982,11.0729238665904,-5.71927763878072));
#9112=CARTESIAN_POINT('Ctrl Pts',(46.1318150148752,11.0225045669835,-5.66885833883823));
#9113=CARTESIAN_POINT('Ctrl Pts',(46.0480019415432,10.8845214395577,-5.53087521141236));
#9114=CARTESIAN_POINT('Ctrl Pts',(45.9646886043107,10.7739929415527,-5.42034671340739));
#9115=CARTESIAN_POINT('Ctrl Pts',(45.6722423807521,10.4008915975036,-5.04724536935826));
#9116=CARTESIAN_POINT('Ctrl Pts',(45.3160420935718,9.99561863018848,-4.64197240204317));
#9117=CARTESIAN_POINT('Ctrl Pts',(43.8809566279257,8.46133937034331,-3.107693142198));
#9118=CARTESIAN_POINT('Ctrl Pts',(42.6309620339625,7.24892393687891,-1.89527770873363));
#9119=CARTESIAN_POINT('Ctrl Pts',(41.6862717661908,6.45246536625062,-1.09881913810533));
#9120=CARTESIAN_POINT('Ctrl Pts',(41.436771329387,6.24754584494594,-0.893899616800634));
#9121=CARTESIAN_POINT('Ctrl Pts',(41.2578735124672,6.14159788691872,-0.787951658773422));
#9122=CARTESIAN_POINT('Ctrl Pts',(41.2346483026041,6.12871491047369,-0.775068682324664));
#9123=CARTESIAN_POINT('Ctrl Pts',(41.2002131445107,6.11343543358256,-0.759789205433702));
#9124=CARTESIAN_POINT('Ctrl Pts',(41.1865292507049,6.10821419349375,-0.754567965348869));
#9125=CARTESIAN_POINT('Ctrl Pts',(41.1690404651207,6.10437431315898,-0.750728085014081));
#9126=CARTESIAN_POINT('Ctrl Pts',(41.1634725371696,6.10352264456218,-0.749876416416876));
#9127=CARTESIAN_POINT('Ctrl Pts',(41.1581506928567,6.10352264456218,-0.749876416416876));
#9128=CARTESIAN_POINT('Ctrl Pts',(46.1581506928567,11.1035226445622,9.74912308574539));
#9129=CARTESIAN_POINT('Ctrl Pts',(46.1581506928567,11.1035226445622,4.58278991835797));
#9130=CARTESIAN_POINT('Ctrl Pts',(46.1581506928567,11.1035226445622,-0.583543249029455));
#9131=CARTESIAN_POINT('Ctrl Pts',(46.1581506928567,11.1035226445622,-5.74987641641687));
#9132=CARTESIAN_POINT('Ctrl Pts',(46.1581506928567,11.0698508930771,9.74912308574539));
#9133=CARTESIAN_POINT('Ctrl Pts',(46.1581506928567,11.0698508930771,4.58278991835796));
#9134=CARTESIAN_POINT('Ctrl Pts',(46.1581506928567,11.0698508930771,-0.583543249029446));
#9135=CARTESIAN_POINT('Ctrl Pts',(46.1581506928567,11.0698508930771,-5.74987641641687));
#9136=CARTESIAN_POINT('Ctrl Pts',(46.0919237697962,10.9275767554981,9.74912308574539));
#9137=CARTESIAN_POINT('Ctrl Pts',(46.0919237697962,10.9275767554981,4.58278991835798));
#9138=CARTESIAN_POINT('Ctrl Pts',(46.0919237697962,10.9275767554981,-0.583543249029467));
#9139=CARTESIAN_POINT('Ctrl Pts',(46.0919237697962,10.9275767554981,-5.74987641641687));
#9140=CARTESIAN_POINT('Ctrl Pts',(45.5967385286478,10.3044908900042,9.74912308574538));
#9141=CARTESIAN_POINT('Ctrl Pts',(45.5967385286478,10.3044908900042,4.58278991835796));
#9142=CARTESIAN_POINT('Ctrl Pts',(45.5967385286478,10.3044908900042,-0.583543249029442));
#9143=CARTESIAN_POINT('Ctrl Pts',(45.5967385286478,10.3044908900042,-5.74987641641687));
#9144=CARTESIAN_POINT('Ctrl Pts',(44.5298311193655,9.14142796455788,9.74912308574539));
#9145=CARTESIAN_POINT('Ctrl Pts',(44.5298311193655,9.14142796455788,4.58278991835797));
#9146=CARTESIAN_POINT('Ctrl Pts',(44.5298311193655,9.14142796455788,-0.583543249029461));
#9147=CARTESIAN_POINT('Ctrl Pts',(44.5298311193655,9.14142796455788,-5.74987641641687));
#9148=CARTESIAN_POINT('Ctrl Pts',(43.1179241513965,7.72913627982142,9.74912308574538));
#9149=CARTESIAN_POINT('Ctrl Pts',(43.1179241513965,7.72913627982142,4.58278991835796));
#9150=CARTESIAN_POINT('Ctrl Pts',(43.1179241513965,7.72913627982142,-0.583543249029445));
#9151=CARTESIAN_POINT('Ctrl Pts',(43.1179241513965,7.72913627982142,-5.74987641641687));
#9152=CARTESIAN_POINT('Ctrl Pts',(41.9590441005919,6.66662155354995,9.74912308574539));
#9153=CARTESIAN_POINT('Ctrl Pts',(41.9590441005919,6.66662155354995,4.58278991835797));
#9154=CARTESIAN_POINT('Ctrl Pts',(41.9590441005919,6.66662155354995,-0.583543249029458));
#9155=CARTESIAN_POINT('Ctrl Pts',(41.9590441005919,6.66662155354995,-5.74987641641687));
#9156=CARTESIAN_POINT('Ctrl Pts',(41.3333329611988,6.16901491184453,9.74912308574539));
#9157=CARTESIAN_POINT('Ctrl Pts',(41.3333329611988,6.16901491184453,4.58278991835796));
#9158=CARTESIAN_POINT('Ctrl Pts',(41.3333329611988,6.16901491184453,-0.583543249029448));
#9159=CARTESIAN_POINT('Ctrl Pts',(41.3333329611988,6.16901491184453,-5.74987641641687));
#9160=CARTESIAN_POINT('Ctrl Pts',(41.1918224443418,6.10352264456218,9.74912308574539));
#9161=CARTESIAN_POINT('Ctrl Pts',(41.1918224443418,6.10352264456218,4.58278991835797));
#9162=CARTESIAN_POINT('Ctrl Pts',(41.1918224443418,6.10352264456218,-0.583543249029457));
#9163=CARTESIAN_POINT('Ctrl Pts',(41.1918224443418,6.10352264456218,-5.74987641641687));
#9164=CARTESIAN_POINT('Ctrl Pts',(41.1581506928567,6.10352264456218,9.74912308574539));
#9165=CARTESIAN_POINT('Ctrl Pts',(41.1581506928567,6.10352264456218,4.58278991835797));
#9166=CARTESIAN_POINT('Ctrl Pts',(41.1581506928567,6.10352264456218,-0.583543249029455));
#9167=CARTESIAN_POINT('Ctrl Pts',(41.1581506928567,6.10352264456218,-5.74987641641687));
#9168=CARTESIAN_POINT('Ctrl Pts',(46.1581506928567,-2.79974960361567,41.2700016989838));
#9169=CARTESIAN_POINT('Ctrl Pts',(46.1581506928567,1.92159550496536,41.2700016989838));
#9170=CARTESIAN_POINT('Ctrl Pts',(46.1581506928567,6.64294061354638,41.2700016989838));
#9171=CARTESIAN_POINT('Ctrl Pts',(46.1581506928567,11.3642857221274,41.2700016989838));
#9172=CARTESIAN_POINT('Ctrl Pts',(46.1581506928567,-2.79974960361567,41.2363299474988));
#9173=CARTESIAN_POINT('Ctrl Pts',(46.1581506928567,1.92159550496537,41.2363299474988));
#9174=CARTESIAN_POINT('Ctrl Pts',(46.1581506928567,6.64294061354638,41.2363299474988));
#9175=CARTESIAN_POINT('Ctrl Pts',(46.1581506928567,11.3642857221274,41.2363299474988));
#9176=CARTESIAN_POINT('Ctrl Pts',(46.0918982396818,-2.79974960361567,41.0940352382409));
#9177=CARTESIAN_POINT('Ctrl Pts',(46.0918982396818,1.92159550496535,41.0940352382409));
#9178=CARTESIAN_POINT('Ctrl Pts',(46.0918982396818,6.6429406135464,41.0940352382409));
#9179=CARTESIAN_POINT('Ctrl Pts',(46.0918982396818,11.3642857221274,41.0940352382409));
#9180=CARTESIAN_POINT('Ctrl Pts',(45.5966999634895,-2.79974960361567,40.4709372985111));
#9181=CARTESIAN_POINT('Ctrl Pts',(45.5966999634895,1.92159550496537,40.4709372985111));
#9182=CARTESIAN_POINT('Ctrl Pts',(45.5966999634895,6.64294061354637,40.4709372985111));
#9183=CARTESIAN_POINT('Ctrl Pts',(45.5966999634895,11.3642857221274,40.4709372985111));
#9184=CARTESIAN_POINT('Ctrl Pts',(44.5297504611747,-2.79974960361567,39.3078357302956));
#9185=CARTESIAN_POINT('Ctrl Pts',(44.5297504611747,1.92159550496535,39.3078357302956));
#9186=CARTESIAN_POINT('Ctrl Pts',(44.5297504611747,6.64294061354639,39.3078357302956));
#9187=CARTESIAN_POINT('Ctrl Pts',(44.5297504611747,11.3642857221274,39.3078357302956));
#9188=CARTESIAN_POINT('Ctrl Pts',(43.117871976019,-2.79974960361567,37.8955659409775));
#9189=CARTESIAN_POINT('Ctrl Pts',(43.117871976019,1.92159550496537,37.8955659409775));
#9190=CARTESIAN_POINT('Ctrl Pts',(43.117871976019,6.64294061354638,37.8955659409775));
#9191=CARTESIAN_POINT('Ctrl Pts',(43.117871976019,11.3642857221274,37.8955659409775));
#9192=CARTESIAN_POINT('Ctrl Pts',(41.9590227315902,-2.79974960361567,36.8330781173368));
#9193=CARTESIAN_POINT('Ctrl Pts',(41.9590227315902,1.92159550496535,36.8330781173368));
#9194=CARTESIAN_POINT('Ctrl Pts',(41.9590227315902,6.64294061354639,36.8330781173368));
#9195=CARTESIAN_POINT('Ctrl Pts',(41.9590227315902,11.3642857221274,36.8330781173368));
#9196=CARTESIAN_POINT('Ctrl Pts',(41.3333087350608,-2.79974960361567,36.3354699994173));
#9197=CARTESIAN_POINT('Ctrl Pts',(41.3333087350608,1.92159550496536,36.3354699994173));
#9198=CARTESIAN_POINT('Ctrl Pts',(41.3333087350608,6.64294061354638,36.3354699994173));
#9199=CARTESIAN_POINT('Ctrl Pts',(41.3333087350608,11.3642857221274,36.3354699994173));
#9200=CARTESIAN_POINT('Ctrl Pts',(41.1918224443418,-2.79974960361567,36.2700016989838));
#9201=CARTESIAN_POINT('Ctrl Pts',(41.1918224443418,1.92159550496536,36.2700016989838));
#9202=CARTESIAN_POINT('Ctrl Pts',(41.1918224443418,6.64294061354639,36.2700016989838));
#9203=CARTESIAN_POINT('Ctrl Pts',(41.1918224443418,11.3642857221274,36.2700016989838));
#9204=CARTESIAN_POINT('Ctrl Pts',(41.1581506928567,-2.79974960361567,36.2700016989838));
#9205=CARTESIAN_POINT('Ctrl Pts',(41.1581506928567,1.92159550496536,36.2700016989838));
#9206=CARTESIAN_POINT('Ctrl Pts',(41.1581506928567,6.64294061354639,36.2700016989838));
#9207=CARTESIAN_POINT('Ctrl Pts',(41.1581506928567,11.3642857221274,36.2700016989838));
#9208=CARTESIAN_POINT('Ctrl Pts',(46.1581506928567,-2.79974960361567,41.2700016989838));
#9209=CARTESIAN_POINT('Ctrl Pts',(46.1581506928567,-2.79941261033951,41.2696647057077));
#9210=CARTESIAN_POINT('Ctrl Pts',(46.1581472859193,-2.79907551028801,41.2693276056375));
#9211=CARTESIAN_POINT('Ctrl Pts',(46.1575597358909,-2.7691496601872,41.239401755942));
#9212=CARTESIAN_POINT('Ctrl Pts',(46.1318129854937,-2.71872749968096,41.1889795950491));
#9213=CARTESIAN_POINT('Ctrl Pts',(46.0479944337688,-2.58073728299193,41.0509893783601));
#9214=CARTESIAN_POINT('Ctrl Pts',(45.9646754829975,-2.47020241882086,40.940454514189));
#9215=CARTESIAN_POINT('Ctrl Pts',(45.6722158617388,-2.09708726608364,40.5673393614518));
#9216=CARTESIAN_POINT('Ctrl Pts',(45.3160050607235,-1.69180429758781,40.1620563929559));
#9217=CARTESIAN_POINT('Ctrl Pts',(43.8809144100869,-0.157525019174737,38.6277771145429));
#9218=CARTESIAN_POINT('Ctrl Pts',(42.6309450285742,1.05486393600951,37.4153881593586));
#9219=CARTESIAN_POINT('Ctrl Pts',(41.6862687284586,1.85131014458375,36.6189419507844));
#9220=CARTESIAN_POINT('Ctrl Pts',(41.4367703725641,2.05622776861719,36.414024326751));
#9221=CARTESIAN_POINT('Ctrl Pts',(41.2578734934443,2.16217516455769,36.3080769308105));
#9222=CARTESIAN_POINT('Ctrl Pts',(41.2346482917993,2.17505813556872,36.2951939597957));
#9223=CARTESIAN_POINT('Ctrl Pts',(41.2002131418264,2.19033760838066,36.2799144869839));
#9224=CARTESIAN_POINT('Ctrl Pts',(41.1865292494441,2.19555884774392,36.2746932476247));
#9225=CARTESIAN_POINT('Ctrl Pts',(41.1690404650359,2.1993987278003,36.2708533675683));
#9226=CARTESIAN_POINT('Ctrl Pts',(41.1634725371298,2.20025039638433,36.2700016989838));
#9227=CARTESIAN_POINT('Ctrl Pts',(41.1581506928567,2.20025039638433,36.2700016989838));
#9228=CARTESIAN_POINT('Ctrl Pts',(41.1581506928567,6.36428572212741,36.2700016989838));
#9229=CARTESIAN_POINT('Ctrl Pts',(41.1634725371298,6.36428572212741,36.2700016989838));
#9230=CARTESIAN_POINT('Ctrl Pts',(41.1690404650359,6.36513739071145,36.2708533675683));
#9231=CARTESIAN_POINT('Ctrl Pts',(41.1865292494448,6.368977270768,36.2746932476248));
#9232=CARTESIAN_POINT('Ctrl Pts',(41.2002131418277,6.37419851013167,36.2799144869845));
#9233=CARTESIAN_POINT('Ctrl Pts',(41.2346482917994,6.38947798294309,36.2951939597958));
#9234=CARTESIAN_POINT('Ctrl Pts',(41.2578734934444,6.40236095395409,36.3080769308105));
#9235=CARTESIAN_POINT('Ctrl Pts',(41.436770372565,6.50830834989511,36.4140243267515));
#9236=CARTESIAN_POINT('Ctrl Pts',(41.6862687284607,6.71322597392963,36.618941950786));
#9237=CARTESIAN_POINT('Ctrl Pts',(42.6309450285791,7.50967218250662,37.415388159363));
#9238=CARTESIAN_POINT('Ctrl Pts',(43.8809144100956,8.722061137695,38.6277771145514));
#9239=CARTESIAN_POINT('Ctrl Pts',(45.3160050607307,10.2563404161076,40.162056392964));
#9240=CARTESIAN_POINT('Ctrl Pts',(45.672215861745,10.6616233846025,40.567339361459));
#9241=CARTESIAN_POINT('Ctrl Pts',(45.9646754830013,11.0347385373377,40.9404545141941));
#9242=CARTESIAN_POINT('Ctrl Pts',(46.0479944337719,11.1452734015081,41.0509893783645));
#9243=CARTESIAN_POINT('Ctrl Pts',(46.131812985495,11.2832636181951,41.1889795950515));
#9244=CARTESIAN_POINT('Ctrl Pts',(46.1575597358916,11.3336857787073,41.2394017559372));
#9245=CARTESIAN_POINT('Ctrl Pts',(46.1581472859194,11.3636116288012,41.2693276056396));
#9246=CARTESIAN_POINT('Ctrl Pts',(46.1581506928567,11.3639487288506,41.269664705707));
#9247=CARTESIAN_POINT('Ctrl Pts',(46.1581506928567,11.3642857221274,41.2700016989838));
#9248=CARTESIAN_POINT('Ctrl Pts',(46.1581506928567,-2.79974960361567,23.3300012743566));
#9249=CARTESIAN_POINT('Ctrl Pts',(46.1581506928567,-2.79974960361567,29.310001415899));
#9250=CARTESIAN_POINT('Ctrl Pts',(46.1581506928567,-2.79974960361567,35.2900015574414));
#9251=CARTESIAN_POINT('Ctrl Pts',(46.1581506928567,-2.79974960361567,41.2700016989838));
#9252=CARTESIAN_POINT('Ctrl Pts',(46.1581506928567,-2.7660778521306,23.3300012743566));
#9253=CARTESIAN_POINT('Ctrl Pts',(46.1581506928567,-2.7660778521306,29.3100014158991));
#9254=CARTESIAN_POINT('Ctrl Pts',(46.1581506928567,-2.7660778521306,35.2900015574414));
#9255=CARTESIAN_POINT('Ctrl Pts',(46.1581506928567,-2.7660778521306,41.2700016989838));
#9256=CARTESIAN_POINT('Ctrl Pts',(46.0919040778339,-2.62378790091012,23.3300012743566));
#9257=CARTESIAN_POINT('Ctrl Pts',(46.0919040778339,-2.62378790091012,29.310001415899));
#9258=CARTESIAN_POINT('Ctrl Pts',(46.0919040778339,-2.62378790091012,35.2900015574414));
#9259=CARTESIAN_POINT('Ctrl Pts',(46.0919040778339,-2.62378790091012,41.2700016989838));
#9260=CARTESIAN_POINT('Ctrl Pts',(45.5967085959237,-2.00069255415823,23.3300012743566));
#9261=CARTESIAN_POINT('Ctrl Pts',(45.5967085959237,-2.00069255415823,29.3100014158991));
#9262=CARTESIAN_POINT('Ctrl Pts',(45.5967085959237,-2.00069255415823,35.2900015574414));
#9263=CARTESIAN_POINT('Ctrl Pts',(45.5967085959237,-2.00069255415823,41.2700016989839));
#9264=CARTESIAN_POINT('Ctrl Pts',(44.5297680173945,-0.837599175843559,23.3300012743566));
#9265=CARTESIAN_POINT('Ctrl Pts',(44.5297680173945,-0.837599175843559,29.310001415899));
#9266=CARTESIAN_POINT('Ctrl Pts',(44.5297680173945,-0.837599175843559,35.2900015574414));
#9267=CARTESIAN_POINT('Ctrl Pts',(44.5297680173945,-0.837599175843559,41.2700016989838));
#9268=CARTESIAN_POINT('Ctrl Pts',(43.1178835471145,0.574675232835255,23.3300012743566));
#9269=CARTESIAN_POINT('Ctrl Pts',(43.1178835471145,0.574675232835255,29.3100014158991));
#9270=CARTESIAN_POINT('Ctrl Pts',(43.1178835471145,0.574675232835255,35.2900015574415));
#9271=CARTESIAN_POINT('Ctrl Pts',(43.1178835471145,0.574675232835255,41.2700016989839));
#9272=CARTESIAN_POINT('Ctrl Pts',(41.9590279106905,1.63716863069707,23.3300012743566));
#9273=CARTESIAN_POINT('Ctrl Pts',(41.9590279106905,1.63716863069707,29.310001415899));
#9274=CARTESIAN_POINT('Ctrl Pts',(41.9590279106905,1.63716863069707,35.2900015574415));
#9275=CARTESIAN_POINT('Ctrl Pts',(41.9590279106905,1.63716863069707,41.2700016989839));
#9276=CARTESIAN_POINT('Ctrl Pts',(41.3333142459461,2.13477667960857,23.3300012743566));
#9277=CARTESIAN_POINT('Ctrl Pts',(41.3333142459461,2.13477667960857,29.3100014158991));
#9278=CARTESIAN_POINT('Ctrl Pts',(41.3333142459461,2.13477667960857,35.2900015574415));
#9279=CARTESIAN_POINT('Ctrl Pts',(41.3333142459461,2.13477667960857,41.2700016989839));
#9280=CARTESIAN_POINT('Ctrl Pts',(41.1918224443418,2.20025039638433,23.3300012743566));
#9281=CARTESIAN_POINT('Ctrl Pts',(41.1918224443418,2.20025039638433,29.310001415899));
#9282=CARTESIAN_POINT('Ctrl Pts',(41.1918224443418,2.20025039638433,35.2900015574414));
#9283=CARTESIAN_POINT('Ctrl Pts',(41.1918224443418,2.20025039638433,41.2700016989839));
#9284=CARTESIAN_POINT('Ctrl Pts',(41.1581506928567,2.20025039638433,23.3300012743566));
#9285=CARTESIAN_POINT('Ctrl Pts',(41.1581506928567,2.20025039638433,29.310001415899));
#9286=CARTESIAN_POINT('Ctrl Pts',(41.1581506928567,2.20025039638433,35.2900015574414));
#9287=CARTESIAN_POINT('Ctrl Pts',(41.1581506928567,2.20025039638433,41.2700016989839));
#9288=CARTESIAN_POINT('Ctrl Pts',(46.1581506928567,11.3642857221274,41.2700016989838));
#9289=CARTESIAN_POINT('Ctrl Pts',(46.1581506928567,11.3642857221274,35.2900015574414));
#9290=CARTESIAN_POINT('Ctrl Pts',(46.1581506928567,11.3642857221274,29.310001415899));
#9291=CARTESIAN_POINT('Ctrl Pts',(46.1581506928567,11.3642857221274,23.3300012743566));
#9292=CARTESIAN_POINT('Ctrl Pts',(46.1581506928567,11.3306139706423,41.2700016989838));
#9293=CARTESIAN_POINT('Ctrl Pts',(46.1581506928567,11.3306139706423,35.2900015574414));
#9294=CARTESIAN_POINT('Ctrl Pts',(46.1581506928567,11.3306139706423,29.310001415899));
#9295=CARTESIAN_POINT('Ctrl Pts',(46.1581506928567,11.3306139706423,23.3300012743566));
#9296=CARTESIAN_POINT('Ctrl Pts',(46.0918982396818,11.1883192613845,41.2700016989838));
#9297=CARTESIAN_POINT('Ctrl Pts',(46.0918982396818,11.1883192613845,35.2900015574414));
#9298=CARTESIAN_POINT('Ctrl Pts',(46.0918982396818,11.1883192613845,29.310001415899));
#9299=CARTESIAN_POINT('Ctrl Pts',(46.0918982396818,11.1883192613845,23.3300012743566));
#9300=CARTESIAN_POINT('Ctrl Pts',(45.5966999634895,10.5652213216547,41.2700016989838));
#9301=CARTESIAN_POINT('Ctrl Pts',(45.5966999634895,10.5652213216547,35.2900015574414));
#9302=CARTESIAN_POINT('Ctrl Pts',(45.5966999634895,10.5652213216547,29.310001415899));
#9303=CARTESIAN_POINT('Ctrl Pts',(45.5966999634895,10.5652213216547,23.3300012743566));
#9304=CARTESIAN_POINT('Ctrl Pts',(44.5297504611747,9.40211975343921,41.2700016989838));
#9305=CARTESIAN_POINT('Ctrl Pts',(44.5297504611747,9.40211975343921,35.2900015574414));
#9306=CARTESIAN_POINT('Ctrl Pts',(44.5297504611747,9.40211975343921,29.310001415899));
#9307=CARTESIAN_POINT('Ctrl Pts',(44.5297504611747,9.40211975343921,23.3300012743566));
#9308=CARTESIAN_POINT('Ctrl Pts',(43.117871976019,7.98984996412111,41.2700016989838));
#9309=CARTESIAN_POINT('Ctrl Pts',(43.117871976019,7.98984996412111,35.2900015574414));
#9310=CARTESIAN_POINT('Ctrl Pts',(43.117871976019,7.98984996412111,29.310001415899));
#9311=CARTESIAN_POINT('Ctrl Pts',(43.117871976019,7.98984996412111,23.3300012743566));
#9312=CARTESIAN_POINT('Ctrl Pts',(41.9590227315902,6.92736214048042,41.2700016989838));
#9313=CARTESIAN_POINT('Ctrl Pts',(41.9590227315902,6.92736214048042,35.2900015574414));
#9314=CARTESIAN_POINT('Ctrl Pts',(41.9590227315902,6.92736214048042,29.310001415899));
#9315=CARTESIAN_POINT('Ctrl Pts',(41.9590227315902,6.92736214048042,23.3300012743566));
#9316=CARTESIAN_POINT('Ctrl Pts',(41.3333087350608,6.42975402256092,41.2700016989838));
#9317=CARTESIAN_POINT('Ctrl Pts',(41.3333087350608,6.42975402256092,35.2900015574414));
#9318=CARTESIAN_POINT('Ctrl Pts',(41.3333087350608,6.42975402256092,29.310001415899));
#9319=CARTESIAN_POINT('Ctrl Pts',(41.3333087350608,6.42975402256092,23.3300012743566));
#9320=CARTESIAN_POINT('Ctrl Pts',(41.1918224443418,6.36428572212741,41.2700016989838));
#9321=CARTESIAN_POINT('Ctrl Pts',(41.1918224443418,6.36428572212741,35.2900015574414));
#9322=CARTESIAN_POINT('Ctrl Pts',(41.1918224443418,6.36428572212741,29.310001415899));
#9323=CARTESIAN_POINT('Ctrl Pts',(41.1918224443418,6.36428572212741,23.3300012743566));
#9324=CARTESIAN_POINT('Ctrl Pts',(41.1581506928567,6.36428572212741,41.2700016989838));
#9325=CARTESIAN_POINT('Ctrl Pts',(41.1581506928567,6.36428572212741,35.2900015574414));
#9326=CARTESIAN_POINT('Ctrl Pts',(41.1581506928567,6.36428572212741,29.310001415899));
#9327=CARTESIAN_POINT('Ctrl Pts',(41.1581506928567,6.36428572212741,23.3300012743566));
#9328=CARTESIAN_POINT('Origin',(-26.0827559226135,-10.,57.600245171297));
#9329=CARTESIAN_POINT('',(-27.5827559226135,0.,57.600245171297));
#9330=CARTESIAN_POINT('',(-27.5827559226135,-10.,57.600245171297));
#9331=CARTESIAN_POINT('Origin',(-26.0827559226135,0.,57.600245171297));
#9332=CARTESIAN_POINT('Origin',(-26.0827559226135,0.,57.600245171297));
#9333=CARTESIAN_POINT('',(-24.9827559226135,0.,57.600245171297));
#9334=CARTESIAN_POINT('Origin',(-26.0827559226135,0.,57.600245171297));
#9335=CARTESIAN_POINT('Origin',(-26.0827559226135,-10.,-22.5996771401914));
#9336=CARTESIAN_POINT('',(-27.5827559226135,0.,-22.5996771401914));
#9337=CARTESIAN_POINT('',(-27.5827559226135,-10.,-22.5996771401914));
#9338=CARTESIAN_POINT('Origin',(-26.0827559226135,0.,-22.5996771401914));
#9339=CARTESIAN_POINT('Origin',(-26.0827559226135,0.,-22.5996771401914));
#9340=CARTESIAN_POINT('',(-24.9827559226135,0.,-22.5996771401914));
#9341=CARTESIAN_POINT('Origin',(-26.0827559226135,0.,-22.5996771401914));
#9342=CARTESIAN_POINT('Origin',(-26.0827559226135,15.795,-22.5996771401914));
#9343=CARTESIAN_POINT('',(-24.9827559226135,15.795,-22.5996771401914));
#9344=CARTESIAN_POINT('Origin',(-26.0827559226135,15.795,-22.5996771401914));
#9345=CARTESIAN_POINT('',(-24.9827559226135,15.795,-22.5996771401914));
#9346=CARTESIAN_POINT('Origin',(-26.0827559226135,15.795,57.600245171297));
#9347=CARTESIAN_POINT('',(-24.9827559226135,15.795,57.600245171297));
#9348=CARTESIAN_POINT('Origin',(-26.0827559226135,15.795,57.600245171297));
#9349=CARTESIAN_POINT('',(-24.9827559226135,15.795,57.600245171297));
#9350=CARTESIAN_POINT('Origin',(-22.5827559226135,-5.,77.600245171297));
#9351=CARTESIAN_POINT('',(-22.5827559226135,-5.,-42.5996771401914));
#9352=CARTESIAN_POINT('',(-22.5827559226135,15.795,-42.5996771401914));
#9353=CARTESIAN_POINT('',(-22.5827559226135,-5.,-42.5996771401914));
#9354=CARTESIAN_POINT('',(-22.5827559226135,15.795,77.600245171297));
#9355=CARTESIAN_POINT('',(-22.5827559226135,15.795,47.5502645934249));
#9356=CARTESIAN_POINT('',(-22.5827559226135,-5.,77.600245171297));
#9357=CARTESIAN_POINT('',(-22.5827559226135,15.645,77.600245171297));
#9358=CARTESIAN_POINT('',(-22.5827559226135,-5.,47.5501952435008));
#9359=CARTESIAN_POINT('Origin',(-27.0827559226135,15.795,17.5002840155528));
#9360=CARTESIAN_POINT('',(-29.5827559226135,15.795,-42.5996771401914));
#9361=CARTESIAN_POINT('',(-24.5827559226135,15.795,-42.5996771401914));
#9362=CARTESIAN_POINT('',(-29.5827559226135,15.795,77.600245171297));
#9363=CARTESIAN_POINT('',(-29.5827559226135,15.795,-12.5496965623193));
#9364=CARTESIAN_POINT('',(-28.3327559226135,15.795,77.600245171297));
#9365=CARTESIAN_POINT('Origin',(-24.5827559226135,-5.,-42.5996771401914));
#9366=CARTESIAN_POINT('',(-29.5827559226135,-5.,-42.5996771401914));
#9367=CARTESIAN_POINT('',(-24.6975076426357,-5.,-42.5996771401914));
#9368=CARTESIAN_POINT('',(-29.5827559226135,2.641,-42.5996771401914));
#9369=CARTESIAN_POINT('',(-29.5827559226135,-5.,-42.5996771401914));
#9370=CARTESIAN_POINT('',(-29.5827559226135,-5.,-42.5996771401914));
#9371=CARTESIAN_POINT('Origin',(-29.5827559226135,-5.,77.600245171297));
#9372=CARTESIAN_POINT('',(-29.5827559226135,2.641,77.600245171297));
#9373=CARTESIAN_POINT('',(-29.5827559226135,-5.,77.600245171297));
#9374=CARTESIAN_POINT('',(-90.7826694181725,2.641,77.600245171297));
#9375=CARTESIAN_POINT('',(-29.5827559226135,2.641,77.600245171297));
#9376=CARTESIAN_POINT('',(-90.7826694181725,-5.,77.600245171297));
#9377=CARTESIAN_POINT('',(-90.7826694181725,-2.5,77.600245171297));
#9378=CARTESIAN_POINT('',(-24.6975076426357,-5.,77.600245171297));
#9379=CARTESIAN_POINT('Origin',(37.5713032626127,0.,-18.9924814548316));
#9380=CARTESIAN_POINT('',(37.5713032626127,0.,-17.8924814548316));
#9381=CARTESIAN_POINT('',(37.5713032626127,0.,-17.8924814548316));
#9382=CARTESIAN_POINT('Origin',(37.5713032626127,0.,-18.9924814548316));
#9383=CARTESIAN_POINT('Origin',(-11.4571806044535,-10.,-19.0222239246659));
#9384=CARTESIAN_POINT('',(-11.4571806044535,0.,-20.1222239246659));
#9385=CARTESIAN_POINT('Origin',(-11.4571806044535,0.,-19.0222239246659));
#9386=CARTESIAN_POINT('',(-11.4571806044535,-10.,-20.1222239246659));
#9387=CARTESIAN_POINT('Origin',(-11.4325242977401,-10.,38.9829151155651));
#9388=CARTESIAN_POINT('',(-11.4325242977401,0.,37.8829151155651));
#9389=CARTESIAN_POINT('Origin',(-11.4325242977401,0.,38.9829151155651));
#9390=CARTESIAN_POINT('',(-11.4325242977401,-10.,37.8829151155651));
#9391=CARTESIAN_POINT('Origin',(37.5594320187622,-10.,39.0055233276637));
#9392=CARTESIAN_POINT('',(37.5594320187622,0.,37.9055233276637));
#9393=CARTESIAN_POINT('Origin',(37.5594320187622,0.,39.0055233276637));
#9394=CARTESIAN_POINT('',(37.5594320187622,-10.,37.9055233276637));
#9395=CARTESIAN_POINT('Origin',(-29.5827559226135,-5.,-42.5996771401914));
#9396=CARTESIAN_POINT('',(-29.5827559226135,2.641,-12.5497777819319));
#9397=CARTESIAN_POINT('Origin',(-31.6826114212712,8.82189369492474,79.6002926500507));
#9398=CARTESIAN_POINT('',(-34.6826114212712,17.6437873898495,79.6002926500507));
#9399=CARTESIAN_POINT('Origin',(-31.6826114212712,20.6437873898495,79.6002926500507));
#9400=CARTESIAN_POINT('',(-34.6826114212712,2.64367671909851,79.6002926500507));
#9401=CARTESIAN_POINT('',(-34.6826114212712,8.82189369492474,79.6002926500507));
#9402=CARTESIAN_POINT('Origin',(-31.6826114212712,-0.356323280901494,79.6002926500507));
#9403=CARTESIAN_POINT('Origin',(-5.76235003999375,20.6437873898495,79.6002926500507));
#9404=CARTESIAN_POINT('',(-60.1827693067256,20.1437059237308,82.5583187701593));
#9405=CARTESIAN_POINT('Origin',(-59.682687840607,20.6437873898495,79.6002926500507));
#9406=CARTESIAN_POINT('',(-57.6828507728442,17.6437873898495,79.6002926500507));
#9407=CARTESIAN_POINT('Origin',(-60.6828507728442,20.6437873898495,79.6002926500507));
#9408=CARTESIAN_POINT('',(-5.76235003999375,17.6437873898495,79.6002926500507));
#9409=CARTESIAN_POINT('Origin',(-60.6828507728442,1.32183835954925,79.6002926500507));
#9410=CARTESIAN_POINT('',(-60.1827693067256,0.143987046095884,82.5583187701593));
#9411=CARTESIAN_POINT('Origin',(-60.6828507728442,-0.356094420022767,79.6002926500507));
#9412=CARTESIAN_POINT('',(-57.6828507728442,2.64367671909851,79.6002926500507));
#9413=CARTESIAN_POINT('Origin',(-60.6828507728442,-0.356323280901494,79.6002926500507));
#9414=CARTESIAN_POINT('',(-57.6828507728442,1.32183835954925,79.6002926500507));
#9415=CARTESIAN_POINT('',(-60.1827693067256,1.32183835954925,82.5583187701593));
#9416=CARTESIAN_POINT('Origin',(5.73776963579275,-0.356323280901494,79.6002926500507));
#9417=CARTESIAN_POINT('',(5.73776963579275,2.64367671909851,79.6002926500507));
#9418=CARTESIAN_POINT('Origin',(-34.6826114212712,2.64367671909851,82.6002926500507));
#9419=CARTESIAN_POINT('',(-34.6826114212712,2.64367671909851,77.6002926500507));
#9420=CARTESIAN_POINT('',(-34.6826114212712,2.64367671909851,82.6002926500507));
#9421=CARTESIAN_POINT('',(-57.6828507728442,2.64367671909851,77.6002926500507));
#9422=CARTESIAN_POINT('',(3.23776963579275,2.64367671909851,77.6002926500507));
#9423=CARTESIAN_POINT('',(-57.6828507728442,2.64367671909851,82.6002926500507));
#9424=CARTESIAN_POINT('Origin',(-34.6826114212712,17.6437873898495,82.6002926500507));
#9425=CARTESIAN_POINT('',(-34.6826114212712,17.6437873898495,77.6002926500507));
#9426=CARTESIAN_POINT('',(-34.6826114212712,17.6437873898495,82.6002926500507));
#9427=CARTESIAN_POINT('',(-34.6826114212712,8.82189369492474,77.6002926500507));
#9428=CARTESIAN_POINT('Origin',(-8.26226857387511,-0.356094420022767,79.6002926500507));
#9429=CARTESIAN_POINT('',(-62.6826878406069,2.64390557997723,79.6002926500507));
#9430=CARTESIAN_POINT('Origin',(-59.682687840607,-0.356094420022767,79.6002926500507));
#9431=CARTESIAN_POINT('',(-85.6828477755397,2.64390557997723,79.6002926500507));
#9432=CARTESIAN_POINT('',(-8.26226857387511,2.64390557997723,79.6002926500507));
#9433=CARTESIAN_POINT('Origin',(-88.6828477755397,-0.356094420022767,79.6002926500507));
#9434=CARTESIAN_POINT('Origin',(-59.682687840607,8.82191774576444,79.6002926500507));
#9435=CARTESIAN_POINT('',(-62.6826878406069,17.6438354915289,79.6002926500507));
#9436=CARTESIAN_POINT('Origin',(-59.682687840607,20.6438354915289,79.6002926500507));
#9437=CARTESIAN_POINT('',(-62.6826878406069,8.82191774576444,79.6002926500507));
#9438=CARTESIAN_POINT('Origin',(-88.6828477755397,1.32195278998862,79.6002926500507));
#9439=CARTESIAN_POINT('',(-85.6828477755397,17.6438354915289,79.6002926500507));
#9440=CARTESIAN_POINT('',(-85.6828477755397,1.32195278998862,79.6002926500507));
#9441=CARTESIAN_POINT('Origin',(-88.6828477755397,20.6438354915289,79.6002926500507));
#9442=CARTESIAN_POINT('Origin',(-19.7623485413415,20.6438354915289,79.6002926500507));
#9443=CARTESIAN_POINT('',(-19.7623485413415,17.6438354915289,79.6002926500507));
#9444=CARTESIAN_POINT('Origin',(-85.6828477755397,2.64390557997723,82.6002926500507));
#9445=CARTESIAN_POINT('',(-85.6828477755397,2.64390557997723,77.6002926500507));
#9446=CARTESIAN_POINT('',(-85.6828477755397,2.64390557997723,82.6002926500507));
#9447=CARTESIAN_POINT('',(-85.6828477755397,17.6438354915289,77.6002926500507));
#9448=CARTESIAN_POINT('',(-85.6828477755397,1.32195278998862,77.6002926500507));
#9449=CARTESIAN_POINT('',(-85.6828477755397,17.6438354915289,82.6002926500507));
#9450=CARTESIAN_POINT('Origin',(-62.6826878406069,2.64390557997723,82.6002926500507));
#9451=CARTESIAN_POINT('',(-62.6826878406069,2.64390557997723,77.6002926500507));
#9452=CARTESIAN_POINT('',(-62.6826878406069,2.64390557997723,82.6002926500507));
#9453=CARTESIAN_POINT('',(-10.7622685738751,2.64390557997723,77.6002926500507));
#9454=CARTESIAN_POINT('Origin',(-62.6826878406069,17.6438354915289,82.6002926500507));
#9455=CARTESIAN_POINT('',(-62.6826878406069,17.6438354915289,77.6002926500507));
#9456=CARTESIAN_POINT('',(-62.6826878406069,17.6438354915289,82.6002926500507));
#9457=CARTESIAN_POINT('',(-62.6826878406069,8.82191774576444,77.6002926500507));
#9458=CARTESIAN_POINT('Origin',(-85.6828477755397,17.6438354915289,82.6002926500507));
#9459=CARTESIAN_POINT('',(-22.2623485413415,17.6438354915289,77.6002926500507));
#9460=CARTESIAN_POINT('Origin',(-57.6828507728442,17.6437873898495,82.6002926500507));
#9461=CARTESIAN_POINT('',(-57.6828507728442,17.6437873898495,77.6002926500507));
#9462=CARTESIAN_POINT('',(-57.6828507728442,17.6437873898495,82.6002926500507));
#9463=CARTESIAN_POINT('',(-8.26235003999375,17.6437873898495,77.6002926500507));
#9464=CARTESIAN_POINT('Origin',(-57.6828507728442,2.64367671909851,82.6002926500507));
#9465=CARTESIAN_POINT('',(-57.6828507728442,1.32183835954925,77.6002926500507));
#9466=CARTESIAN_POINT('Origin',(-29.5827559226135,-5.,-42.6000020186417));
#9467=CARTESIAN_POINT('',(-34.6825904977647,2.641,-42.6000020186417));
#9468=CARTESIAN_POINT('',(-34.6825904977647,0.64385881800848,-42.6000020186417));
#9469=CARTESIAN_POINT('',(-34.6825904977647,0.32192940900424,-42.6000020186417));
#9470=CARTESIAN_POINT('',(-54.6827524699066,0.64385881800848,-42.6000020186417));
#9471=CARTESIAN_POINT('',(-72.7327109440395,0.64385881800848,-42.6000020186417));
#9472=CARTESIAN_POINT('',(-54.6827524699066,2.641,-42.6000020186417));
#9473=CARTESIAN_POINT('',(-54.6827524699066,7.32193302921997,-42.6000020186417));
#9474=CARTESIAN_POINT('',(-90.7826694181725,2.641,-42.6000020186417));
#9475=CARTESIAN_POINT('Origin',(-29.5827559226135,-5.,77.600245171297));
#9476=CARTESIAN_POINT('',(-29.5827559226135,-5.,-42.6000020186417));
#9477=CARTESIAN_POINT('',(-29.5827559226135,-5.,47.5501952435008));
#9478=CARTESIAN_POINT('',(-29.5827559226135,2.641,-42.6000020186417));
#9479=CARTESIAN_POINT('',(-29.5827559226134,-2.5,-42.6000020186417));
#9480=CARTESIAN_POINT('',(-29.5827559226135,2.641,-42.6000020186417));
#9481=CARTESIAN_POINT('Origin',(-60.182712670393,2.641,17.5001215763277));
#9482=CARTESIAN_POINT('',(-75.4826910442827,2.641,-42.6000020186417));
#9483=CARTESIAN_POINT('',(-90.7826694181725,2.641,-42.6000020186417));
#9484=CARTESIAN_POINT('',(-75.4826910442827,2.641,-42.6000020186417));
#9485=CARTESIAN_POINT('',(-90.7826694181725,2.641,47.5502071131892));
#9486=CARTESIAN_POINT('Origin',(-90.7826694181725,0.,-42.6000020186417));
#9487=CARTESIAN_POINT('',(-90.7826694181725,0.,-42.6000020186417));
#9488=CARTESIAN_POINT('',(-54.6827524699066,14.6438660584399,-42.6000020186417));
#9489=CARTESIAN_POINT('',(-54.6827524699066,7.32193302921997,-42.6000020186417));
#9490=CARTESIAN_POINT('',(-34.6825904977647,14.6438660584399,-42.6000020186417));
#9491=CARTESIAN_POINT('',(-62.7326299579686,14.6438660584399,-42.6000020186417));
#9492=CARTESIAN_POINT('',(-34.6825904977647,0.32192940900424,-42.6000020186417));
#9493=CARTESIAN_POINT('',(41.1581506928567,-5.,-42.6000020186417));
#9494=CARTESIAN_POINT('',(-74.181804762671,9.64275764466116,-42.6000020186417));
#9495=CARTESIAN_POINT('Origin',(-78.681804762671,9.64275764466116,-42.6000020186417));
#9496=CARTESIAN_POINT('',(-64.1830615318085,9.64413951819036,-42.6000020186417));
#9497=CARTESIAN_POINT('Origin',(-68.6830615318085,9.64413951819036,-42.6000020186417));
#9498=CARTESIAN_POINT('Origin',(-24.8122593626579,-5.,17.5001453157045));
#9499=CARTESIAN_POINT('',(-90.7826694181725,-5.,77.6002926500507));
#9500=CARTESIAN_POINT('',(-90.7826694181725,-5.,-42.6000020186417));
#9501=CARTESIAN_POINT('',(-90.7826694181725,-5.,77.6002926500507));
#9502=CARTESIAN_POINT('',(-14.4325242977401,-5.,38.9829151155651));
#9503=CARTESIAN_POINT('Origin',(-11.4325242977401,-5.,38.9829151155651));
#9504=CARTESIAN_POINT('',(-14.4571806044535,-5.,-19.0222239246659));
#9505=CARTESIAN_POINT('Origin',(-11.4571806044535,-5.,-19.0222239246659));
#9506=CARTESIAN_POINT('',(34.5594320187622,-5.,39.0055233276637));
#9507=CARTESIAN_POINT('Origin',(37.5594320187622,-5.,39.0055233276637));
#9508=CARTESIAN_POINT('',(34.571309630894,-5.,-18.9924281686521));
#9509=CARTESIAN_POINT('Origin',(37.571309630894,-5.,-18.9924281686521));
#9510=CARTESIAN_POINT('Origin',(-31.6825904977647,0.32192940900424,-44.6000020186417));
#9511=CARTESIAN_POINT('',(-34.6825904977647,0.64385881800848,-44.6000020186417));
#9512=CARTESIAN_POINT('Origin',(-31.6825904977647,-2.35614118199152,-44.6000020186417));
#9513=CARTESIAN_POINT('',(-34.6825904977647,14.6438660584399,-44.6000020186417));
#9514=CARTESIAN_POINT('',(-34.6825904977647,0.32192940900424,-44.6000020186417));
#9515=CARTESIAN_POINT('Origin',(-31.6825904977647,17.6438660584399,-44.6000020186417));
#9516=CARTESIAN_POINT('Origin',(-57.6827524699066,7.32193302921997,-44.6000020186417));
#9517=CARTESIAN_POINT('',(-54.6827524699066,14.6438660584399,-44.6000020186417));
#9518=CARTESIAN_POINT('Origin',(-57.6827524699066,17.6438660584399,-44.6000020186417));
#9519=CARTESIAN_POINT('',(-54.6827524699066,0.64385881800848,-44.6000020186417));
#9520=CARTESIAN_POINT('',(-54.6827524699066,7.32193302921997,-44.6000020186417));
#9521=CARTESIAN_POINT('Origin',(-57.6827524699066,-2.35614118199152,-44.6000020186417));
#9522=CARTESIAN_POINT('Origin',(-65.2326299579686,17.6438660584399,-44.6000020186417));
#9523=CARTESIAN_POINT('',(-65.2326299579686,14.6438660584399,-44.6000020186417));
#9524=CARTESIAN_POINT('Origin',(-75.2327109440395,-2.35614118199152,-44.6000020186417));
#9525=CARTESIAN_POINT('',(-75.2327109440395,0.64385881800848,-44.6000020186417));
#9526=CARTESIAN_POINT('Origin',(-54.6827524699066,0.64385881800848,-47.6000020186417));
#9527=CARTESIAN_POINT('',(-54.6827524699066,0.64385881800848,-47.6000020186417));
#9528=CARTESIAN_POINT('',(-34.6825904977647,0.64385881800848,-47.6000020186417));
#9529=CARTESIAN_POINT('Origin',(-54.6827524699066,14.6438660584399,-47.6000020186417));
#9530=CARTESIAN_POINT('',(-54.6827524699066,14.6438660584399,-47.6000020186417));
#9531=CARTESIAN_POINT('Origin',(-34.6825904977647,14.6438660584399,-47.6000020186417));
#9532=CARTESIAN_POINT('',(-34.6825904977647,14.6438660584399,-47.6000020186417));
#9533=CARTESIAN_POINT('Origin',(-34.6825904977647,0.64385881800848,-47.6000020186417));
#9534=CARTESIAN_POINT('Origin',(-68.6830615318085,9.64413951819036,-47.6000020186417));
#9535=CARTESIAN_POINT('',(-64.1830615318085,9.64413951819036,-47.6000020186417));
#9536=CARTESIAN_POINT('Origin',(-78.681804762671,9.64275764466116,-47.6000020186417));
#9537=CARTESIAN_POINT('',(-74.181804762671,9.64275764466116,-47.6000020186417));
#9538=CARTESIAN_POINT('Origin',(37.571309630894,0.,-18.9924281686521));
#9539=CARTESIAN_POINT('',(34.571309630894,0.,-18.9924281686521));
#9540=CARTESIAN_POINT('',(34.571309630894,0.,-18.9924281686521));
#9541=CARTESIAN_POINT('Origin',(37.571309630894,0.,-18.9924281686521));
#9542=CARTESIAN_POINT('Origin',(37.571309630894,0.,-18.9924281686521));
#9543=CARTESIAN_POINT('Origin',(37.5594320187622,0.,39.0055233276637));
#9544=CARTESIAN_POINT('',(34.5594320187622,0.,39.0055233276637));
#9545=CARTESIAN_POINT('',(34.5594320187622,0.,39.0055233276637));
#9546=CARTESIAN_POINT('Origin',(37.5594320187622,0.,39.0055233276637));
#9547=CARTESIAN_POINT('Origin',(37.5594320187622,0.,39.0055233276637));
#9548=CARTESIAN_POINT('Origin',(-11.4571806044535,0.,-19.0222239246659));
#9549=CARTESIAN_POINT('',(-14.4571806044535,0.,-19.0222239246659));
#9550=CARTESIAN_POINT('',(-14.4571806044535,0.,-19.0222239246659));
#9551=CARTESIAN_POINT('Origin',(-11.4571806044535,0.,-19.0222239246659));
#9552=CARTESIAN_POINT('Origin',(-11.4571806044535,0.,-19.0222239246659));
#9553=CARTESIAN_POINT('Origin',(-11.4325242977401,0.,38.9829151155651));
#9554=CARTESIAN_POINT('',(-14.4325242977401,0.,38.9829151155651));
#9555=CARTESIAN_POINT('',(-14.4325242977401,0.,38.9829151155651));
#9556=CARTESIAN_POINT('Origin',(-11.4325242977401,0.,38.9829151155651));
#9557=CARTESIAN_POINT('Origin',(-11.4325242977401,0.,38.9829151155651));
#9558=CARTESIAN_POINT('Origin',(41.1581506928567,0.,77.6002926500507));
#9559=CARTESIAN_POINT('',(-90.7826694181725,0.,77.6002926500507));
#9560=CARTESIAN_POINT('Origin',(-90.7826694181725,0.,77.6002926500507));
#9561=UNCERTAINTY_MEASURE_WITH_UNIT(LENGTH_MEASURE(0.01),#9565,
'DISTANCE_ACCURACY_VALUE',
'Maximum model space distance between geometric entities at asserted c
onnectivities');
#9562=UNCERTAINTY_MEASURE_WITH_UNIT(LENGTH_MEASURE(0.01),#9565,
'DISTANCE_ACCURACY_VALUE',
'Maximum model space distance between geometric entities at asserted c
onnectivities');
#9563=(
GEOMETRIC_REPRESENTATION_CONTEXT(3)
GLOBAL_UNCERTAINTY_ASSIGNED_CONTEXT((#9561))
GLOBAL_UNIT_ASSIGNED_CONTEXT((#9565,#9567,#9568))
REPRESENTATION_CONTEXT('','3D')
);
#9564=(
GEOMETRIC_REPRESENTATION_CONTEXT(3)
GLOBAL_UNCERTAINTY_ASSIGNED_CONTEXT((#9562))
GLOBAL_UNIT_ASSIGNED_CONTEXT((#9565,#9567,#9568))
REPRESENTATION_CONTEXT('','3D')
);
#9565=(
LENGTH_UNIT()
NAMED_UNIT(*)
SI_UNIT(.MILLI.,.METRE.)
);
#9566=(
LENGTH_UNIT()
NAMED_UNIT(*)
SI_UNIT($,.METRE.)
);
#9567=(
NAMED_UNIT(*)
PLANE_ANGLE_UNIT()
SI_UNIT($,.RADIAN.)
);
#9568=(
NAMED_UNIT(*)
SI_UNIT($,.STERADIAN.)
SOLID_ANGLE_UNIT()
);
#9569=SHAPE_DEFINITION_REPRESENTATION(#9570,#9571);
#9570=PRODUCT_DEFINITION_SHAPE('',$,#9573);
#9571=SHAPE_REPRESENTATION('',(#3568),#9563);
#9572=PRODUCT_DEFINITION_CONTEXT('part definition',#9577,'design');
#9573=PRODUCT_DEFINITION('2026-09-11-17-57-36-001','Bottom_case',#9574,
#9572);
#9574=PRODUCT_DEFINITION_FORMATION('',$,#9579);
#9575=PRODUCT_RELATED_PRODUCT_CATEGORY('Bottom_case','Bottom_case',(#9579));
#9576=APPLICATION_PROTOCOL_DEFINITION('international standard',
'automotive_design',2009,#9577);
#9577=APPLICATION_CONTEXT(
'Core Data for Automotive Mechanical Design Process');
#9578=PRODUCT_CONTEXT('part definition',#9577,'mechanical');
#9579=PRODUCT('2026-09-11-17-57-36-001','Bottom_case',$,(#9578));
#9580=PRESENTATION_STYLE_ASSIGNMENT((#9581));
#9581=SURFACE_STYLE_USAGE(.BOTH.,#9582);
#9582=SURFACE_SIDE_STYLE('',(#9583));
#9583=SURFACE_STYLE_FILL_AREA(#9584);
#9584=FILL_AREA_STYLE('Acier - Satin\X\E9',(#9585));
#9585=FILL_AREA_STYLE_COLOUR('Acier - Satin\X\E9',#9586);
#9586=COLOUR_RGB('Acier - Satin\X\E9',0.627450980392157,0.627450980392157,
0.627450980392157);
ENDSEC;
END-ISO-10303-21;
